/****CarSales_DB SCRIPT****/
USE CarSales_DB
GO

/***DROP TABLE STATEMENTS - CLEAR TABLES IF ALREADY EXISTING***/
IF OBJECT_ID('dbo.SALESTRANSACTION', 'U') IS NOT NULL  
DROP TABLE SALESTRANSACTION;
IF OBJECT_ID('dbo.TRANSACTIONSTATUS', 'U') IS NOT NULL 
DROP TABLE TRANSACTIONSTATUS;
IF OBJECT_ID('dbo.VEHICLE', 'U') IS NOT NULL 
DROP TABLE VEHICLE;
IF OBJECT_ID('dbo.MODEL', 'U') IS NOT NULL 
DROP TABLE MODEL;
IF OBJECT_ID('dbo.MAKE', 'U') IS NOT NULL 
DROP TABLE MAKE;
IF OBJECT_ID('dbo.CUSTOMER', 'U') IS NOT NULL 
DROP TABLE CUSTOMER;
IF OBJECT_ID('dbo.CUSTOMERSTATUS', 'U') IS NOT NULL 
DROP TABLE CUSTOMERSTATUS;
IF OBJECT_ID('dbo.STAFF', 'U') IS NOT NULL 
DROP TABLE STAFF;
IF OBJECT_ID('dbo.STAFFSTATUS', 'U') IS NOT NULL 
DROP TABLE STAFFSTATUS;
IF OBJECT_ID('dbo.POSITION', 'U') IS NOT NULL 
DROP TABLE POSITION;
IF OBJECT_ID('dbo.BRANCH', 'U') IS NOT NULL 
DROP TABLE BRANCH;
IF OBJECT_ID('dbo.COUNTRY', 'U') IS NOT NULL 
DROP TABLE COUNTRY;
IF OBJECT_ID('dbo.CONTINENT', 'U') IS NOT NULL 
DROP TABLE CONTINENT;


/****CREATE TABLE STATEMENTS***/

/****** Object:  Table CONTINENT    Script Date: 03/15/2022 11:13:15 ******/
CREATE TABLE CONTINENT(
	CONTINENTID int PRIMARY KEY NOT NULL,
	CONTINENT varchar(50) NULL,
	AREA_KM2 numeric(18, 0) NULL,
	POPULATION numeric(18, 0) NULL,
	MOST_POPULOUS_CITY varchar(100) NULL,
	CODES int NULL
)
GO
INSERT CONTINENT (CONTINENTID, CONTINENT, AREA_KM2, POPULATION, MOST_POPULOUS_CITY, CODES) VALUES (1, N'Africa', CAST(30370000 AS Numeric(18, 0)), CAST(1022234000 AS Numeric(18, 0)), N'Lagos, Nigeria ', 72)
INSERT CONTINENT (CONTINENTID, CONTINENT, AREA_KM2, POPULATION, MOST_POPULOUS_CITY, CODES) VALUES (2, N'Asia', CAST(43820000 AS Numeric(18, 0)), CAST(4164252000 AS Numeric(18, 0)), N'Shanghai, China', 45)
INSERT CONTINENT (CONTINENTID, CONTINENT, AREA_KM2, POPULATION, MOST_POPULOUS_CITY, CODES) VALUES (3, N'Antarctica', CAST(13720000 AS Numeric(18, 0)), CAST(4490 AS Numeric(18, 0)), N'McMurdo Station, US ', 29)
INSERT CONTINENT (CONTINENTID, CONTINENT, AREA_KM2, POPULATION, MOST_POPULOUS_CITY, CODES) VALUES (4, N'Australia', CAST(3478200 AS Numeric(18, 0)), CAST(29127000 AS Numeric(18, 0)), N'Sydney, Australia', 40)
INSERT CONTINENT (CONTINENTID, CONTINENT, AREA_KM2, POPULATION, MOST_POPULOUS_CITY, CODES) VALUES (5, N'Europe', CAST(3930000 AS Numeric(18, 0)), CAST(738199000 AS Numeric(18, 0)), N'Moscow, Russia North', 58)
INSERT CONTINENT (CONTINENTID, CONTINENT, AREA_KM2, POPULATION, MOST_POPULOUS_CITY, CODES) VALUES (6, N'North America', CAST(9460000 AS Numeric(18, 0)), CAST(542056000 AS Numeric(18, 0)), N'Mexico City, Mexico South', 20)
INSERT CONTINENT (CONTINENTID, CONTINENT, AREA_KM2, POPULATION, MOST_POPULOUS_CITY, CODES) VALUES (7, N'South America', CAST(6890000 AS Numeric(18, 0)), CAST(392555000 AS Numeric(18, 0)), N'São Paulo, Brazil ', 60)
GO

/****** Object:  Table COUNTRY    Script Date: 03/15/2022 11:13:15 ******/
CREATE TABLE COUNTRY(
	COUNTRYID int PRIMARY KEY NOT NULL,
	COUNTRY varchar(100) NULL,
	CAPITALCITY varchar(100) NULL,
	CONTINENT varchar(50) NULL,
	CONTINENTID int NULL FOREIGN KEY REFERENCES CONTINENT(CONTINENTID),
	ISO2_CODE varchar(10) NULL,
	ISO3_CODE varchar(10) NULL,
	IOC_CODE varchar(10) NULL,
	TLD varchar(10) NULL,
	CURRENCY varchar(50) NULL,
	TEL_CODE varchar(10) NULL,
	ICO image NULL,
	PREFERENCE_ORDER_ID int NULL
)
GO
INSERT COUNTRY (COUNTRYID, COUNTRY, CAPITALCITY, CONTINENT, CONTINENTID, ISO2_CODE, ISO3_CODE, IOC_CODE, TLD, CURRENCY, TEL_CODE, ICO, PREFERENCE_ORDER_ID) VALUES (1, N'Algeria', N'Algier', N'Africa', 1, N'DZ', N'DZA', N'ALG', N'.dz', N'DZD', N'213', NULL, NULL)
INSERT COUNTRY (COUNTRYID, COUNTRY, CAPITALCITY, CONTINENT, CONTINENTID, ISO2_CODE, ISO3_CODE, IOC_CODE, TLD, CURRENCY, TEL_CODE, ICO, PREFERENCE_ORDER_ID) VALUES (2, N'Angola', N'Luanda', N'Africa', 1, N'AO', N'AGO', N'ANG', N'.ao', N'AOA', N'244', NULL, NULL)
INSERT COUNTRY (COUNTRYID, COUNTRY, CAPITALCITY, CONTINENT, CONTINENTID, ISO2_CODE, ISO3_CODE, IOC_CODE, TLD, CURRENCY, TEL_CODE, ICO, PREFERENCE_ORDER_ID) VALUES (3, N'Ascension Island', N'Georgetown', N'Africa', 1, N'AC', N'ASC', NULL, N'.ac', NULL, N'247', NULL, NULL)
INSERT COUNTRY (COUNTRYID, COUNTRY, CAPITALCITY, CONTINENT, CONTINENTID, ISO2_CODE, ISO3_CODE, IOC_CODE, TLD, CURRENCY, TEL_CODE, ICO, PREFERENCE_ORDER_ID) VALUES (4, N'Benin', N'Porto Novo', N'Africa', 1, N'BJ', N'BEN', N'BEN', N'.bj', N'XOF', N'229', NULL, NULL)
INSERT COUNTRY (COUNTRYID, COUNTRY, CAPITALCITY, CONTINENT, CONTINENTID, ISO2_CODE, ISO3_CODE, IOC_CODE, TLD, CURRENCY, TEL_CODE, ICO, PREFERENCE_ORDER_ID) VALUES (5, N'Botswana', N'Gaborone', N'Africa', 1, N'BW', N'BWA', N'BOT', N'.bw', N'BWP', N'267', NULL, NULL)
INSERT COUNTRY (COUNTRYID, COUNTRY, CAPITALCITY, CONTINENT, CONTINENTID, ISO2_CODE, ISO3_CODE, IOC_CODE, TLD, CURRENCY, TEL_CODE, ICO, PREFERENCE_ORDER_ID) VALUES (6, N'Burkina Faso', N'Ouagadougou', N'Africa', 1, N'BF', N'BFA', N'BUR', N'.bf', N'XOF', N'226', NULL, NULL)
INSERT COUNTRY (COUNTRYID, COUNTRY, CAPITALCITY, CONTINENT, CONTINENTID, ISO2_CODE, ISO3_CODE, IOC_CODE, TLD, CURRENCY, TEL_CODE, ICO, PREFERENCE_ORDER_ID) VALUES (7, N'Burundi', N'Bujumbura', N'Africa', 1, N'BI', N'BDI', N'BDI', N'.bi', N'BIF', N'257', NULL, NULL)
INSERT COUNTRY (COUNTRYID, COUNTRY, CAPITALCITY, CONTINENT, CONTINENTID, ISO2_CODE, ISO3_CODE, IOC_CODE, TLD, CURRENCY, TEL_CODE, ICO, PREFERENCE_ORDER_ID) VALUES (8, N'Cameroon', N'Yaoundé', N'Africa', 1, N'CM', N'CMR', N'CMR', N'.cm', N'XAF', N'237', NULL, NULL)
INSERT COUNTRY (COUNTRYID, COUNTRY, CAPITALCITY, CONTINENT, CONTINENTID, ISO2_CODE, ISO3_CODE, IOC_CODE, TLD, CURRENCY, TEL_CODE, ICO, PREFERENCE_ORDER_ID) VALUES (9, N'Cape Verde', N'Praia', N'Africa', 1, N'CV', N'CPV', N'CPV', N'.cv', N'CVE', N'238', NULL, NULL)
INSERT COUNTRY (COUNTRYID, COUNTRY, CAPITALCITY, CONTINENT, CONTINENTID, ISO2_CODE, ISO3_CODE, IOC_CODE, TLD, CURRENCY, TEL_CODE, ICO, PREFERENCE_ORDER_ID) VALUES (10, N'Central African Republic', N'Bangui', N'Africa', 1, N'CF', N'CAF', N'CAF', N'.cf', N'XAF', N'236', NULL, NULL)
INSERT COUNTRY (COUNTRYID, COUNTRY, CAPITALCITY, CONTINENT, CONTINENTID, ISO2_CODE, ISO3_CODE, IOC_CODE, TLD, CURRENCY, TEL_CODE, ICO, PREFERENCE_ORDER_ID) VALUES (11, N'Chad', N'N''Djamena', N'Africa', 1, N'TD', N'TCD', N'CHA', N'.td', N'XAF', N'235', NULL, NULL)
INSERT COUNTRY (COUNTRYID, COUNTRY, CAPITALCITY, CONTINENT, CONTINENTID, ISO2_CODE, ISO3_CODE, IOC_CODE, TLD, CURRENCY, TEL_CODE, ICO, PREFERENCE_ORDER_ID) VALUES (12, N'Comoros', N'Moroni', N'Africa', 1, N'KM', N'COM', N'COM', N'.km', N'KMF', N'269', NULL, NULL)
INSERT COUNTRY (COUNTRYID, COUNTRY, CAPITALCITY, CONTINENT, CONTINENTID, ISO2_CODE, ISO3_CODE, IOC_CODE, TLD, CURRENCY, TEL_CODE, ICO, PREFERENCE_ORDER_ID) VALUES (13, N'Congo', N'Brazzaville', N'Africa', 1, N'CG', N'COG', N'CGO', N'.cg', N'XAF', N'242', NULL, NULL)
INSERT COUNTRY (COUNTRYID, COUNTRY, CAPITALCITY, CONTINENT, CONTINENTID, ISO2_CODE, ISO3_CODE, IOC_CODE, TLD, CURRENCY, TEL_CODE, ICO, PREFERENCE_ORDER_ID) VALUES (14, N'Congo, The Democratic Republic Of The', N'Kinshasa', N'Africa', 1, N'CD', N'COD', N'COD', N'.cd', N'CDF', N'243', NULL, NULL)
INSERT COUNTRY (COUNTRYID, COUNTRY, CAPITALCITY, CONTINENT, CONTINENTID, ISO2_CODE, ISO3_CODE, IOC_CODE, TLD, CURRENCY, TEL_CODE, ICO, PREFERENCE_ORDER_ID) VALUES (15, N'CÔte D''ivoire', N'Yamoussoukro', N'Africa', 1, N'CI', N'CIV', N'CIV', N'.ci', N'XOF', N'225', NULL, NULL)
INSERT COUNTRY (COUNTRYID, COUNTRY, CAPITALCITY, CONTINENT, CONTINENTID, ISO2_CODE, ISO3_CODE, IOC_CODE, TLD, CURRENCY, TEL_CODE, ICO, PREFERENCE_ORDER_ID) VALUES (16, N'Diego Garcia', N'Diego Garcia (Main Island)', N'Africa', 1, N'DG', N'DGA', NULL, NULL, NULL, N'246', NULL, NULL)
INSERT COUNTRY (COUNTRYID, COUNTRY, CAPITALCITY, CONTINENT, CONTINENTID, ISO2_CODE, ISO3_CODE, IOC_CODE, TLD, CURRENCY, TEL_CODE, ICO, PREFERENCE_ORDER_ID) VALUES (17, N'Djibouti', N'Djibouti City', N'Africa', 1, N'DJ', N'DJI', N'DJI', N'.dj', N'DJF', N'253', NULL, NULL)
INSERT COUNTRY (COUNTRYID, COUNTRY, CAPITALCITY, CONTINENT, CONTINENTID, ISO2_CODE, ISO3_CODE, IOC_CODE, TLD, CURRENCY, TEL_CODE, ICO, PREFERENCE_ORDER_ID) VALUES (18, N'Egypt', N'Kairo', N'Africa', 1, N'EG', N'EGY', N'EGY', N'.eg', N'EGP', N'20', NULL, NULL)
INSERT COUNTRY (COUNTRYID, COUNTRY, CAPITALCITY, CONTINENT, CONTINENTID, ISO2_CODE, ISO3_CODE, IOC_CODE, TLD, CURRENCY, TEL_CODE, ICO, PREFERENCE_ORDER_ID) VALUES (19, N'Equatorial Guinea', N'Malabo', N'Africa', 1, N'GQ', N'GNQ', N'GEQ', N'.gq', N'XAF', N'240', NULL, NULL)
INSERT COUNTRY (COUNTRYID, COUNTRY, CAPITALCITY, CONTINENT, CONTINENTID, ISO2_CODE, ISO3_CODE, IOC_CODE, TLD, CURRENCY, TEL_CODE, ICO, PREFERENCE_ORDER_ID) VALUES (20, N'Eritrea', N'Asmara (Asmera)', N'Africa', 1, N'ER', N'ERI', N'ERI', N'.er', N'ERN', N'291', NULL, NULL)
INSERT COUNTRY (COUNTRYID, COUNTRY, CAPITALCITY, CONTINENT, CONTINENTID, ISO2_CODE, ISO3_CODE, IOC_CODE, TLD, CURRENCY, TEL_CODE, ICO, PREFERENCE_ORDER_ID) VALUES (21, N'Ethiopia', N'Addis Abeba', N'Africa', 1, N'ET', N'ETH', N'ETH', N'.et', N'ETB', N'251', NULL, NULL)
INSERT COUNTRY (COUNTRYID, COUNTRY, CAPITALCITY, CONTINENT, CONTINENTID, ISO2_CODE, ISO3_CODE, IOC_CODE, TLD, CURRENCY, TEL_CODE, ICO, PREFERENCE_ORDER_ID) VALUES (22, N'Falkland Islands (malvinas)', N'Port Stanley', N'Africa', 1, N'FK', N'FLK', NULL, N'.fk', N'FLP', N'500', NULL, NULL)
INSERT COUNTRY (COUNTRYID, COUNTRY, CAPITALCITY, CONTINENT, CONTINENTID, ISO2_CODE, ISO3_CODE, IOC_CODE, TLD, CURRENCY, TEL_CODE, ICO, PREFERENCE_ORDER_ID) VALUES (23, N'Gabon', N'Libreville', N'Africa', 1, N'GA', N'GAB', N'GAB', N'.ga', N'XAF', N'241', NULL, NULL)
INSERT COUNTRY (COUNTRYID, COUNTRY, CAPITALCITY, CONTINENT, CONTINENTID, ISO2_CODE, ISO3_CODE, IOC_CODE, TLD, CURRENCY, TEL_CODE, ICO, PREFERENCE_ORDER_ID) VALUES (24, N'Ghana', N'Accra', N'Africa', 1, N'GH', N'GHA', N'GHA', N'.gh', N'GHC', N'233', NULL, NULL)
INSERT COUNTRY (COUNTRYID, COUNTRY, CAPITALCITY, CONTINENT, CONTINENTID, ISO2_CODE, ISO3_CODE, IOC_CODE, TLD, CURRENCY, TEL_CODE, ICO, PREFERENCE_ORDER_ID) VALUES (25, N'Gibraltar', N'Gibraltar (Stadt)', N'Africa', 1, N'GI', N'GIB', NULL, N'.gi', N'GIP', N'350', NULL, NULL)
INSERT COUNTRY (COUNTRYID, COUNTRY, CAPITALCITY, CONTINENT, CONTINENTID, ISO2_CODE, ISO3_CODE, IOC_CODE, TLD, CURRENCY, TEL_CODE, ICO, PREFERENCE_ORDER_ID) VALUES (26, N'Guinea', N'Conakry', N'Africa', 1, N'GN', N'GIN', N'GUI', N'.gn', N'GNF', N'224', NULL, NULL)
INSERT COUNTRY (COUNTRYID, COUNTRY, CAPITALCITY, CONTINENT, CONTINENTID, ISO2_CODE, ISO3_CODE, IOC_CODE, TLD, CURRENCY, TEL_CODE, ICO, PREFERENCE_ORDER_ID) VALUES (27, N'Guinea-Bissau', N'Bissau', N'Africa', 1, N'GW', N'GNB', N'GBS', N'.gw', N'XOF', N'245', NULL, NULL)
INSERT COUNTRY (COUNTRYID, COUNTRY, CAPITALCITY, CONTINENT, CONTINENTID, ISO2_CODE, ISO3_CODE, IOC_CODE, TLD, CURRENCY, TEL_CODE, ICO, PREFERENCE_ORDER_ID) VALUES (28, N'Kenya', N'Nairobi', N'Africa', 1, N'KE', N'KEN', N'KEN', N'.ke', N'KES', N'254', NULL, NULL)
INSERT COUNTRY (COUNTRYID, COUNTRY, CAPITALCITY, CONTINENT, CONTINENTID, ISO2_CODE, ISO3_CODE, IOC_CODE, TLD, CURRENCY, TEL_CODE, ICO, PREFERENCE_ORDER_ID) VALUES (29, N'Lesotho', N'Maseru', N'Africa', 1, N'LS', N'LSO', N'LES', N'.ls', N'LSL', N'266', NULL, NULL)
INSERT COUNTRY (COUNTRYID, COUNTRY, CAPITALCITY, CONTINENT, CONTINENTID, ISO2_CODE, ISO3_CODE, IOC_CODE, TLD, CURRENCY, TEL_CODE, ICO, PREFERENCE_ORDER_ID) VALUES (30, N'Liberia', N'Monrovia', N'Africa', 1, N'LR', N'LBR', N'LBR', N'.lr', N'LRD', N'231', NULL, NULL)
INSERT COUNTRY (COUNTRYID, COUNTRY, CAPITALCITY, CONTINENT, CONTINENTID, ISO2_CODE, ISO3_CODE, IOC_CODE, TLD, CURRENCY, TEL_CODE, ICO, PREFERENCE_ORDER_ID) VALUES (31, N'Libya', N'Tripolis', N'Africa', 1, N'LY', N'LBY', N'LBA', N'.ly', N'LYD', N'218', NULL, NULL)
INSERT COUNTRY (COUNTRYID, COUNTRY, CAPITALCITY, CONTINENT, CONTINENTID, ISO2_CODE, ISO3_CODE, IOC_CODE, TLD, CURRENCY, TEL_CODE, ICO, PREFERENCE_ORDER_ID) VALUES (32, N'Madagascar', N'Antananarivo', N'Africa', 1, N'MG', N'MDG', N'MAD', N'.mg', N'MGA', N'261', NULL, NULL)
INSERT COUNTRY (COUNTRYID, COUNTRY, CAPITALCITY, CONTINENT, CONTINENTID, ISO2_CODE, ISO3_CODE, IOC_CODE, TLD, CURRENCY, TEL_CODE, ICO, PREFERENCE_ORDER_ID) VALUES (33, N'Malawi', N'Lilongwe', N'Africa', 1, N'MW', N'MWI', N'MAW', N'.mw', N'MWK', N'265', NULL, NULL)
INSERT COUNTRY (COUNTRYID, COUNTRY, CAPITALCITY, CONTINENT, CONTINENTID, ISO2_CODE, ISO3_CODE, IOC_CODE, TLD, CURRENCY, TEL_CODE, ICO, PREFERENCE_ORDER_ID) VALUES (34, N'Mali', N'Bamako', N'Africa', 1, N'ML', N'MLI', N'MLI', N'.ml', N'XOF', N'223', NULL, NULL)
INSERT COUNTRY (COUNTRYID, COUNTRY, CAPITALCITY, CONTINENT, CONTINENTID, ISO2_CODE, ISO3_CODE, IOC_CODE, TLD, CURRENCY, TEL_CODE, ICO, PREFERENCE_ORDER_ID) VALUES (35, N'Mauritania', N'Nouakchott', N'Africa', 1, N'MR', N'MRT', N'MTN', N'.mr', N'MRO', N'222', NULL, NULL)
INSERT COUNTRY (COUNTRYID, COUNTRY, CAPITALCITY, CONTINENT, CONTINENTID, ISO2_CODE, ISO3_CODE, IOC_CODE, TLD, CURRENCY, TEL_CODE, ICO, PREFERENCE_ORDER_ID) VALUES (36, N'Mauritius', N'Port Louis', N'Africa', 1, N'MU', N'MUS', N'MRI', N'.mu', N'MUR', N'230', NULL, NULL)
INSERT COUNTRY (COUNTRYID, COUNTRY, CAPITALCITY, CONTINENT, CONTINENTID, ISO2_CODE, ISO3_CODE, IOC_CODE, TLD, CURRENCY, TEL_CODE, ICO, PREFERENCE_ORDER_ID) VALUES (37, N'Mayotte', N'Mamoudzou', N'Africa', 1, N'YT', N'MYT', NULL, N'.yt', N'EUR', N'269', NULL, NULL)
INSERT COUNTRY (COUNTRYID, COUNTRY, CAPITALCITY, CONTINENT, CONTINENTID, ISO2_CODE, ISO3_CODE, IOC_CODE, TLD, CURRENCY, TEL_CODE, ICO, PREFERENCE_ORDER_ID) VALUES (38, N'Morocco', N'Rabat', N'Africa', 1, N'MA', N'MAR', N'MAR', N'.ma', N'MAD', N'211', NULL, NULL)
INSERT COUNTRY (COUNTRYID, COUNTRY, CAPITALCITY, CONTINENT, CONTINENTID, ISO2_CODE, ISO3_CODE, IOC_CODE, TLD, CURRENCY, TEL_CODE, ICO, PREFERENCE_ORDER_ID) VALUES (39, N'Mozambique', N'Maputo', N'Africa', 1, N'MZ', N'MOZ', N'MOZ', N'.mz', N'MZM', N'258', NULL, NULL)
INSERT COUNTRY (COUNTRYID, COUNTRY, CAPITALCITY, CONTINENT, CONTINENTID, ISO2_CODE, ISO3_CODE, IOC_CODE, TLD, CURRENCY, TEL_CODE, ICO, PREFERENCE_ORDER_ID) VALUES (40, N'Namibia', N'Windhoek', N'Africa', 1, N'NA', N'NAM', N'NAM', N'.na', N'ZAR', N'264', NULL, NULL)
INSERT COUNTRY (COUNTRYID, COUNTRY, CAPITALCITY, CONTINENT, CONTINENTID, ISO2_CODE, ISO3_CODE, IOC_CODE, TLD, CURRENCY, TEL_CODE, ICO, PREFERENCE_ORDER_ID) VALUES (41, N'Niger', N'Niamey', N'Africa', 1, N'NE', N'NER', N'NIG', N'.ne', N'XOF', N'227', NULL, NULL)
INSERT COUNTRY (COUNTRYID, COUNTRY, CAPITALCITY, CONTINENT, CONTINENTID, ISO2_CODE, ISO3_CODE, IOC_CODE, TLD, CURRENCY, TEL_CODE, ICO, PREFERENCE_ORDER_ID) VALUES (42, N'Nigeria', N'Abuja', N'Africa', 1, N'NG', N'NGA', N'NGR', N'.ng', N'NGN', N'234', NULL, NULL)
INSERT COUNTRY (COUNTRYID, COUNTRY, CAPITALCITY, CONTINENT, CONTINENTID, ISO2_CODE, ISO3_CODE, IOC_CODE, TLD, CURRENCY, TEL_CODE, ICO, PREFERENCE_ORDER_ID) VALUES (43, N'RÉunion', N'Saint-Denis', N'Africa', 1, N'RE', N'REU', NULL, N'.re', N'EUR', N'262', NULL, NULL)
INSERT COUNTRY (COUNTRYID, COUNTRY, CAPITALCITY, CONTINENT, CONTINENTID, ISO2_CODE, ISO3_CODE, IOC_CODE, TLD, CURRENCY, TEL_CODE, ICO, PREFERENCE_ORDER_ID) VALUES (44, N'Rwanda', N'Kigali', N'Africa', 1, N'RW', N'RWA', N'RWA', N'.rw', N'RWF', N'250', NULL, NULL)
INSERT COUNTRY (COUNTRYID, COUNTRY, CAPITALCITY, CONTINENT, CONTINENTID, ISO2_CODE, ISO3_CODE, IOC_CODE, TLD, CURRENCY, TEL_CODE, ICO, PREFERENCE_ORDER_ID) VALUES (45, N'Saint Helena', N'Jamestown', N'Africa', 1, N'SH', N'SHN', NULL, N'.sh', N'SHP', N'290', NULL, NULL)
INSERT COUNTRY (COUNTRYID, COUNTRY, CAPITALCITY, CONTINENT, CONTINENTID, ISO2_CODE, ISO3_CODE, IOC_CODE, TLD, CURRENCY, TEL_CODE, ICO, PREFERENCE_ORDER_ID) VALUES (46, N'Sao Tome And Principe', N'São Tomé', N'Africa', 1, N'ST', N'STP', N'STP', N'.st', N'STD', N'239', NULL, NULL)
INSERT COUNTRY (COUNTRYID, COUNTRY, CAPITALCITY, CONTINENT, CONTINENTID, ISO2_CODE, ISO3_CODE, IOC_CODE, TLD, CURRENCY, TEL_CODE, ICO, PREFERENCE_ORDER_ID) VALUES (47, N'Senegal', N'Dakar', N'Africa', 1, N'SN', N'SEN', N'SEN', N'.sn', N'XOF', N'221', NULL, NULL)
INSERT COUNTRY (COUNTRYID, COUNTRY, CAPITALCITY, CONTINENT, CONTINENTID, ISO2_CODE, ISO3_CODE, IOC_CODE, TLD, CURRENCY, TEL_CODE, ICO, PREFERENCE_ORDER_ID) VALUES (48, N'Seychelles', N'Victoria', N'Africa', 1, N'SC', N'SYC', N'SEY', N'.sc', N'SCR', N'248', NULL, NULL)
INSERT COUNTRY (COUNTRYID, COUNTRY, CAPITALCITY, CONTINENT, CONTINENTID, ISO2_CODE, ISO3_CODE, IOC_CODE, TLD, CURRENCY, TEL_CODE, ICO, PREFERENCE_ORDER_ID) VALUES (49, N'Sierra Leone', N'Freetown', N'Africa', 1, N'SL', N'SLE', N'SLE', N'.sl', N'SLL', N'232', NULL, NULL)
INSERT COUNTRY (COUNTRYID, COUNTRY, CAPITALCITY, CONTINENT, CONTINENTID, ISO2_CODE, ISO3_CODE, IOC_CODE, TLD, CURRENCY, TEL_CODE, ICO, PREFERENCE_ORDER_ID) VALUES (50, N'Somalia', N'Mogadischu', N'Africa', 1, N'SO', N'SOM', N'SOM', N'.so', N'SOS', N'252', NULL, NULL)
INSERT COUNTRY (COUNTRYID, COUNTRY, CAPITALCITY, CONTINENT, CONTINENTID, ISO2_CODE, ISO3_CODE, IOC_CODE, TLD, CURRENCY, TEL_CODE, ICO, PREFERENCE_ORDER_ID) VALUES (51, N'South Africa', N'Pretoria', N'Africa', 1, N'ZA', N'ZAF', N'RSA', N'.za', N'ZAR', N'27', NULL, NULL)
INSERT COUNTRY (COUNTRYID, COUNTRY, CAPITALCITY, CONTINENT, CONTINENTID, ISO2_CODE, ISO3_CODE, IOC_CODE, TLD, CURRENCY, TEL_CODE, ICO, PREFERENCE_ORDER_ID) VALUES (52, N'Sudan', N'Khartum', N'Africa', 1, N'SD', N'SDN', N'SUD', N'.sd', N'SDD', N'249', NULL, NULL)
INSERT COUNTRY (COUNTRYID, COUNTRY, CAPITALCITY, CONTINENT, CONTINENTID, ISO2_CODE, ISO3_CODE, IOC_CODE, TLD, CURRENCY, TEL_CODE, ICO, PREFERENCE_ORDER_ID) VALUES (53, N'Swaziland', N'Mbabane', N'Africa', 1, N'SZ', N'SWZ', N'SWZ', N'.sz', N'SZL', N'268', NULL, NULL)
INSERT COUNTRY (COUNTRYID, COUNTRY, CAPITALCITY, CONTINENT, CONTINENTID, ISO2_CODE, ISO3_CODE, IOC_CODE, TLD, CURRENCY, TEL_CODE, ICO, PREFERENCE_ORDER_ID) VALUES (54, N'Tanzania, United Republic Of', N'Dodoma', N'Africa', 1, N'TZ', N'TZA', N'TAN', N'.tz', N'TZS', N'255', NULL, NULL)
INSERT COUNTRY (COUNTRYID, COUNTRY, CAPITALCITY, CONTINENT, CONTINENTID, ISO2_CODE, ISO3_CODE, IOC_CODE, TLD, CURRENCY, TEL_CODE, ICO, PREFERENCE_ORDER_ID) VALUES (55, N'The Gambia', N'Banjul', N'Africa', 1, N'GM', N'GMB', N'GAM', N'.gm', N'GMD', N'220', NULL, NULL)
INSERT COUNTRY (COUNTRYID, COUNTRY, CAPITALCITY, CONTINENT, CONTINENTID, ISO2_CODE, ISO3_CODE, IOC_CODE, TLD, CURRENCY, TEL_CODE, ICO, PREFERENCE_ORDER_ID) VALUES (56, N'Togo', N'Lomé', N'Africa', 1, N'TG', N'TGO', N'TOG', N'.tg', N'XOF', N'228', NULL, NULL)
INSERT COUNTRY (COUNTRYID, COUNTRY, CAPITALCITY, CONTINENT, CONTINENTID, ISO2_CODE, ISO3_CODE, IOC_CODE, TLD, CURRENCY, TEL_CODE, ICO, PREFERENCE_ORDER_ID) VALUES (57, N'Tristan da Cunha', N'Jamestown', N'Africa', 1, N'TA', N'TAA', NULL, NULL, NULL, N'290', NULL, NULL)
INSERT COUNTRY (COUNTRYID, COUNTRY, CAPITALCITY, CONTINENT, CONTINENTID, ISO2_CODE, ISO3_CODE, IOC_CODE, TLD, CURRENCY, TEL_CODE, ICO, PREFERENCE_ORDER_ID) VALUES (58, N'Tunisia', N'Tunis', N'Africa', 1, N'TN', N'TUN', N'TUN', N'.tn', N'TND', N'216', NULL, NULL)
INSERT COUNTRY (COUNTRYID, COUNTRY, CAPITALCITY, CONTINENT, CONTINENTID, ISO2_CODE, ISO3_CODE, IOC_CODE, TLD, CURRENCY, TEL_CODE, ICO, PREFERENCE_ORDER_ID) VALUES (59, N'Uganda', N'Kampala', N'Africa', 1, N'UG', N'UGA', N'UGA', N'.ug', N'UGX', N'256', NULL, NULL)
INSERT COUNTRY (COUNTRYID, COUNTRY, CAPITALCITY, CONTINENT, CONTINENTID, ISO2_CODE, ISO3_CODE, IOC_CODE, TLD, CURRENCY, TEL_CODE, ICO, PREFERENCE_ORDER_ID) VALUES (60, N'Western Sahara', N'El Aaiún', N'Africa', 1, N'EH', N'ESH', NULL, N'.eh', N'MAD', NULL, NULL, NULL)
INSERT COUNTRY (COUNTRYID, COUNTRY, CAPITALCITY, CONTINENT, CONTINENTID, ISO2_CODE, ISO3_CODE, IOC_CODE, TLD, CURRENCY, TEL_CODE, ICO, PREFERENCE_ORDER_ID) VALUES (61, N'Zambia', N'Lusaka', N'Africa', 1, N'ZM', N'ZMB', N'ZAM', N'.zm', N'ZMK', N'260', NULL, NULL)
INSERT COUNTRY (COUNTRYID, COUNTRY, CAPITALCITY, CONTINENT, CONTINENTID, ISO2_CODE, ISO3_CODE, IOC_CODE, TLD, CURRENCY, TEL_CODE, ICO, PREFERENCE_ORDER_ID) VALUES (62, N'Zimbabwe', N'Harare', N'Africa', 1, N'ZW', N'ZWE', N'ZIM', N'.zw', N'ZWD', N'263', NULL, NULL)
INSERT COUNTRY (COUNTRYID, COUNTRY, CAPITALCITY, CONTINENT, CONTINENTID, ISO2_CODE, ISO3_CODE, IOC_CODE, TLD, CURRENCY, TEL_CODE, ICO, PREFERENCE_ORDER_ID) VALUES (63, N'Afghanistan', N'Kabul', N'Asia', 2, N'AF', N'AFG', N'AFG', N'.af', N'AFN', N'93', NULL, NULL)
INSERT COUNTRY (COUNTRYID, COUNTRY, CAPITALCITY, CONTINENT, CONTINENTID, ISO2_CODE, ISO3_CODE, IOC_CODE, TLD, CURRENCY, TEL_CODE, ICO, PREFERENCE_ORDER_ID) VALUES (64, N'Armenia', N'Eriwan', N'Asia', 2, N'AM', N'ARM', N'ARM', N'.am', N'AMD', N'374', NULL, NULL)
INSERT COUNTRY (COUNTRYID, COUNTRY, CAPITALCITY, CONTINENT, CONTINENTID, ISO2_CODE, ISO3_CODE, IOC_CODE, TLD, CURRENCY, TEL_CODE, ICO, PREFERENCE_ORDER_ID) VALUES (65, N'Azerbaijan', N'Baku', N'Asia', 2, N'AZ', N'AZE', N'AZE', N'.az', N'AZN', N'994', NULL, NULL)
INSERT COUNTRY (COUNTRYID, COUNTRY, CAPITALCITY, CONTINENT, CONTINENTID, ISO2_CODE, ISO3_CODE, IOC_CODE, TLD, CURRENCY, TEL_CODE, ICO, PREFERENCE_ORDER_ID) VALUES (66, N'Bahrain', N'Manama', N'Asia', 2, N'BH', N'BHR', N'BRN', N'.bh', N'BHD', N'973', NULL, NULL)
INSERT COUNTRY (COUNTRYID, COUNTRY, CAPITALCITY, CONTINENT, CONTINENTID, ISO2_CODE, ISO3_CODE, IOC_CODE, TLD, CURRENCY, TEL_CODE, ICO, PREFERENCE_ORDER_ID) VALUES (67, N'Bangladesh', N'Dhaka', N'Asia', 2, N'BD', N'BGD', N'BAN', N'.bd', N'BDT', N'880', NULL, NULL)
INSERT COUNTRY (COUNTRYID, COUNTRY, CAPITALCITY, CONTINENT, CONTINENTID, ISO2_CODE, ISO3_CODE, IOC_CODE, TLD, CURRENCY, TEL_CODE, ICO, PREFERENCE_ORDER_ID) VALUES (68, N'Bhutan', N'Thimphu', N'Asia', 2, N'BT', N'BTN', N'BHU', N'.bt', N'BTN', N'975', NULL, NULL)
INSERT COUNTRY (COUNTRYID, COUNTRY, CAPITALCITY, CONTINENT, CONTINENTID, ISO2_CODE, ISO3_CODE, IOC_CODE, TLD, CURRENCY, TEL_CODE, ICO, PREFERENCE_ORDER_ID) VALUES (69, N'British Indian Ocean Territory', N'-/-', N'Asia', 2, N'IO', N'IOT', NULL, N'.io', N'USD', NULL, NULL, NULL)
INSERT COUNTRY (COUNTRYID, COUNTRY, CAPITALCITY, CONTINENT, CONTINENTID, ISO2_CODE, ISO3_CODE, IOC_CODE, TLD, CURRENCY, TEL_CODE, ICO, PREFERENCE_ORDER_ID) VALUES (70, N'Brunei Darussalam', N'Bandar Seri Begawan', N'Asia', 2, N'BN', N'BRN', N'BRU', N'.bn', N'BND', N'673', NULL, NULL)
INSERT COUNTRY (COUNTRYID, COUNTRY, CAPITALCITY, CONTINENT, CONTINENTID, ISO2_CODE, ISO3_CODE, IOC_CODE, TLD, CURRENCY, TEL_CODE, ICO, PREFERENCE_ORDER_ID) VALUES (71, N'Burma', N'Rangun', N'Asia', 2, N'MM', N'MMR', N'MYA', N'.mm', N'MMK', N'95', NULL, NULL)
INSERT COUNTRY (COUNTRYID, COUNTRY, CAPITALCITY, CONTINENT, CONTINENTID, ISO2_CODE, ISO3_CODE, IOC_CODE, TLD, CURRENCY, TEL_CODE, ICO, PREFERENCE_ORDER_ID) VALUES (72, N'Cambodia', N'Phnom Penh', N'Asia', 2, N'KH', N'KHM', N'CAM', N'.kh', N'KHR', N'855', NULL, NULL)
INSERT COUNTRY (COUNTRYID, COUNTRY, CAPITALCITY, CONTINENT, CONTINENTID, ISO2_CODE, ISO3_CODE, IOC_CODE, TLD, CURRENCY, TEL_CODE, ICO, PREFERENCE_ORDER_ID) VALUES (73, N'China', N'Peking (Beijing)', N'Asia', 2, N'CN', N'CHN', N'CHN', N'.cn', N'CNY', N'86', NULL, NULL)
INSERT COUNTRY (COUNTRYID, COUNTRY, CAPITALCITY, CONTINENT, CONTINENTID, ISO2_CODE, ISO3_CODE, IOC_CODE, TLD, CURRENCY, TEL_CODE, ICO, PREFERENCE_ORDER_ID) VALUES (74, N'Christmas Island', N'Flying Fish Cove', N'Asia', 2, N'CX', N'CXR', NULL, N'.cx', N'AUD', N'61', NULL, NULL)
INSERT COUNTRY (COUNTRYID, COUNTRY, CAPITALCITY, CONTINENT, CONTINENTID, ISO2_CODE, ISO3_CODE, IOC_CODE, TLD, CURRENCY, TEL_CODE, ICO, PREFERENCE_ORDER_ID) VALUES (75, N'Cocos (keeling) Islands', N'West Island', N'Asia', 2, N'CC', N'CCK', NULL, N'.cc', N'AUD', NULL, NULL, NULL)
INSERT COUNTRY (COUNTRYID, COUNTRY, CAPITALCITY, CONTINENT, CONTINENTID, ISO2_CODE, ISO3_CODE, IOC_CODE, TLD, CURRENCY, TEL_CODE, ICO, PREFERENCE_ORDER_ID) VALUES (76, N'Cyprus', N'Nikosia', N'Asia', 2, N'CY', N'CYP', N'CYP', N'.cy', N'CYP', N'357', NULL, NULL)
INSERT COUNTRY (COUNTRYID, COUNTRY, CAPITALCITY, CONTINENT, CONTINENTID, ISO2_CODE, ISO3_CODE, IOC_CODE, TLD, CURRENCY, TEL_CODE, ICO, PREFERENCE_ORDER_ID) VALUES (77, N'Guam', N'Hagåtña', N'Asia', 2, N'GU', N'GUM', N'GUM', N'.gu', N'USD', N'1671', NULL, NULL)
INSERT COUNTRY (COUNTRYID, COUNTRY, CAPITALCITY, CONTINENT, CONTINENTID, ISO2_CODE, ISO3_CODE, IOC_CODE, TLD, CURRENCY, TEL_CODE, ICO, PREFERENCE_ORDER_ID) VALUES (78, N'Hong Kong', N'-/-', N'Asia', 2, N'HK', N'HKG', N'HKG', N'.hk', N'HNL', N'852', NULL, NULL)
INSERT COUNTRY (COUNTRYID, COUNTRY, CAPITALCITY, CONTINENT, CONTINENTID, ISO2_CODE, ISO3_CODE, IOC_CODE, TLD, CURRENCY, TEL_CODE, ICO, PREFERENCE_ORDER_ID) VALUES (79, N'India', N'Neu-Delhi', N'Asia', 2, N'IN', N'IND', N'IND', N'.in', N'ISK', N'91', NULL, NULL)
INSERT COUNTRY (COUNTRYID, COUNTRY, CAPITALCITY, CONTINENT, CONTINENTID, ISO2_CODE, ISO3_CODE, IOC_CODE, TLD, CURRENCY, TEL_CODE, ICO, PREFERENCE_ORDER_ID) VALUES (80, N'Indonesia', N'Jakarta', N'Asia', 2, N'ID', N'IDN', N'INA', N'.id', N'INR', N'62', NULL, NULL)
INSERT COUNTRY (COUNTRYID, COUNTRY, CAPITALCITY, CONTINENT, CONTINENTID, ISO2_CODE, ISO3_CODE, IOC_CODE, TLD, CURRENCY, TEL_CODE, ICO, PREFERENCE_ORDER_ID) VALUES (81, N'Iran', N'Teheran', N'Asia', 2, N'IR', N'IRN', N'IRI', N'.ir', N'IRR', N'98', NULL, NULL)
INSERT COUNTRY (COUNTRYID, COUNTRY, CAPITALCITY, CONTINENT, CONTINENTID, ISO2_CODE, ISO3_CODE, IOC_CODE, TLD, CURRENCY, TEL_CODE, ICO, PREFERENCE_ORDER_ID) VALUES (82, N'Iraq', N'Bagdad', N'Asia', 2, N'IQ', N'IRQ', N'IRQ', N'.iq', N'IDR', N'964', NULL, NULL)
INSERT COUNTRY (COUNTRYID, COUNTRY, CAPITALCITY, CONTINENT, CONTINENTID, ISO2_CODE, ISO3_CODE, IOC_CODE, TLD, CURRENCY, TEL_CODE, ICO, PREFERENCE_ORDER_ID) VALUES (83, N'Israel', N'Jerusalem', N'Asia', 2, N'IL', N'ISR', N'ISR', N'.il', N'ILS', N'972', NULL, NULL)
INSERT COUNTRY (COUNTRYID, COUNTRY, CAPITALCITY, CONTINENT, CONTINENTID, ISO2_CODE, ISO3_CODE, IOC_CODE, TLD, CURRENCY, TEL_CODE, ICO, PREFERENCE_ORDER_ID) VALUES (84, N'Japan', N'Tokio', N'Asia', 2, N'JP', N'JPN', N'JPN', N'.jp', N'JPY', N'81', NULL, NULL)
INSERT COUNTRY (COUNTRYID, COUNTRY, CAPITALCITY, CONTINENT, CONTINENTID, ISO2_CODE, ISO3_CODE, IOC_CODE, TLD, CURRENCY, TEL_CODE, ICO, PREFERENCE_ORDER_ID) VALUES (85, N'Jordan', N'Amman', N'Asia', 2, N'JO', N'JOR', N'JOR', N'.jo', N'JOD', N'962', NULL, NULL)
INSERT COUNTRY (COUNTRYID, COUNTRY, CAPITALCITY, CONTINENT, CONTINENTID, ISO2_CODE, ISO3_CODE, IOC_CODE, TLD, CURRENCY, TEL_CODE, ICO, PREFERENCE_ORDER_ID) VALUES (86, N'Kazakhstan', N'Astana', N'Asia', 2, N'KZ', N'KAZ', N'KAZ', N'.kz', N'KZT', N'7', NULL, NULL)
INSERT COUNTRY (COUNTRYID, COUNTRY, CAPITALCITY, CONTINENT, CONTINENTID, ISO2_CODE, ISO3_CODE, IOC_CODE, TLD, CURRENCY, TEL_CODE, ICO, PREFERENCE_ORDER_ID) VALUES (87, N'Kuwait', N'Kuwait', N'Asia', 2, N'KW', N'KWT', N'KUW', N'.kw', N'KWD', N'965', NULL, NULL)
INSERT COUNTRY (COUNTRYID, COUNTRY, CAPITALCITY, CONTINENT, CONTINENTID, ISO2_CODE, ISO3_CODE, IOC_CODE, TLD, CURRENCY, TEL_CODE, ICO, PREFERENCE_ORDER_ID) VALUES (88, N'Kyrgyzstan', N'Bischkek', N'Asia', 2, N'KG', N'KGZ', N'KGZ', N'.kg', N'KGS', N'996', NULL, NULL)
INSERT COUNTRY (COUNTRYID, COUNTRY, CAPITALCITY, CONTINENT, CONTINENTID, ISO2_CODE, ISO3_CODE, IOC_CODE, TLD, CURRENCY, TEL_CODE, ICO, PREFERENCE_ORDER_ID) VALUES (89, N'Lao People''s Democratic Republic', N'Vientiane', N'Asia', 2, N'LA', N'LAO', N'LAO', N'.la', N'LAK', N'856', NULL, NULL)
INSERT COUNTRY (COUNTRYID, COUNTRY, CAPITALCITY, CONTINENT, CONTINENTID, ISO2_CODE, ISO3_CODE, IOC_CODE, TLD, CURRENCY, TEL_CODE, ICO, PREFERENCE_ORDER_ID) VALUES (90, N'Lebanon', N'Beirut', N'Asia', 2, N'LB', N'LBN', N'LIB', N'.lb', N'LBP', N'961', NULL, NULL)
INSERT COUNTRY (COUNTRYID, COUNTRY, CAPITALCITY, CONTINENT, CONTINENTID, ISO2_CODE, ISO3_CODE, IOC_CODE, TLD, CURRENCY, TEL_CODE, ICO, PREFERENCE_ORDER_ID) VALUES (91, N'Macao', N'-/-', N'Asia', 2, N'MO', N'MAC', NULL, N'.mo', N'MOP', N'853', NULL, NULL)
INSERT COUNTRY (COUNTRYID, COUNTRY, CAPITALCITY, CONTINENT, CONTINENTID, ISO2_CODE, ISO3_CODE, IOC_CODE, TLD, CURRENCY, TEL_CODE, ICO, PREFERENCE_ORDER_ID) VALUES (92, N'Malaysia', N'Kuala Lumpur', N'Asia', 2, N'MY', N'MYS', N'MAS', N'.my', N'MYR', N'60', NULL, NULL)
INSERT COUNTRY (COUNTRYID, COUNTRY, CAPITALCITY, CONTINENT, CONTINENTID, ISO2_CODE, ISO3_CODE, IOC_CODE, TLD, CURRENCY, TEL_CODE, ICO, PREFERENCE_ORDER_ID) VALUES (93, N'Maldives', N'Malé', N'Asia', 2, N'MV', N'MDV', N'MDV', N'.mv', N'MVR', N'960', NULL, NULL)
INSERT COUNTRY (COUNTRYID, COUNTRY, CAPITALCITY, CONTINENT, CONTINENTID, ISO2_CODE, ISO3_CODE, IOC_CODE, TLD, CURRENCY, TEL_CODE, ICO, PREFERENCE_ORDER_ID) VALUES (94, N'Mongolia', N'Ulaanbaatar', N'Asia', 2, N'MN', N'MNG', N'MGL', N'.mn', N'MNT', N'976', NULL, NULL)
INSERT COUNTRY (COUNTRYID, COUNTRY, CAPITALCITY, CONTINENT, CONTINENTID, ISO2_CODE, ISO3_CODE, IOC_CODE, TLD, CURRENCY, TEL_CODE, ICO, PREFERENCE_ORDER_ID) VALUES (95, N'Nepal', N'Kathmandu', N'Asia', 2, N'NP', N'NPL', N'NEP', N'.np', N'NPR', N'977', NULL, NULL)
INSERT COUNTRY (COUNTRYID, COUNTRY, CAPITALCITY, CONTINENT, CONTINENTID, ISO2_CODE, ISO3_CODE, IOC_CODE, TLD, CURRENCY, TEL_CODE, ICO, PREFERENCE_ORDER_ID) VALUES (96, N'North Korea', N'Pjöngjang', N'Asia', 2, N'KP', N'PRK', N'PRK', N'.kp', N'KPW', N'850', NULL, NULL)
INSERT COUNTRY (COUNTRYID, COUNTRY, CAPITALCITY, CONTINENT, CONTINENTID, ISO2_CODE, ISO3_CODE, IOC_CODE, TLD, CURRENCY, TEL_CODE, ICO, PREFERENCE_ORDER_ID) VALUES (97, N'Oman', N'Maskat', N'Asia', 2, N'OM', N'OMN', N'OMA', N'.om', N'OMR', N'968', NULL, NULL)
INSERT COUNTRY (COUNTRYID, COUNTRY, CAPITALCITY, CONTINENT, CONTINENTID, ISO2_CODE, ISO3_CODE, IOC_CODE, TLD, CURRENCY, TEL_CODE, ICO, PREFERENCE_ORDER_ID) VALUES (98, N'Pakistan', N'Islamabad', N'Asia', 2, N'PK', N'PAK', N'PAK', N'.pk', N'PKR', N'92', NULL, NULL)
INSERT COUNTRY (COUNTRYID, COUNTRY, CAPITALCITY, CONTINENT, CONTINENTID, ISO2_CODE, ISO3_CODE, IOC_CODE, TLD, CURRENCY, TEL_CODE, ICO, PREFERENCE_ORDER_ID) VALUES (99, N'Palestinian Territory, Occupied', N'Ramallah', N'Asia', 2, N'PS', N'PSE', N'PLE', N'.ps', NULL, N'970', NULL, NULL)
INSERT COUNTRY (COUNTRYID, COUNTRY, CAPITALCITY, CONTINENT, CONTINENTID, ISO2_CODE, ISO3_CODE, IOC_CODE, TLD, CURRENCY, TEL_CODE, ICO, PREFERENCE_ORDER_ID) VALUES (100, N'Philippines', N'Manila', N'Asia', 2, N'PH', N'PHL', N'PHI', N'.ph', N'PHP', N'63', NULL, NULL)
INSERT COUNTRY (COUNTRYID, COUNTRY, CAPITALCITY, CONTINENT, CONTINENTID, ISO2_CODE, ISO3_CODE, IOC_CODE, TLD, CURRENCY, TEL_CODE, ICO, PREFERENCE_ORDER_ID) VALUES (101, N'Qatar', N'Doha', N'Asia', 2, N'QA', N'QAT', N'QAT', N'.qa', N'QAR', N'974', NULL, NULL)
GO
print 'Processed 100 total records'
INSERT COUNTRY (COUNTRYID, COUNTRY, CAPITALCITY, CONTINENT, CONTINENTID, ISO2_CODE, ISO3_CODE, IOC_CODE, TLD, CURRENCY, TEL_CODE, ICO, PREFERENCE_ORDER_ID) VALUES (102, N'Russian Federation', N'Moskau', N'Asia', 2, N'RU', N'RUS', N'RUS', N'.ru', N'RUB', N'7', NULL, NULL)
INSERT COUNTRY (COUNTRYID, COUNTRY, CAPITALCITY, CONTINENT, CONTINENTID, ISO2_CODE, ISO3_CODE, IOC_CODE, TLD, CURRENCY, TEL_CODE, ICO, PREFERENCE_ORDER_ID) VALUES (103, N'Saudi Arabia', N'Riad', N'Asia', 2, N'SA', N'SAU', N'KSA', N'.sa', N'SAR', N'966', NULL, NULL)
INSERT COUNTRY (COUNTRYID, COUNTRY, CAPITALCITY, CONTINENT, CONTINENTID, ISO2_CODE, ISO3_CODE, IOC_CODE, TLD, CURRENCY, TEL_CODE, ICO, PREFERENCE_ORDER_ID) VALUES (104, N'Saudi–Iraqi neutral zone', N'-/-', N'Asia', 2, N'NT', N'NTZ', NULL, N'.nt', NULL, NULL, NULL, NULL)
INSERT COUNTRY (COUNTRYID, COUNTRY, CAPITALCITY, CONTINENT, CONTINENTID, ISO2_CODE, ISO3_CODE, IOC_CODE, TLD, CURRENCY, TEL_CODE, ICO, PREFERENCE_ORDER_ID) VALUES (105, N'Singapore', N'Singapur', N'Asia', 2, N'SG', N'SGP', N'SIN', N'.sg', N'SGD', N'65', NULL, NULL)
INSERT COUNTRY (COUNTRYID, COUNTRY, CAPITALCITY, CONTINENT, CONTINENTID, ISO2_CODE, ISO3_CODE, IOC_CODE, TLD, CURRENCY, TEL_CODE, ICO, PREFERENCE_ORDER_ID) VALUES (106, N'South Korea', N'Seoul', N'Asia', 2, N'KR', N'KOR', N'KOR', N'.kr', N'KRW', N'82', NULL, NULL)
INSERT COUNTRY (COUNTRYID, COUNTRY, CAPITALCITY, CONTINENT, CONTINENTID, ISO2_CODE, ISO3_CODE, IOC_CODE, TLD, CURRENCY, TEL_CODE, ICO, PREFERENCE_ORDER_ID) VALUES (107, N'Sri Lanka', N'Colombo', N'Asia', 2, N'LK', N'LKA', N'SRI', N'.lk', N'LKR', N'94', NULL, NULL)
INSERT COUNTRY (COUNTRYID, COUNTRY, CAPITALCITY, CONTINENT, CONTINENTID, ISO2_CODE, ISO3_CODE, IOC_CODE, TLD, CURRENCY, TEL_CODE, ICO, PREFERENCE_ORDER_ID) VALUES (108, N'Syrian Arab Republic', N'Damaskus', N'Asia', 2, N'SY', N'SYR', N'SYR', N'.sy', N'SYP', N'963', NULL, NULL)
INSERT COUNTRY (COUNTRYID, COUNTRY, CAPITALCITY, CONTINENT, CONTINENTID, ISO2_CODE, ISO3_CODE, IOC_CODE, TLD, CURRENCY, TEL_CODE, ICO, PREFERENCE_ORDER_ID) VALUES (109, N'Taiwan', N'Taipeh', N'Asia', 2, N'TW', N'TWN', N'TPE', N'.tw', N'TWD', N'886', NULL, NULL)
INSERT COUNTRY (COUNTRYID, COUNTRY, CAPITALCITY, CONTINENT, CONTINENTID, ISO2_CODE, ISO3_CODE, IOC_CODE, TLD, CURRENCY, TEL_CODE, ICO, PREFERENCE_ORDER_ID) VALUES (110, N'Tajikistan', N'Duschanbe', N'Asia', 2, N'TJ', N'TJK', N'TJK', N'.tj', N'RUB', N'992', NULL, NULL)
INSERT COUNTRY (COUNTRYID, COUNTRY, CAPITALCITY, CONTINENT, CONTINENTID, ISO2_CODE, ISO3_CODE, IOC_CODE, TLD, CURRENCY, TEL_CODE, ICO, PREFERENCE_ORDER_ID) VALUES (111, N'Thailand', N'Bangkok', N'Asia', 2, N'TH', N'THA', N'THA', N'.th', N'THB', N'66', NULL, NULL)
INSERT COUNTRY (COUNTRYID, COUNTRY, CAPITALCITY, CONTINENT, CONTINENTID, ISO2_CODE, ISO3_CODE, IOC_CODE, TLD, CURRENCY, TEL_CODE, ICO, PREFERENCE_ORDER_ID) VALUES (112, N'Turkey', N'Ankara', N'Asia', 2, N'TR', N'TUR', N'TUR', N'.tr', N'TRY', N'90', NULL, NULL)
INSERT COUNTRY (COUNTRYID, COUNTRY, CAPITALCITY, CONTINENT, CONTINENTID, ISO2_CODE, ISO3_CODE, IOC_CODE, TLD, CURRENCY, TEL_CODE, ICO, PREFERENCE_ORDER_ID) VALUES (113, N'Turkmenistan', N'Asgabat', N'Asia', 2, N'TM', N'TKM', N'TKM', N'.tm', N'TMM', N'993', NULL, NULL)
INSERT COUNTRY (COUNTRYID, COUNTRY, CAPITALCITY, CONTINENT, CONTINENTID, ISO2_CODE, ISO3_CODE, IOC_CODE, TLD, CURRENCY, TEL_CODE, ICO, PREFERENCE_ORDER_ID) VALUES (114, N'United Arab Emirates', N'Abu Dhabi', N'Asia', 2, N'AE', N'ARE', N'UAE', N'.ae', N'AED', N'971', NULL, NULL)
INSERT COUNTRY (COUNTRYID, COUNTRY, CAPITALCITY, CONTINENT, CONTINENTID, ISO2_CODE, ISO3_CODE, IOC_CODE, TLD, CURRENCY, TEL_CODE, ICO, PREFERENCE_ORDER_ID) VALUES (115, N'Uzbekistan', N'Taschkent', N'Asia', 2, N'UZ', N'UZB', N'UZB', N'.uz', N'UZS', N'998', NULL, NULL)
INSERT COUNTRY (COUNTRYID, COUNTRY, CAPITALCITY, CONTINENT, CONTINENTID, ISO2_CODE, ISO3_CODE, IOC_CODE, TLD, CURRENCY, TEL_CODE, ICO, PREFERENCE_ORDER_ID) VALUES (116, N'Viet Nam', N'Hà N?i', N'Asia', 2, N'VN', N'VNM', N'VIE', N'.vn', N'VND', N'84', NULL, NULL)
INSERT COUNTRY (COUNTRYID, COUNTRY, CAPITALCITY, CONTINENT, CONTINENTID, ISO2_CODE, ISO3_CODE, IOC_CODE, TLD, CURRENCY, TEL_CODE, ICO, PREFERENCE_ORDER_ID) VALUES (117, N'Yemen', N'Sanaa', N'Asia', 2, N'YE', N'YEM', N'YEM', N'.ye', N'YER', N'967', NULL, NULL)
INSERT COUNTRY (COUNTRYID, COUNTRY, CAPITALCITY, CONTINENT, CONTINENTID, ISO2_CODE, ISO3_CODE, IOC_CODE, TLD, CURRENCY, TEL_CODE, ICO, PREFERENCE_ORDER_ID) VALUES (118, N'Antarctica', N'Juneau', N'Antarctica', 3, N'AQ', N'ATA', NULL, N'.aq', NULL, N'672', NULL, NULL)
INSERT COUNTRY (COUNTRYID, COUNTRY, CAPITALCITY, CONTINENT, CONTINENTID, ISO2_CODE, ISO3_CODE, IOC_CODE, TLD, CURRENCY, TEL_CODE, ICO, PREFERENCE_ORDER_ID) VALUES (119, N'Bouvet Island', N'(Forschungsinsel)', N'Antarctica', 3, N'BV', N'BVT', NULL, N'.bv', N'NOK', NULL, NULL, NULL)
INSERT COUNTRY (COUNTRYID, COUNTRY, CAPITALCITY, CONTINENT, CONTINENTID, ISO2_CODE, ISO3_CODE, IOC_CODE, TLD, CURRENCY, TEL_CODE, ICO, PREFERENCE_ORDER_ID) VALUES (120, N'French Southern Territories', N'Port-aux-Français', N'Antarctica', 3, N'TF', N'ATF', NULL, N'.tf', N'EUR', NULL, NULL, NULL)
INSERT COUNTRY (COUNTRYID, COUNTRY, CAPITALCITY, CONTINENT, CONTINENTID, ISO2_CODE, ISO3_CODE, IOC_CODE, TLD, CURRENCY, TEL_CODE, ICO, PREFERENCE_ORDER_ID) VALUES (121, N'American Samoa', N'Pago-Pago', N'Australia', 4, N'AS', N'ASM', NULL, N'.as', N'USD', N'1684', NULL, NULL)
INSERT COUNTRY (COUNTRYID, COUNTRY, CAPITALCITY, CONTINENT, CONTINENTID, ISO2_CODE, ISO3_CODE, IOC_CODE, TLD, CURRENCY, TEL_CODE, ICO, PREFERENCE_ORDER_ID) VALUES (122, N'Australia', N'Canberra', N'Australia', 4, N'AU', N'AUS', N'AUS', N'.au', N'AUD', N'61', NULL, NULL)
INSERT COUNTRY (COUNTRYID, COUNTRY, CAPITALCITY, CONTINENT, CONTINENTID, ISO2_CODE, ISO3_CODE, IOC_CODE, TLD, CURRENCY, TEL_CODE, ICO, PREFERENCE_ORDER_ID) VALUES (123, N'Cook Islands', N'Avarua', N'Australia', 4, N'CK', N'COK', N'COK', N'.ck', N'NZD', N'682', NULL, NULL)
INSERT COUNTRY (COUNTRYID, COUNTRY, CAPITALCITY, CONTINENT, CONTINENTID, ISO2_CODE, ISO3_CODE, IOC_CODE, TLD, CURRENCY, TEL_CODE, ICO, PREFERENCE_ORDER_ID) VALUES (124, N'East Timor', N'Dili', N'Australia', 4, N'TL', N'TLS', NULL, N'.tl', N'IDR', N'670', NULL, NULL)
INSERT COUNTRY (COUNTRYID, COUNTRY, CAPITALCITY, CONTINENT, CONTINENTID, ISO2_CODE, ISO3_CODE, IOC_CODE, TLD, CURRENCY, TEL_CODE, ICO, PREFERENCE_ORDER_ID) VALUES (125, N'Fiji', N'Suva', N'Australia', 4, N'FJ', N'FJI', N'FJI', N'.fj', N'FJD', N'679', NULL, NULL)
INSERT COUNTRY (COUNTRYID, COUNTRY, CAPITALCITY, CONTINENT, CONTINENTID, ISO2_CODE, ISO3_CODE, IOC_CODE, TLD, CURRENCY, TEL_CODE, ICO, PREFERENCE_ORDER_ID) VALUES (126, N'French Polynesia', N'Papeete', N'Australia', 4, N'PF', N'PYF', NULL, N'.pf', N'XPF', N'689', NULL, NULL)
INSERT COUNTRY (COUNTRYID, COUNTRY, CAPITALCITY, CONTINENT, CONTINENTID, ISO2_CODE, ISO3_CODE, IOC_CODE, TLD, CURRENCY, TEL_CODE, ICO, PREFERENCE_ORDER_ID) VALUES (127, N'Heard Island And Mcdonald Islands', N'-/-', N'Australia', 4, N'HM', N'HMD', NULL, N'.hm', N'AUD', NULL, NULL, NULL)
INSERT COUNTRY (COUNTRYID, COUNTRY, CAPITALCITY, CONTINENT, CONTINENTID, ISO2_CODE, ISO3_CODE, IOC_CODE, TLD, CURRENCY, TEL_CODE, ICO, PREFERENCE_ORDER_ID) VALUES (128, N'Kiribati', N'Bairiki', N'Australia', 4, N'KI', N'KIR', NULL, N'.ki', N'AUD', N'686', NULL, NULL)
INSERT COUNTRY (COUNTRYID, COUNTRY, CAPITALCITY, CONTINENT, CONTINENTID, ISO2_CODE, ISO3_CODE, IOC_CODE, TLD, CURRENCY, TEL_CODE, ICO, PREFERENCE_ORDER_ID) VALUES (129, N'Marshall Islands', N'Delap-Uliga-Darrit', N'Australia', 4, N'MH', N'MHL', NULL, N'.mh', N'USD', N'692', NULL, NULL)
INSERT COUNTRY (COUNTRYID, COUNTRY, CAPITALCITY, CONTINENT, CONTINENTID, ISO2_CODE, ISO3_CODE, IOC_CODE, TLD, CURRENCY, TEL_CODE, ICO, PREFERENCE_ORDER_ID) VALUES (130, N'Micronesia, Federated States Of', N'Palikir', N'Australia', 4, N'FM', N'FSM', N'FSM', N'.fm', N'USD', N'691', NULL, NULL)
INSERT COUNTRY (COUNTRYID, COUNTRY, CAPITALCITY, CONTINENT, CONTINENTID, ISO2_CODE, ISO3_CODE, IOC_CODE, TLD, CURRENCY, TEL_CODE, ICO, PREFERENCE_ORDER_ID) VALUES (131, N'Nauru', N'Yaren', N'Australia', 4, N'NR', N'NRU', N'NRU', N'.nr', N'AUD', N'674', NULL, NULL)
INSERT COUNTRY (COUNTRYID, COUNTRY, CAPITALCITY, CONTINENT, CONTINENTID, ISO2_CODE, ISO3_CODE, IOC_CODE, TLD, CURRENCY, TEL_CODE, ICO, PREFERENCE_ORDER_ID) VALUES (132, N'New Caledonia', N'Nouméa', N'Australia', 4, N'NC', N'NCL', NULL, N'.nc', N'XPF', N'687', NULL, NULL)
INSERT COUNTRY (COUNTRYID, COUNTRY, CAPITALCITY, CONTINENT, CONTINENTID, ISO2_CODE, ISO3_CODE, IOC_CODE, TLD, CURRENCY, TEL_CODE, ICO, PREFERENCE_ORDER_ID) VALUES (133, N'New Zealand', N'Wellington', N'Australia', 4, N'NZ', N'NZL', N'NZL', N'.nz', N'NZD', N'64', NULL, NULL)
INSERT COUNTRY (COUNTRYID, COUNTRY, CAPITALCITY, CONTINENT, CONTINENTID, ISO2_CODE, ISO3_CODE, IOC_CODE, TLD, CURRENCY, TEL_CODE, ICO, PREFERENCE_ORDER_ID) VALUES (134, N'Niue', N'Alofi', N'Australia', 4, N'NU', N'NIU', NULL, N'.nu', N'NZD', N'683', NULL, NULL)
INSERT COUNTRY (COUNTRYID, COUNTRY, CAPITALCITY, CONTINENT, CONTINENTID, ISO2_CODE, ISO3_CODE, IOC_CODE, TLD, CURRENCY, TEL_CODE, ICO, PREFERENCE_ORDER_ID) VALUES (135, N'Norfolk Island', N'Kingston', N'Australia', 4, N'NF', N'NFK', NULL, N'.nf', N'AUD', N'6723', NULL, NULL)
INSERT COUNTRY (COUNTRYID, COUNTRY, CAPITALCITY, CONTINENT, CONTINENTID, ISO2_CODE, ISO3_CODE, IOC_CODE, TLD, CURRENCY, TEL_CODE, ICO, PREFERENCE_ORDER_ID) VALUES (136, N'Northern Mariana Islands', N'Saipan', N'Australia', 4, N'MP', N'MNP', NULL, N'.mp', N'USD', N'1670', NULL, NULL)
INSERT COUNTRY (COUNTRYID, COUNTRY, CAPITALCITY, CONTINENT, CONTINENTID, ISO2_CODE, ISO3_CODE, IOC_CODE, TLD, CURRENCY, TEL_CODE, ICO, PREFERENCE_ORDER_ID) VALUES (137, N'Palau', N'Melekeok', N'Australia', 4, N'PW', N'PLW', N'PLW', N'.pw', N'USD', N'680', NULL, NULL)
INSERT COUNTRY (COUNTRYID, COUNTRY, CAPITALCITY, CONTINENT, CONTINENTID, ISO2_CODE, ISO3_CODE, IOC_CODE, TLD, CURRENCY, TEL_CODE, ICO, PREFERENCE_ORDER_ID) VALUES (138, N'Papua New Guinea', N'Port Moresby', N'Australia', 4, N'PG', N'PNG', NULL, N'.pg', N'PGK', N'675', NULL, NULL)
INSERT COUNTRY (COUNTRYID, COUNTRY, CAPITALCITY, CONTINENT, CONTINENTID, ISO2_CODE, ISO3_CODE, IOC_CODE, TLD, CURRENCY, TEL_CODE, ICO, PREFERENCE_ORDER_ID) VALUES (139, N'Pitcairn', N'Adamstown', N'Australia', 4, N'PN', N'PCN', NULL, N'.pn', N'NZD', N'649', NULL, NULL)
INSERT COUNTRY (COUNTRYID, COUNTRY, CAPITALCITY, CONTINENT, CONTINENTID, ISO2_CODE, ISO3_CODE, IOC_CODE, TLD, CURRENCY, TEL_CODE, ICO, PREFERENCE_ORDER_ID) VALUES (140, N'Samoa', N'Apia', N'Australia', 4, N'WS', N'WSM', N'SAM', N'.ws', N'WST', NULL, NULL, NULL)
INSERT COUNTRY (COUNTRYID, COUNTRY, CAPITALCITY, CONTINENT, CONTINENTID, ISO2_CODE, ISO3_CODE, IOC_CODE, TLD, CURRENCY, TEL_CODE, ICO, PREFERENCE_ORDER_ID) VALUES (141, N'Solomon Islands', N'Honiara', N'Australia', 4, N'SB', N'SLB', N'SOL', N'.sb', N'SBD', N'677', NULL, NULL)
INSERT COUNTRY (COUNTRYID, COUNTRY, CAPITALCITY, CONTINENT, CONTINENTID, ISO2_CODE, ISO3_CODE, IOC_CODE, TLD, CURRENCY, TEL_CODE, ICO, PREFERENCE_ORDER_ID) VALUES (142, N'Tokelau', N'-/-', N'Australia', 4, N'TK', N'TKL', NULL, N'.tk', N'NZD', N'690', NULL, NULL)
INSERT COUNTRY (COUNTRYID, COUNTRY, CAPITALCITY, CONTINENT, CONTINENTID, ISO2_CODE, ISO3_CODE, IOC_CODE, TLD, CURRENCY, TEL_CODE, ICO, PREFERENCE_ORDER_ID) VALUES (143, N'Tonga', N'Nuku’alofa', N'Australia', 4, N'TO', N'TON', N'TGA', N'.to', N'TOP', N'676', NULL, NULL)
INSERT COUNTRY (COUNTRYID, COUNTRY, CAPITALCITY, CONTINENT, CONTINENTID, ISO2_CODE, ISO3_CODE, IOC_CODE, TLD, CURRENCY, TEL_CODE, ICO, PREFERENCE_ORDER_ID) VALUES (144, N'Tuvalu', N'Funafuti', N'Australia', 4, N'TV', N'TUV', NULL, N'.tv', N'TVD', N'688', NULL, NULL)
INSERT COUNTRY (COUNTRYID, COUNTRY, CAPITALCITY, CONTINENT, CONTINENTID, ISO2_CODE, ISO3_CODE, IOC_CODE, TLD, CURRENCY, TEL_CODE, ICO, PREFERENCE_ORDER_ID) VALUES (145, N'Vanuatu', N'Port Vila', N'Australia', 4, N'VU', N'VUT', N'VAN', N'.vu', N'VUV', N'678', NULL, NULL)
INSERT COUNTRY (COUNTRYID, COUNTRY, CAPITALCITY, CONTINENT, CONTINENTID, ISO2_CODE, ISO3_CODE, IOC_CODE, TLD, CURRENCY, TEL_CODE, ICO, PREFERENCE_ORDER_ID) VALUES (146, N'Wallis And Futuna', N'Mata-Utu', N'Australia', 4, N'WF', N'WLF', NULL, N'.wf', N'XPF', N'681', NULL, NULL)
INSERT COUNTRY (COUNTRYID, COUNTRY, CAPITALCITY, CONTINENT, CONTINENTID, ISO2_CODE, ISO3_CODE, IOC_CODE, TLD, CURRENCY, TEL_CODE, ICO, PREFERENCE_ORDER_ID) VALUES (147, N'Åland Islands', N'Mariehamn', N'Europe', 5, N'AX', N'ALA', NULL, N'.ax', N'EUR', N'35818', NULL, NULL)
INSERT COUNTRY (COUNTRYID, COUNTRY, CAPITALCITY, CONTINENT, CONTINENTID, ISO2_CODE, ISO3_CODE, IOC_CODE, TLD, CURRENCY, TEL_CODE, ICO, PREFERENCE_ORDER_ID) VALUES (148, N'Albania', N'Tirana', N'Europe', 5, N'AL', N'ALB', N'ALB', N'.al', N'ALL', N'355', NULL, NULL)
INSERT COUNTRY (COUNTRYID, COUNTRY, CAPITALCITY, CONTINENT, CONTINENTID, ISO2_CODE, ISO3_CODE, IOC_CODE, TLD, CURRENCY, TEL_CODE, ICO, PREFERENCE_ORDER_ID) VALUES (149, N'Andorra', N'Andorra la Vella', N'Europe', 5, N'AD', N'AND', N'AND', N'.ad', N'EUR', N'376', NULL, NULL)
INSERT COUNTRY (COUNTRYID, COUNTRY, CAPITALCITY, CONTINENT, CONTINENTID, ISO2_CODE, ISO3_CODE, IOC_CODE, TLD, CURRENCY, TEL_CODE, ICO, PREFERENCE_ORDER_ID) VALUES (150, N'Austria', N'Wien', N'Europe', 5, N'AT', N'AUT', N'AUT', N'.at', N'EUR', N'43', NULL, NULL)
INSERT COUNTRY (COUNTRYID, COUNTRY, CAPITALCITY, CONTINENT, CONTINENTID, ISO2_CODE, ISO3_CODE, IOC_CODE, TLD, CURRENCY, TEL_CODE, ICO, PREFERENCE_ORDER_ID) VALUES (151, N'Belarus', N'Minsk', N'Europe', 5, N'BY', N'BLR', N'BLR', N'.by', N'BYR', N'375', NULL, NULL)
INSERT COUNTRY (COUNTRYID, COUNTRY, CAPITALCITY, CONTINENT, CONTINENTID, ISO2_CODE, ISO3_CODE, IOC_CODE, TLD, CURRENCY, TEL_CODE, ICO, PREFERENCE_ORDER_ID) VALUES (152, N'Belgium', N'Brüssel', N'Europe', 5, N'BE', N'BEL', N'BEL', N'.be', N'EUR', N'32', NULL, NULL)
INSERT COUNTRY (COUNTRYID, COUNTRY, CAPITALCITY, CONTINENT, CONTINENTID, ISO2_CODE, ISO3_CODE, IOC_CODE, TLD, CURRENCY, TEL_CODE, ICO, PREFERENCE_ORDER_ID) VALUES (153, N'Bosnia And Herzegovina', N'Sarajevo', N'Europe', 5, N'BA', N'BIH', N'BIH', N'.ba', N'BAM', N'387', NULL, NULL)
INSERT COUNTRY (COUNTRYID, COUNTRY, CAPITALCITY, CONTINENT, CONTINENTID, ISO2_CODE, ISO3_CODE, IOC_CODE, TLD, CURRENCY, TEL_CODE, ICO, PREFERENCE_ORDER_ID) VALUES (154, N'Bulgaria', N'Sofia', N'Europe', 5, N'BG', N'BGR', N'BUL', N'.bg', N'BGN', N'359', NULL, NULL)
INSERT COUNTRY (COUNTRYID, COUNTRY, CAPITALCITY, CONTINENT, CONTINENTID, ISO2_CODE, ISO3_CODE, IOC_CODE, TLD, CURRENCY, TEL_CODE, ICO, PREFERENCE_ORDER_ID) VALUES (155, N'Canary Islands', N'Santa Cruz de Tenerife', N'Europe', 5, N'IC', NULL, NULL, NULL, NULL, NULL, NULL, NULL)
INSERT COUNTRY (COUNTRYID, COUNTRY, CAPITALCITY, CONTINENT, CONTINENTID, ISO2_CODE, ISO3_CODE, IOC_CODE, TLD, CURRENCY, TEL_CODE, ICO, PREFERENCE_ORDER_ID) VALUES (156, N'Croatia', N'Zagreb', N'Europe', 5, N'HR', N'HRV', N'CRO', N'.hr', N'HRK', N'385', NULL, NULL)
INSERT COUNTRY (COUNTRYID, COUNTRY, CAPITALCITY, CONTINENT, CONTINENTID, ISO2_CODE, ISO3_CODE, IOC_CODE, TLD, CURRENCY, TEL_CODE, ICO, PREFERENCE_ORDER_ID) VALUES (157, N'Czech Republic', N'Prag', N'Europe', 5, N'CZ', N'CZE', N'CZE', N'.cz', N'CZK', N'420', NULL, NULL)
INSERT COUNTRY (COUNTRYID, COUNTRY, CAPITALCITY, CONTINENT, CONTINENTID, ISO2_CODE, ISO3_CODE, IOC_CODE, TLD, CURRENCY, TEL_CODE, ICO, PREFERENCE_ORDER_ID) VALUES (158, N'Denmark', N'Kopenhagen', N'Europe', 5, N'DK', N'DNK', N'DEN', N'.dk', N'DKK', N'45', NULL, NULL)
INSERT COUNTRY (COUNTRYID, COUNTRY, CAPITALCITY, CONTINENT, CONTINENTID, ISO2_CODE, ISO3_CODE, IOC_CODE, TLD, CURRENCY, TEL_CODE, ICO, PREFERENCE_ORDER_ID) VALUES (159, N'Estonia', N'Tallinn (Reval)', N'Europe', 5, N'EE', N'EST', N'EST', N'.ee', N'EEK', N'372', NULL, NULL)
INSERT COUNTRY (COUNTRYID, COUNTRY, CAPITALCITY, CONTINENT, CONTINENTID, ISO2_CODE, ISO3_CODE, IOC_CODE, TLD, CURRENCY, TEL_CODE, ICO, PREFERENCE_ORDER_ID) VALUES (160, N'European Union', N'Brussels', N'Europe', 5, N'EU', NULL, NULL, N'.eu', N'EUR', N'3883', NULL, NULL)
INSERT COUNTRY (COUNTRYID, COUNTRY, CAPITALCITY, CONTINENT, CONTINENTID, ISO2_CODE, ISO3_CODE, IOC_CODE, TLD, CURRENCY, TEL_CODE, ICO, PREFERENCE_ORDER_ID) VALUES (161, N'Faroe Islands', N'Tórshavn', N'Europe', 5, N'FO', N'FRO', N'FRO', N'.fo', N'DKK', N'298', NULL, NULL)
INSERT COUNTRY (COUNTRYID, COUNTRY, CAPITALCITY, CONTINENT, CONTINENTID, ISO2_CODE, ISO3_CODE, IOC_CODE, TLD, CURRENCY, TEL_CODE, ICO, PREFERENCE_ORDER_ID) VALUES (162, N'Finland', N'Helsinki', N'Europe', 5, N'FI', N'FIN', N'FIN', N'.fi', N'EUR', N'358', NULL, NULL)
INSERT COUNTRY (COUNTRYID, COUNTRY, CAPITALCITY, CONTINENT, CONTINENTID, ISO2_CODE, ISO3_CODE, IOC_CODE, TLD, CURRENCY, TEL_CODE, ICO, PREFERENCE_ORDER_ID) VALUES (163, N'France', N'Paris', N'Europe', 5, N'FR', N'FRA', N'FRA', N'.fr', N'EUR', N'33', NULL, NULL)
INSERT COUNTRY (COUNTRYID, COUNTRY, CAPITALCITY, CONTINENT, CONTINENTID, ISO2_CODE, ISO3_CODE, IOC_CODE, TLD, CURRENCY, TEL_CODE, ICO, PREFERENCE_ORDER_ID) VALUES (164, N'Georgia', N'Tiflis', N'Europe', 5, N'GE', N'GEO', N'GEO', N'.ge', N'GEL', N'995', NULL, NULL)
INSERT COUNTRY (COUNTRYID, COUNTRY, CAPITALCITY, CONTINENT, CONTINENTID, ISO2_CODE, ISO3_CODE, IOC_CODE, TLD, CURRENCY, TEL_CODE, ICO, PREFERENCE_ORDER_ID) VALUES (165, N'Germany', N'Berlin', N'Europe', 5, N'DE', N'DEU', N'GER', N'.de', N'EUR', N'49', NULL, NULL)
INSERT COUNTRY (COUNTRYID, COUNTRY, CAPITALCITY, CONTINENT, CONTINENTID, ISO2_CODE, ISO3_CODE, IOC_CODE, TLD, CURRENCY, TEL_CODE, ICO, PREFERENCE_ORDER_ID) VALUES (166, N'Greece', N'Athen', N'Europe', 5, N'GR', N'GRC', N'GRE', N'.gr', N'EUR', N'30', NULL, NULL)
INSERT COUNTRY (COUNTRYID, COUNTRY, CAPITALCITY, CONTINENT, CONTINENTID, ISO2_CODE, ISO3_CODE, IOC_CODE, TLD, CURRENCY, TEL_CODE, ICO, PREFERENCE_ORDER_ID) VALUES (167, N'Guernsey', N'St. Peter Port', N'Europe', 5, N'GG', N'GGY', NULL, N'.gg', N'GGP', N'44148', NULL, NULL)
INSERT COUNTRY (COUNTRYID, COUNTRY, CAPITALCITY, CONTINENT, CONTINENTID, ISO2_CODE, ISO3_CODE, IOC_CODE, TLD, CURRENCY, TEL_CODE, ICO, PREFERENCE_ORDER_ID) VALUES (168, N'Hungary', N'Budapest', N'Europe', 5, N'HU', N'HUN', N'HUN', N'.hu', N'HUF', N'36', NULL, NULL)
INSERT COUNTRY (COUNTRYID, COUNTRY, CAPITALCITY, CONTINENT, CONTINENTID, ISO2_CODE, ISO3_CODE, IOC_CODE, TLD, CURRENCY, TEL_CODE, ICO, PREFERENCE_ORDER_ID) VALUES (169, N'Iceland', N'Reykjavík', N'Europe', 5, N'IS', N'ISL', N'ISL', N'.is', N'HUF', N'354', NULL, NULL)
INSERT COUNTRY (COUNTRYID, COUNTRY, CAPITALCITY, CONTINENT, CONTINENTID, ISO2_CODE, ISO3_CODE, IOC_CODE, TLD, CURRENCY, TEL_CODE, ICO, PREFERENCE_ORDER_ID) VALUES (170, N'Ireland', N'Dublin', N'Europe', 5, N'IE', N'IRL', N'IRL', N'.ie', N'EUR', N'353', NULL, NULL)
INSERT COUNTRY (COUNTRYID, COUNTRY, CAPITALCITY, CONTINENT, CONTINENTID, ISO2_CODE, ISO3_CODE, IOC_CODE, TLD, CURRENCY, TEL_CODE, ICO, PREFERENCE_ORDER_ID) VALUES (171, N'Isle Of Man', N'Douglas', N'Europe', 5, N'IM', N'IMN', NULL, N'.im', N'IMP', N'44', NULL, NULL)
INSERT COUNTRY (COUNTRYID, COUNTRY, CAPITALCITY, CONTINENT, CONTINENTID, ISO2_CODE, ISO3_CODE, IOC_CODE, TLD, CURRENCY, TEL_CODE, ICO, PREFERENCE_ORDER_ID) VALUES (172, N'Italy', N'Rom', N'Europe', 5, N'IT', N'ITA', N'ITA', N'.it', N'EUR', N'39', NULL, NULL)
INSERT COUNTRY (COUNTRYID, COUNTRY, CAPITALCITY, CONTINENT, CONTINENTID, ISO2_CODE, ISO3_CODE, IOC_CODE, TLD, CURRENCY, TEL_CODE, ICO, PREFERENCE_ORDER_ID) VALUES (173, N'Jersey', N'Saint Helier', N'Europe', 5, N'JE', N'JEY', NULL, N'.je', N'JEP', N'44', NULL, NULL)
INSERT COUNTRY (COUNTRYID, COUNTRY, CAPITALCITY, CONTINENT, CONTINENTID, ISO2_CODE, ISO3_CODE, IOC_CODE, TLD, CURRENCY, TEL_CODE, ICO, PREFERENCE_ORDER_ID) VALUES (174, N'Latvia', N'Riga', N'Europe', 5, N'LV', N'LVA', N'LAT', N'.lv', N'LVL', N'371', NULL, NULL)
INSERT COUNTRY (COUNTRYID, COUNTRY, CAPITALCITY, CONTINENT, CONTINENTID, ISO2_CODE, ISO3_CODE, IOC_CODE, TLD, CURRENCY, TEL_CODE, ICO, PREFERENCE_ORDER_ID) VALUES (175, N'Liechtenstein', N'Vaduz', N'Europe', 5, N'LI', N'LIE', N'LIE', N'.li', N'CHF', N'423', NULL, NULL)
INSERT COUNTRY (COUNTRYID, COUNTRY, CAPITALCITY, CONTINENT, CONTINENTID, ISO2_CODE, ISO3_CODE, IOC_CODE, TLD, CURRENCY, TEL_CODE, ICO, PREFERENCE_ORDER_ID) VALUES (176, N'Lithuania', N'Wilna', N'Europe', 5, N'LT', N'LTU', N'LTU', N'.lt', N'LTL', N'370', NULL, NULL)
INSERT COUNTRY (COUNTRYID, COUNTRY, CAPITALCITY, CONTINENT, CONTINENTID, ISO2_CODE, ISO3_CODE, IOC_CODE, TLD, CURRENCY, TEL_CODE, ICO, PREFERENCE_ORDER_ID) VALUES (177, N'Luxembourg', N'Luxemburg', N'Europe', 5, N'LU', N'LUX', N'LUX', N'.lu', N'EUR', N'352', NULL, NULL)
INSERT COUNTRY (COUNTRYID, COUNTRY, CAPITALCITY, CONTINENT, CONTINENTID, ISO2_CODE, ISO3_CODE, IOC_CODE, TLD, CURRENCY, TEL_CODE, ICO, PREFERENCE_ORDER_ID) VALUES (178, N'Malta', N'Valletta', N'Europe', 5, N'MT', N'MLT', N'MLT', N'.mt', N'EUR', N'356', NULL, NULL)
INSERT COUNTRY (COUNTRYID, COUNTRY, CAPITALCITY, CONTINENT, CONTINENTID, ISO2_CODE, ISO3_CODE, IOC_CODE, TLD, CURRENCY, TEL_CODE, ICO, PREFERENCE_ORDER_ID) VALUES (179, N'Moldova', N'Chisinau', N'Europe', 5, N'MD', N'MDA', N'MDA', N'.md', N'MDL', N'373', NULL, NULL)
INSERT COUNTRY (COUNTRYID, COUNTRY, CAPITALCITY, CONTINENT, CONTINENTID, ISO2_CODE, ISO3_CODE, IOC_CODE, TLD, CURRENCY, TEL_CODE, ICO, PREFERENCE_ORDER_ID) VALUES (180, N'Monaco', N'Monaco', N'Europe', 5, N'MC', N'MCO', N'MON', N'.mc', N'EUR', N'377', NULL, NULL)
INSERT COUNTRY (COUNTRYID, COUNTRY, CAPITALCITY, CONTINENT, CONTINENTID, ISO2_CODE, ISO3_CODE, IOC_CODE, TLD, CURRENCY, TEL_CODE, ICO, PREFERENCE_ORDER_ID) VALUES (181, N'Montenegro', N'Podgorica', N'Europe', 5, N'ME', N'MNE', N'MNE', N'.me', NULL, N'382', NULL, NULL)
INSERT COUNTRY (COUNTRYID, COUNTRY, CAPITALCITY, CONTINENT, CONTINENTID, ISO2_CODE, ISO3_CODE, IOC_CODE, TLD, CURRENCY, TEL_CODE, ICO, PREFERENCE_ORDER_ID) VALUES (182, N'Netherlands', N'Amsterdam', N'Europe', 5, N'NL', N'NLD', N'NED', N'.nl', N'EUR', N'31', NULL, NULL)
INSERT COUNTRY (COUNTRYID, COUNTRY, CAPITALCITY, CONTINENT, CONTINENTID, ISO2_CODE, ISO3_CODE, IOC_CODE, TLD, CURRENCY, TEL_CODE, ICO, PREFERENCE_ORDER_ID) VALUES (183, N'Norway', N'Oslo', N'Europe', 5, N'NO', N'NOR', N'NOR', N'.no', N'NOK', N'47', NULL, NULL)
INSERT COUNTRY (COUNTRYID, COUNTRY, CAPITALCITY, CONTINENT, CONTINENTID, ISO2_CODE, ISO3_CODE, IOC_CODE, TLD, CURRENCY, TEL_CODE, ICO, PREFERENCE_ORDER_ID) VALUES (184, N'Poland', N'Warschau', N'Europe', 5, N'PL', N'POL', N'POL', N'.pl', N'PLN', N'48', NULL, NULL)
INSERT COUNTRY (COUNTRYID, COUNTRY, CAPITALCITY, CONTINENT, CONTINENTID, ISO2_CODE, ISO3_CODE, IOC_CODE, TLD, CURRENCY, TEL_CODE, ICO, PREFERENCE_ORDER_ID) VALUES (185, N'Portugal', N'Lissabon', N'Europe', 5, N'PT', N'PRT', N'POR', N'.pt', N'EUR', N'351', NULL, NULL)
INSERT COUNTRY (COUNTRYID, COUNTRY, CAPITALCITY, CONTINENT, CONTINENTID, ISO2_CODE, ISO3_CODE, IOC_CODE, TLD, CURRENCY, TEL_CODE, ICO, PREFERENCE_ORDER_ID) VALUES (186, N'Republic of Macedonia', N'Skopje', N'Europe', 5, N'MK', N'MKD', N'MKD', N'.mk', N'MKD', N'389', NULL, NULL)
INSERT COUNTRY (COUNTRYID, COUNTRY, CAPITALCITY, CONTINENT, CONTINENTID, ISO2_CODE, ISO3_CODE, IOC_CODE, TLD, CURRENCY, TEL_CODE, ICO, PREFERENCE_ORDER_ID) VALUES (187, N'Romania', N'Bukarest', N'Europe', 5, N'RO', N'ROU', N'ROM', N'.ro', N'RON', N'40', NULL, NULL)
INSERT COUNTRY (COUNTRYID, COUNTRY, CAPITALCITY, CONTINENT, CONTINENTID, ISO2_CODE, ISO3_CODE, IOC_CODE, TLD, CURRENCY, TEL_CODE, ICO, PREFERENCE_ORDER_ID) VALUES (188, N'San Marino', N'San Marino', N'Europe', 5, N'SM', N'SMR', N'SMR', N'.sm', N'EUR', N'378', NULL, NULL)
INSERT COUNTRY (COUNTRYID, COUNTRY, CAPITALCITY, CONTINENT, CONTINENTID, ISO2_CODE, ISO3_CODE, IOC_CODE, TLD, CURRENCY, TEL_CODE, ICO, PREFERENCE_ORDER_ID) VALUES (189, N'Serbia', N'Belgrade', N'Europe', 5, N'RS', N'SRB', N'SRB', N'.rs', N'RSD', N'381', NULL, NULL)
INSERT COUNTRY (COUNTRYID, COUNTRY, CAPITALCITY, CONTINENT, CONTINENTID, ISO2_CODE, ISO3_CODE, IOC_CODE, TLD, CURRENCY, TEL_CODE, ICO, PREFERENCE_ORDER_ID) VALUES (190, N'Serbien und Montenegro', N'Belgrad', N'Europe', 5, N'CS', N'SCG', N'YUG', N'.cs', NULL, N'381', NULL, NULL)
INSERT COUNTRY (COUNTRYID, COUNTRY, CAPITALCITY, CONTINENT, CONTINENTID, ISO2_CODE, ISO3_CODE, IOC_CODE, TLD, CURRENCY, TEL_CODE, ICO, PREFERENCE_ORDER_ID) VALUES (191, N'Slovakia', N'Bratislava', N'Europe', 5, N'SK', N'SVK', N'SVK', N'.sk', N'SKK', N'421', NULL, NULL)
INSERT COUNTRY (COUNTRYID, COUNTRY, CAPITALCITY, CONTINENT, CONTINENTID, ISO2_CODE, ISO3_CODE, IOC_CODE, TLD, CURRENCY, TEL_CODE, ICO, PREFERENCE_ORDER_ID) VALUES (192, N'Slovenia', N'Ljubljana', N'Europe', 5, N'SI', N'SVN', N'SLO', N'.si', N'SIT', N'386', NULL, NULL)
INSERT COUNTRY (COUNTRYID, COUNTRY, CAPITALCITY, CONTINENT, CONTINENTID, ISO2_CODE, ISO3_CODE, IOC_CODE, TLD, CURRENCY, TEL_CODE, ICO, PREFERENCE_ORDER_ID) VALUES (193, N'Soviet Union', N'Moskau', N'Europe', 5, N'SU', N'SUN', N'URS', N'.su', NULL, NULL, NULL, NULL)
INSERT COUNTRY (COUNTRYID, COUNTRY, CAPITALCITY, CONTINENT, CONTINENTID, ISO2_CODE, ISO3_CODE, IOC_CODE, TLD, CURRENCY, TEL_CODE, ICO, PREFERENCE_ORDER_ID) VALUES (194, N'Spain', N'Madrid', N'Europe', 5, N'ES', N'ESP', N'ESP', N'.es', N'EUR', N'34', NULL, NULL)
INSERT COUNTRY (COUNTRYID, COUNTRY, CAPITALCITY, CONTINENT, CONTINENTID, ISO2_CODE, ISO3_CODE, IOC_CODE, TLD, CURRENCY, TEL_CODE, ICO, PREFERENCE_ORDER_ID) VALUES (195, N'Svalbard And Jan Mayen', N'Longyearbyen', N'Europe', 5, N'SJ', N'SJM', NULL, N'.sj', N'NOK', NULL, NULL, NULL)
INSERT COUNTRY (COUNTRYID, COUNTRY, CAPITALCITY, CONTINENT, CONTINENTID, ISO2_CODE, ISO3_CODE, IOC_CODE, TLD, CURRENCY, TEL_CODE, ICO, PREFERENCE_ORDER_ID) VALUES (196, N'Sweden', N'Stockholm', N'Europe', 5, N'SE', N'SWE', N'SWE', N'.se', N'SEK', N'46', NULL, NULL)
INSERT COUNTRY (COUNTRYID, COUNTRY, CAPITALCITY, CONTINENT, CONTINENTID, ISO2_CODE, ISO3_CODE, IOC_CODE, TLD, CURRENCY, TEL_CODE, ICO, PREFERENCE_ORDER_ID) VALUES (197, N'Switzerland', N'Bern', N'Europe', 5, N'CH', N'CHE', N'SUI', N'.ch', N'CHF', N'41', NULL, NULL)
INSERT COUNTRY (COUNTRYID, COUNTRY, CAPITALCITY, CONTINENT, CONTINENTID, ISO2_CODE, ISO3_CODE, IOC_CODE, TLD, CURRENCY, TEL_CODE, ICO, PREFERENCE_ORDER_ID) VALUES (198, N'Ukraine', N'Kiew', N'Europe', 5, N'UA', N'UKR', N'UKR', N'.ua', N'UAH', N'380', NULL, NULL)
INSERT COUNTRY (COUNTRYID, COUNTRY, CAPITALCITY, CONTINENT, CONTINENTID, ISO2_CODE, ISO3_CODE, IOC_CODE, TLD, CURRENCY, TEL_CODE, ICO, PREFERENCE_ORDER_ID) VALUES (199, N'United Kingdom', N'London', N'Europe', 5, N'GB', N'GBR', N'GBR', N'.gb', N'GBP', N'44', NULL, NULL)
INSERT COUNTRY (COUNTRYID, COUNTRY, CAPITALCITY, CONTINENT, CONTINENTID, ISO2_CODE, ISO3_CODE, IOC_CODE, TLD, CURRENCY, TEL_CODE, ICO, PREFERENCE_ORDER_ID) VALUES (200, N'Vatican City', N'Vatican City', N'Europe', 5, N'VA', N'VAT', NULL, N'.va', N'EUR', N'3906', NULL, NULL)
INSERT COUNTRY (COUNTRYID, COUNTRY, CAPITALCITY, CONTINENT, CONTINENTID, ISO2_CODE, ISO3_CODE, IOC_CODE, TLD, CURRENCY, TEL_CODE, ICO, PREFERENCE_ORDER_ID) VALUES (201, N'Anguilla', N'The Valley', N'North America', 6, N'AI', N'AIA', NULL, N'.ai', N'XCD', N'1264', NULL, NULL)
INSERT COUNTRY (COUNTRYID, COUNTRY, CAPITALCITY, CONTINENT, CONTINENTID, ISO2_CODE, ISO3_CODE, IOC_CODE, TLD, CURRENCY, TEL_CODE, ICO, PREFERENCE_ORDER_ID) VALUES (202, N'Antigua And Barbuda', N'Saint John''s', N'North America', 6, N'AG', N'ATG', N'ANT', N'.ag', N'XCD', N'1268', NULL, NULL)
GO
print 'Processed 200 total records'
INSERT COUNTRY (COUNTRYID, COUNTRY, CAPITALCITY, CONTINENT, CONTINENTID, ISO2_CODE, ISO3_CODE, IOC_CODE, TLD, CURRENCY, TEL_CODE, ICO, PREFERENCE_ORDER_ID) VALUES (203, N'Aruba', N'Oranjestad', N'North America', 6, N'AW', N'ABW', N'ARU', N'.aw', N'ANG', N'297', NULL, NULL)
INSERT COUNTRY (COUNTRYID, COUNTRY, CAPITALCITY, CONTINENT, CONTINENTID, ISO2_CODE, ISO3_CODE, IOC_CODE, TLD, CURRENCY, TEL_CODE, ICO, PREFERENCE_ORDER_ID) VALUES (204, N'Bahamas', N'Nassau', N'North America', 6, N'BS', N'BHS', N'BAH', N'.bs', N'BSD', N'1242', NULL, NULL)
INSERT COUNTRY (COUNTRYID, COUNTRY, CAPITALCITY, CONTINENT, CONTINENTID, ISO2_CODE, ISO3_CODE, IOC_CODE, TLD, CURRENCY, TEL_CODE, ICO, PREFERENCE_ORDER_ID) VALUES (205, N'Barbados', N'Bridgetown', N'North America', 6, N'BB', N'BRB', N'BAR', N'.bb', N'BBD', N'1246', NULL, NULL)
INSERT COUNTRY (COUNTRYID, COUNTRY, CAPITALCITY, CONTINENT, CONTINENTID, ISO2_CODE, ISO3_CODE, IOC_CODE, TLD, CURRENCY, TEL_CODE, ICO, PREFERENCE_ORDER_ID) VALUES (206, N'Belize', N'Belmopan', N'North America', 6, N'BZ', N'BLZ', N'BLZ', N'.bz', N'BZD', N'51', NULL, NULL)
INSERT COUNTRY (COUNTRYID, COUNTRY, CAPITALCITY, CONTINENT, CONTINENTID, ISO2_CODE, ISO3_CODE, IOC_CODE, TLD, CURRENCY, TEL_CODE, ICO, PREFERENCE_ORDER_ID) VALUES (207, N'Bermuda', N'Hamilton', N'North America', 6, N'BM', N'BMU', N'BER', N'.bm', N'BMD', N'1441', NULL, NULL)
INSERT COUNTRY (COUNTRYID, COUNTRY, CAPITALCITY, CONTINENT, CONTINENTID, ISO2_CODE, ISO3_CODE, IOC_CODE, TLD, CURRENCY, TEL_CODE, ICO, PREFERENCE_ORDER_ID) VALUES (208, N'British Virgin Islands', N'Road Town', N'North America', 6, N'VG', N'VGB', N'ISB', N'.vg', N'USD', N'1284', NULL, NULL)
INSERT COUNTRY (COUNTRYID, COUNTRY, CAPITALCITY, CONTINENT, CONTINENTID, ISO2_CODE, ISO3_CODE, IOC_CODE, TLD, CURRENCY, TEL_CODE, ICO, PREFERENCE_ORDER_ID) VALUES (209, N'Canada', N'Ottawa', N'North America', 6, N'CA', N'CAN', N'CAN', N'.ca', N'CAD', NULL, NULL, NULL)
INSERT COUNTRY (COUNTRYID, COUNTRY, CAPITALCITY, CONTINENT, CONTINENTID, ISO2_CODE, ISO3_CODE, IOC_CODE, TLD, CURRENCY, TEL_CODE, ICO, PREFERENCE_ORDER_ID) VALUES (210, N'Cayman Islands', N'George Town', N'North America', 6, N'KY', N'CYM', N'CAY', N'.ky', N'KYD', N'1345', NULL, NULL)
INSERT COUNTRY (COUNTRYID, COUNTRY, CAPITALCITY, CONTINENT, CONTINENTID, ISO2_CODE, ISO3_CODE, IOC_CODE, TLD, CURRENCY, TEL_CODE, ICO, PREFERENCE_ORDER_ID) VALUES (211, N'Costa Rica', N'San José', N'North America', 6, N'CR', N'CRI', N'CRC', N'.cr', N'CRC', N'56', NULL, NULL)
INSERT COUNTRY (COUNTRYID, COUNTRY, CAPITALCITY, CONTINENT, CONTINENTID, ISO2_CODE, ISO3_CODE, IOC_CODE, TLD, CURRENCY, TEL_CODE, ICO, PREFERENCE_ORDER_ID) VALUES (212, N'Cuba', N'Havanna', N'North America', 6, N'CU', N'CUB', N'CUB', N'.cu', N'CUP', N'53', NULL, NULL)
INSERT COUNTRY (COUNTRYID, COUNTRY, CAPITALCITY, CONTINENT, CONTINENTID, ISO2_CODE, ISO3_CODE, IOC_CODE, TLD, CURRENCY, TEL_CODE, ICO, PREFERENCE_ORDER_ID) VALUES (213, N'Dominica', N'Roseau', N'North America', 6, N'DM', N'DMA', NULL, N'.dm', N'XCD', N'1767', NULL, NULL)
INSERT COUNTRY (COUNTRYID, COUNTRY, CAPITALCITY, CONTINENT, CONTINENTID, ISO2_CODE, ISO3_CODE, IOC_CODE, TLD, CURRENCY, TEL_CODE, ICO, PREFERENCE_ORDER_ID) VALUES (214, N'El Salvador', N'San Salvador', N'North America', 6, N'SV', N'SLV', N'ESA', N'.sv', N'SVC', N'53', NULL, NULL)
INSERT COUNTRY (COUNTRYID, COUNTRY, CAPITALCITY, CONTINENT, CONTINENTID, ISO2_CODE, ISO3_CODE, IOC_CODE, TLD, CURRENCY, TEL_CODE, ICO, PREFERENCE_ORDER_ID) VALUES (215, N'Greenland', N'Nuuk', N'North America', 6, N'GL', N'GRL', NULL, N'.gl', N'DKK', N'299', NULL, NULL)
INSERT COUNTRY (COUNTRYID, COUNTRY, CAPITALCITY, CONTINENT, CONTINENTID, ISO2_CODE, ISO3_CODE, IOC_CODE, TLD, CURRENCY, TEL_CODE, ICO, PREFERENCE_ORDER_ID) VALUES (216, N'Grenada', N'St. George''s', N'North America', 6, N'GD', N'GRD', N'GRN', N'.gd', N'XCD', N'1473', NULL, NULL)
INSERT COUNTRY (COUNTRYID, COUNTRY, CAPITALCITY, CONTINENT, CONTINENTID, ISO2_CODE, ISO3_CODE, IOC_CODE, TLD, CURRENCY, TEL_CODE, ICO, PREFERENCE_ORDER_ID) VALUES (217, N'Guadeloupe', N'Basse-Terre', N'North America', 6, N'GP', N'GLP', NULL, N'.gp', N'EUR', N'590', NULL, NULL)
INSERT COUNTRY (COUNTRYID, COUNTRY, CAPITALCITY, CONTINENT, CONTINENTID, ISO2_CODE, ISO3_CODE, IOC_CODE, TLD, CURRENCY, TEL_CODE, ICO, PREFERENCE_ORDER_ID) VALUES (218, N'Guatemala', N'Guatemala-Stadt', N'North America', 6, N'GT', N'GTM', N'GUA', N'.gt', N'GTQ', N'52', NULL, NULL)
INSERT COUNTRY (COUNTRYID, COUNTRY, CAPITALCITY, CONTINENT, CONTINENTID, ISO2_CODE, ISO3_CODE, IOC_CODE, TLD, CURRENCY, TEL_CODE, ICO, PREFERENCE_ORDER_ID) VALUES (219, N'Haiti', N'Port-au-Prince', N'North America', 6, N'HT', N'HTI', N'HAI', N'.ht', N'USD', N'59', NULL, NULL)
INSERT COUNTRY (COUNTRYID, COUNTRY, CAPITALCITY, CONTINENT, CONTINENTID, ISO2_CODE, ISO3_CODE, IOC_CODE, TLD, CURRENCY, TEL_CODE, ICO, PREFERENCE_ORDER_ID) VALUES (220, N'Honduras', N'Tegucigalpa', N'North America', 6, N'HN', N'HND', N'HON', N'.hn', N'HNL', N'54', NULL, NULL)
INSERT COUNTRY (COUNTRYID, COUNTRY, CAPITALCITY, CONTINENT, CONTINENTID, ISO2_CODE, ISO3_CODE, IOC_CODE, TLD, CURRENCY, TEL_CODE, ICO, PREFERENCE_ORDER_ID) VALUES (221, N'Jamaica', N'Kingston', N'North America', 6, N'JM', N'JAM', N'JAM', N'.jm', N'JMD', N'1876', NULL, NULL)
INSERT COUNTRY (COUNTRYID, COUNTRY, CAPITALCITY, CONTINENT, CONTINENTID, ISO2_CODE, ISO3_CODE, IOC_CODE, TLD, CURRENCY, TEL_CODE, ICO, PREFERENCE_ORDER_ID) VALUES (222, N'Martinique', N'Fort-de-France', N'North America', 6, N'MQ', N'MTQ', NULL, N'.mq', N'EUR', N'596', NULL, NULL)
INSERT COUNTRY (COUNTRYID, COUNTRY, CAPITALCITY, CONTINENT, CONTINENTID, ISO2_CODE, ISO3_CODE, IOC_CODE, TLD, CURRENCY, TEL_CODE, ICO, PREFERENCE_ORDER_ID) VALUES (223, N'Mexico', N'Mexiko-Stadt', N'North America', 6, N'MX', N'MEX', N'MEX', N'.mx', N'MXN', N'52', NULL, NULL)
INSERT COUNTRY (COUNTRYID, COUNTRY, CAPITALCITY, CONTINENT, CONTINENTID, ISO2_CODE, ISO3_CODE, IOC_CODE, TLD, CURRENCY, TEL_CODE, ICO, PREFERENCE_ORDER_ID) VALUES (224, N'Montserrat', N'Plymouth', N'North America', 6, N'MS', N'MSR', NULL, N'.ms', N'XCD', N'1664', NULL, NULL)
INSERT COUNTRY (COUNTRYID, COUNTRY, CAPITALCITY, CONTINENT, CONTINENTID, ISO2_CODE, ISO3_CODE, IOC_CODE, TLD, CURRENCY, TEL_CODE, ICO, PREFERENCE_ORDER_ID) VALUES (225, N'Netherlands Antilles', N'Willemstad', N'North America', 6, N'AN', N'ANT', N'AHO', N'.an', N'ANG', N'599', NULL, NULL)
INSERT COUNTRY (COUNTRYID, COUNTRY, CAPITALCITY, CONTINENT, CONTINENTID, ISO2_CODE, ISO3_CODE, IOC_CODE, TLD, CURRENCY, TEL_CODE, ICO, PREFERENCE_ORDER_ID) VALUES (226, N'Nicaragua', N'Managua', N'North America', 6, N'NI', N'NIC', N'NCA', N'.ni', N'NIO', N'55', NULL, NULL)
INSERT COUNTRY (COUNTRYID, COUNTRY, CAPITALCITY, CONTINENT, CONTINENTID, ISO2_CODE, ISO3_CODE, IOC_CODE, TLD, CURRENCY, TEL_CODE, ICO, PREFERENCE_ORDER_ID) VALUES (227, N'Puerto Rico', N'San Juan', N'North America', 6, N'PR', N'PRI', N'PUR', N'.pr', N'USD', N'1939', NULL, NULL)
INSERT COUNTRY (COUNTRYID, COUNTRY, CAPITALCITY, CONTINENT, CONTINENTID, ISO2_CODE, ISO3_CODE, IOC_CODE, TLD, CURRENCY, TEL_CODE, ICO, PREFERENCE_ORDER_ID) VALUES (228, N'Saint Kitts And Nevis', N'Basseterre', N'North America', 6, N'KN', N'KNA', N'SKN', N'.kn', N'XCD', N'1869', NULL, NULL)
INSERT COUNTRY (COUNTRYID, COUNTRY, CAPITALCITY, CONTINENT, CONTINENTID, ISO2_CODE, ISO3_CODE, IOC_CODE, TLD, CURRENCY, TEL_CODE, ICO, PREFERENCE_ORDER_ID) VALUES (229, N'Saint Pierre And Miquelon', N'Saint-Pierre', N'North America', 6, N'PM', N'SPM', NULL, N'.pm', N'EUR', N'508', NULL, NULL)
INSERT COUNTRY (COUNTRYID, COUNTRY, CAPITALCITY, CONTINENT, CONTINENTID, ISO2_CODE, ISO3_CODE, IOC_CODE, TLD, CURRENCY, TEL_CODE, ICO, PREFERENCE_ORDER_ID) VALUES (230, N'Turks And Caicos Islands', N'Cockburn Town auf Grand Turk', N'North America', 6, N'TC', N'TCA', NULL, N'.tc', N'USD', N'1649', NULL, NULL)
INSERT COUNTRY (COUNTRYID, COUNTRY, CAPITALCITY, CONTINENT, CONTINENTID, ISO2_CODE, ISO3_CODE, IOC_CODE, TLD, CURRENCY, TEL_CODE, ICO, PREFERENCE_ORDER_ID) VALUES (231, N'United States', N'Washington, D.C.', N'North America', 6, N'US', N'USA', N'USA', N'.us', N'USD', N'1', NULL, NULL)
INSERT COUNTRY (COUNTRYID, COUNTRY, CAPITALCITY, CONTINENT, CONTINENTID, ISO2_CODE, ISO3_CODE, IOC_CODE, TLD, CURRENCY, TEL_CODE, ICO, PREFERENCE_ORDER_ID) VALUES (232, N'Argentina', N'Buenos Aires', N'South America', 7, N'AR', N'ARG', N'ARG', N'.ar', N'ARS', N'54', NULL, NULL)
INSERT COUNTRY (COUNTRYID, COUNTRY, CAPITALCITY, CONTINENT, CONTINENTID, ISO2_CODE, ISO3_CODE, IOC_CODE, TLD, CURRENCY, TEL_CODE, ICO, PREFERENCE_ORDER_ID) VALUES (233, N'Bolivia', N'Sucre', N'South America', 7, N'BO', N'BOL', N'BOL', N'.bo', N'BOB', N'591', NULL, NULL)
INSERT COUNTRY (COUNTRYID, COUNTRY, CAPITALCITY, CONTINENT, CONTINENTID, ISO2_CODE, ISO3_CODE, IOC_CODE, TLD, CURRENCY, TEL_CODE, ICO, PREFERENCE_ORDER_ID) VALUES (234, N'Brazil', N'Brasília', N'South America', 7, N'BR', N'BRA', N'BRA', N'.br', N'BRL', N'55', NULL, NULL)
INSERT COUNTRY (COUNTRYID, COUNTRY, CAPITALCITY, CONTINENT, CONTINENTID, ISO2_CODE, ISO3_CODE, IOC_CODE, TLD, CURRENCY, TEL_CODE, ICO, PREFERENCE_ORDER_ID) VALUES (235, N'Chile', N'Santiago', N'South America', 7, N'CL', N'CHL', N'CHI', N'.cl', N'CLP', N'56', NULL, NULL)
INSERT COUNTRY (COUNTRYID, COUNTRY, CAPITALCITY, CONTINENT, CONTINENTID, ISO2_CODE, ISO3_CODE, IOC_CODE, TLD, CURRENCY, TEL_CODE, ICO, PREFERENCE_ORDER_ID) VALUES (236, N'Colombia', N'Santa Fé de Bogotá', N'South America', 7, N'CO', N'COL', N'COL', N'.co', N'COP', N'57', NULL, NULL)
INSERT COUNTRY (COUNTRYID, COUNTRY, CAPITALCITY, CONTINENT, CONTINENTID, ISO2_CODE, ISO3_CODE, IOC_CODE, TLD, CURRENCY, TEL_CODE, ICO, PREFERENCE_ORDER_ID) VALUES (237, N'Dominican Republic', N'Santo Domingo', N'South America', 7, N'DO', N'DOM', N'DOM', N'.do', N'DOP', N'1809', NULL, NULL)
INSERT COUNTRY (COUNTRYID, COUNTRY, CAPITALCITY, CONTINENT, CONTINENTID, ISO2_CODE, ISO3_CODE, IOC_CODE, TLD, CURRENCY, TEL_CODE, ICO, PREFERENCE_ORDER_ID) VALUES (238, N'Ecuador', N'Quito', N'South America', 7, N'EC', N'ECU', N'ECU', N'.ec', N'USD', N'593', NULL, NULL)
INSERT COUNTRY (COUNTRYID, COUNTRY, CAPITALCITY, CONTINENT, CONTINENTID, ISO2_CODE, ISO3_CODE, IOC_CODE, TLD, CURRENCY, TEL_CODE, ICO, PREFERENCE_ORDER_ID) VALUES (239, N'French Guiana', N'Cayenne', N'South America', 7, N'GF', N'GUF', NULL, N'.gf', N'EUR', N'594', NULL, NULL)
INSERT COUNTRY (COUNTRYID, COUNTRY, CAPITALCITY, CONTINENT, CONTINENTID, ISO2_CODE, ISO3_CODE, IOC_CODE, TLD, CURRENCY, TEL_CODE, ICO, PREFERENCE_ORDER_ID) VALUES (240, N'Guyana', N'Georgetown', N'South America', 7, N'GY', N'GUY', N'GUY', N'.gy', N'GYD', N'592', NULL, NULL)
INSERT COUNTRY (COUNTRYID, COUNTRY, CAPITALCITY, CONTINENT, CONTINENTID, ISO2_CODE, ISO3_CODE, IOC_CODE, TLD, CURRENCY, TEL_CODE, ICO, PREFERENCE_ORDER_ID) VALUES (241, N'Panama', N'Panama City', N'South America', 7, N'PA', N'PAN', N'PAN', N'.pa', N'USD', N'57', NULL, NULL)
INSERT COUNTRY (COUNTRYID, COUNTRY, CAPITALCITY, CONTINENT, CONTINENTID, ISO2_CODE, ISO3_CODE, IOC_CODE, TLD, CURRENCY, TEL_CODE, ICO, PREFERENCE_ORDER_ID) VALUES (242, N'Paraguay', N'Asunción', N'South America', 7, N'PY', N'PRY', N'PAR', N'.py', N'PYG', N'595', NULL, NULL)
INSERT COUNTRY (COUNTRYID, COUNTRY, CAPITALCITY, CONTINENT, CONTINENTID, ISO2_CODE, ISO3_CODE, IOC_CODE, TLD, CURRENCY, TEL_CODE, ICO, PREFERENCE_ORDER_ID) VALUES (243, N'Peru', N'Lima', N'South America', 7, N'PE', N'PER', N'PER', N'.pe', N'PEN', N'51', NULL, NULL)
INSERT COUNTRY (COUNTRYID, COUNTRY, CAPITALCITY, CONTINENT, CONTINENTID, ISO2_CODE, ISO3_CODE, IOC_CODE, TLD, CURRENCY, TEL_CODE, ICO, PREFERENCE_ORDER_ID) VALUES (244, N'Saint Lucia', N'Castries', N'South America', 7, N'LC', N'LCA', N'LCA', N'.lc', N'XCD', N'1758', NULL, NULL)
INSERT COUNTRY (COUNTRYID, COUNTRY, CAPITALCITY, CONTINENT, CONTINENTID, ISO2_CODE, ISO3_CODE, IOC_CODE, TLD, CURRENCY, TEL_CODE, ICO, PREFERENCE_ORDER_ID) VALUES (245, N'Saint Vincent and the Grenadines', N'Kingstown', N'South America', 7, N'VC', N'VCT', N'VIN', N'.vc', N'XCD', N'1784', NULL, NULL)
INSERT COUNTRY (COUNTRYID, COUNTRY, CAPITALCITY, CONTINENT, CONTINENTID, ISO2_CODE, ISO3_CODE, IOC_CODE, TLD, CURRENCY, TEL_CODE, ICO, PREFERENCE_ORDER_ID) VALUES (246, N'South Georgia And The South Sandwich Islands', N'King Edward Point', N'South America', 7, N'GS', N'SGS', NULL, NULL, N'GBP', NULL, NULL, NULL)
INSERT COUNTRY (COUNTRYID, COUNTRY, CAPITALCITY, CONTINENT, CONTINENTID, ISO2_CODE, ISO3_CODE, IOC_CODE, TLD, CURRENCY, TEL_CODE, ICO, PREFERENCE_ORDER_ID) VALUES (247, N'Suriname', N'Paramaribo', N'South America', 7, N'SR', N'SUR', N'SUR', N'.sr', N'SRD', N'597', NULL, NULL)
INSERT COUNTRY (COUNTRYID, COUNTRY, CAPITALCITY, CONTINENT, CONTINENTID, ISO2_CODE, ISO3_CODE, IOC_CODE, TLD, CURRENCY, TEL_CODE, ICO, PREFERENCE_ORDER_ID) VALUES (248, N'Trinidad And Tobago', N'Port-of-Spain', N'South America', 7, N'TT', N'TTO', N'TRI', N'.tt', N'TTD', N'1868', NULL, NULL)
INSERT COUNTRY (COUNTRYID, COUNTRY, CAPITALCITY, CONTINENT, CONTINENTID, ISO2_CODE, ISO3_CODE, IOC_CODE, TLD, CURRENCY, TEL_CODE, ICO, PREFERENCE_ORDER_ID) VALUES (249, N'Uruguay', N'Montevideo', N'South America', 7, N'UY', N'URY', N'URU', N'.uy', N'UYU', N'598', NULL, NULL)
INSERT COUNTRY (COUNTRYID, COUNTRY, CAPITALCITY, CONTINENT, CONTINENTID, ISO2_CODE, ISO3_CODE, IOC_CODE, TLD, CURRENCY, TEL_CODE, ICO, PREFERENCE_ORDER_ID) VALUES (250, N'Venezuela', N'Caracas', N'South America', 7, N'VE', N'VEN', N'VEN', N'.ve', N'VEB', N'58', NULL, NULL)
INSERT COUNTRY (COUNTRYID, COUNTRY, CAPITALCITY, CONTINENT, CONTINENTID, ISO2_CODE, ISO3_CODE, IOC_CODE, TLD, CURRENCY, TEL_CODE, ICO, PREFERENCE_ORDER_ID) VALUES (251, N'Virgin Islands, U.s.', N'Charlotte Amalie', N'South America', 7, N'VI', N'VIR', N'ISV', N'.vi', N'USD', N'1340', NULL, NULL)
GO

/****** Object:  Table BRANCH    Script Date: 03/15/2022 11:13:15 ******/
CREATE TABLE BRANCH(
	BRANCHID int PRIMARY KEY NOT NULL,
	BRANCHNAME nvarchar(50) NULL,
	ADDRESS nvarchar(250) NULL,
	EMAIL nvarchar(100) NULL,
	TELNO nvarchar(50) NULL,
	COUNTRYID int NULL FOREIGN KEY REFERENCES COUNTRY(COUNTRYID)
)
GO
INSERT BRANCH (BRANCHID, BRANCHNAME, ADDRESS, EMAIL, TELNO, COUNTRYID) VALUES (1, N'Gaborone', N'Mogoditshane, Gaborone', N'gaborone@azmotors.com', N'0026739067456', 5)
INSERT BRANCH (BRANCHID, BRANCHNAME, ADDRESS, EMAIL, TELNO, COUNTRYID) VALUES (2, N'Francistown', N'Area A, Francistown', N'francistown@azmotors.com', N'0026739567573', 5)
INSERT BRANCH (BRANCHID, BRANCHNAME, ADDRESS, EMAIL, TELNO, COUNTRYID) VALUES (3, N'Windhoek', N'Komasdale, Windhoek', N'windhoek@azmotors.com', N'00264814536753', 40)
INSERT BRANCH (BRANCHID, BRANCHNAME, ADDRESS, EMAIL, TELNO, COUNTRYID) VALUES (4, N'Walvis Bay', N'Naraville, Walvis Bay', N'walvisbay@azmotors.com', N'00264815643773', 40)
INSERT BRANCH (BRANCHID, BRANCHNAME, ADDRESS, EMAIL, TELNO, COUNTRYID) VALUES (5, N'Durban', N'Eastly, Durban', N'durban@azmotors.com', N'00275634435222', 51)
INSERT BRANCH (BRANCHID, BRANCHNAME, ADDRESS, EMAIL, TELNO, COUNTRYID) VALUES (6, N'Beitbridge', N'Industrial, Beitbridge', N'beitbridge@azmotors.com', N'00263774663722', 62)
INSERT BRANCH (BRANCHID, BRANCHNAME, ADDRESS, EMAIL, TELNO, COUNTRYID) VALUES (7, N'Harare', N'Southerton, Harare', N'harare@azmotors.com', N'00263774634335', 62)
GO

/****** Object:  Table POSITION    Script Date: 03/15/2022 11:13:15 ******/
CREATE TABLE POSITION(
	POSITIONID int PRIMARY KEY NOT NULL,
	POSITIONNAME nvarchar(50) NULL,
	DESCRIPTION nvarchar(250) NULL
)
GO
INSERT POSITION (POSITIONID, POSITIONNAME, DESCRIPTION) VALUES (1, N'Chief Executive Officer', N'Company CEO')
INSERT POSITION (POSITIONID, POSITIONNAME, DESCRIPTION) VALUES (2, N'Manager', N'Manager')
INSERT POSITION (POSITIONID, POSITIONNAME, DESCRIPTION) VALUES (3, N'Supervisor', N'Supervisor')
INSERT POSITION (POSITIONID, POSITIONNAME, DESCRIPTION) VALUES (4, N'Salesperson', N'Salesperson')
INSERT POSITION (POSITIONID, POSITIONNAME, DESCRIPTION) VALUES (5, N'Secretary', N'Secretary')
GO

/****** Object:  Table STAFFSTATUS    Script Date: 03/15/2022 11:13:15 ******/
CREATE TABLE STAFFSTATUS(
	STATUSID int PRIMARY KEY NOT NULL,
	STAFFSTATUS nvarchar(50) NULL,
	DESCRIPTION nvarchar(250) NULL
)
GO
INSERT STAFFSTATUS (STATUSID, STAFFSTATUS, DESCRIPTION) VALUES (1, N'Active Staff', N'Active Staff')
INSERT STAFFSTATUS (STATUSID, STAFFSTATUS, DESCRIPTION) VALUES (2, N'Suspended', N'Suspended Staff')
INSERT STAFFSTATUS (STATUSID, STAFFSTATUS, DESCRIPTION) VALUES (3, N'Resigned', N'Resigned Staff')
INSERT STAFFSTATUS (STATUSID, STAFFSTATUS, DESCRIPTION) VALUES (4, N'Deceased', N'Deceased Staff')
GO

/****** Object:  Table STAFF    Script Date: 03/15/2022 11:13:15 ******/
CREATE TABLE STAFF(
	STAFFID numeric(18, 0) PRIMARY KEY NOT NULL,
	FIRSTNAME nvarchar(30) NULL,
	SURNAME nvarchar(30) NULL,
	GENDER nvarchar(1) NULL,
	DOB date NULL,
	CELLNO nvarchar(20) NULL,
	ADDRESS nvarchar(250) NULL,
	EMAIL nvarchar(100) NULL,
	BRANCHID int NULL FOREIGN KEY REFERENCES BRANCH(BRANCHID),
	POSITIONID int NULL FOREIGN KEY REFERENCES POSITION(POSITIONID),
	DATEJOINED date NULL,
	STATUSID int NULL FOREIGN KEY REFERENCES STAFFSTATUS(STATUSID)
)
GO
INSERT STAFF (STAFFID, FIRSTNAME, SURNAME, GENDER, DOB, CELLNO, ADDRESS, EMAIL, BRANCHID, POSITIONID, DATEJOINED, STATUSID) VALUES (CAST(17007 AS Numeric(18, 0)), N'Peace', N'Mutoko', N'M', CAST(0x52260B00 AS Date), N'26771481536', N'Gaborone, Botswana', N'abc17-007@thuto.bac.ac.bw', 4, 4, CAST(0xDB420B00 AS Date), 1)
INSERT STAFF (STAFFID, FIRSTNAME, SURNAME, GENDER, DOB, CELLNO, ADDRESS, EMAIL, BRANCHID, POSITIONID, DATEJOINED, STATUSID) VALUES (CAST(18010 AS Numeric(18, 0)), N'Thabang Terence', N'Mafokate', N'M', CAST(0x50260B00 AS Date), N'26774721944', N'Gaborone, Botswana', N'abc18-010@thuto.bac.ac.bw', 1, 4, CAST(0xD9420B00 AS Date), 1)
INSERT STAFF (STAFFID, FIRSTNAME, SURNAME, GENDER, DOB, CELLNO, ADDRESS, EMAIL, BRANCHID, POSITIONID, DATEJOINED, STATUSID) VALUES (CAST(18012 AS Numeric(18, 0)), N'Olorato Laker', N'Molefe', N'M', CAST(0x5C260B00 AS Date), N'26777048684', N'Gaborone, Botswana', N'abc18-012@thuto.bac.ac.bw', 1, 5, CAST(0xE5420B00 AS Date), 1)
INSERT STAFF (STAFFID, FIRSTNAME, SURNAME, GENDER, DOB, CELLNO, ADDRESS, EMAIL, BRANCHID, POSITIONID, DATEJOINED, STATUSID) VALUES (CAST(18014 AS Numeric(18, 0)), N'Yagwe Wesley', N'Mongwaketse', N'M', CAST(0x4E260B00 AS Date), N'26772631583', N'Gaborone, Botswana', N'abc18-014@thuto.bac.ac.bw', 2, 4, CAST(0xD7420B00 AS Date), 1)
INSERT STAFF (STAFFID, FIRSTNAME, SURNAME, GENDER, DOB, CELLNO, ADDRESS, EMAIL, BRANCHID, POSITIONID, DATEJOINED, STATUSID) VALUES (CAST(18016 AS Numeric(18, 0)), N'Motheo', N'Moshageng', N'M', CAST(0x54260B00 AS Date), N'26775301469', N'Gaborone, Botswana', N'abc18-016@thuto.bac.ac.bw', 2, 4, CAST(0xDD420B00 AS Date), 1)
INSERT STAFF (STAFFID, FIRSTNAME, SURNAME, GENDER, DOB, CELLNO, ADDRESS, EMAIL, BRANCHID, POSITIONID, DATEJOINED, STATUSID) VALUES (CAST(18017 AS Numeric(18, 0)), N'Kagiso Kegope', N'Mothibedi', N'F', CAST(0x4E260B00 AS Date), N'26774072792', N'Gaborone, Botswana', N'abc18-017@thuto.bac.ac.bw', 2, 5, CAST(0xD7420B00 AS Date), 1)
INSERT STAFF (STAFFID, FIRSTNAME, SURNAME, GENDER, DOB, CELLNO, ADDRESS, EMAIL, BRANCHID, POSITIONID, DATEJOINED, STATUSID) VALUES (CAST(18019 AS Numeric(18, 0)), N'Chantel', N'Mphusu', N'F', CAST(0x51260B00 AS Date), N'26776175421', N'Gaborone, Botswana', N'abc18-019@thuto.bac.ac.bw', 3, 4, CAST(0xDA420B00 AS Date), 1)
INSERT STAFF (STAFFID, FIRSTNAME, SURNAME, GENDER, DOB, CELLNO, ADDRESS, EMAIL, BRANCHID, POSITIONID, DATEJOINED, STATUSID) VALUES (CAST(18021 AS Numeric(18, 0)), N'Angelinah', N'Mugoni', N'F', CAST(0x51260B00 AS Date), N'26776642277', N'Gaborone, Botswana', N'abc18-021@thuto.bac.ac.bw', 3, 4, CAST(0xDA420B00 AS Date), 1)
INSERT STAFF (STAFFID, FIRSTNAME, SURNAME, GENDER, DOB, CELLNO, ADDRESS, EMAIL, BRANCHID, POSITIONID, DATEJOINED, STATUSID) VALUES (CAST(18027 AS Numeric(18, 0)), N'Thabiso Mabedi Dave', N'Phirinyane', N'M', CAST(0x52260B00 AS Date), N'26776916361', N'Gaborone, Botswana', N'abc18-027@thuto.bac.ac.bw', 4, 4, CAST(0xDB420B00 AS Date), 1)
INSERT STAFF (STAFFID, FIRSTNAME, SURNAME, GENDER, DOB, CELLNO, ADDRESS, EMAIL, BRANCHID, POSITIONID, DATEJOINED, STATUSID) VALUES (CAST(18030 AS Numeric(18, 0)), N'Kutlo Jennifer Matlhogonolo', N'Ramaabya', N'F', CAST(0x4E260B00 AS Date), N'26772943238', N'Gaborone, Botswana', N'abc18-030@thuto.bac.ac.bw', 5, 4, CAST(0xD7420B00 AS Date), 1)
INSERT STAFF (STAFFID, FIRSTNAME, SURNAME, GENDER, DOB, CELLNO, ADDRESS, EMAIL, BRANCHID, POSITIONID, DATEJOINED, STATUSID) VALUES (CAST(18037 AS Numeric(18, 0)), N'Yame Refilwe', N'Modisa', N'F', CAST(0x4E260B00 AS Date), N'26776010133', N'Gaborone, Botswana', N'abc18-037@thuto.bac.ac.bw', 1, 4, CAST(0xD7420B00 AS Date), 1)
INSERT STAFF (STAFFID, FIRSTNAME, SURNAME, GENDER, DOB, CELLNO, ADDRESS, EMAIL, BRANCHID, POSITIONID, DATEJOINED, STATUSID) VALUES (CAST(19015 AS Numeric(18, 0)), N'Tefo Motheo G', N'Leipego', N'M', CAST(0x49260B00 AS Date), N'26777789346', N'Gaborone, Botswana', N'abc19-015@thuto.bac.ac.bw', 1, 2, CAST(0xD2420B00 AS Date), 1)
INSERT STAFF (STAFFID, FIRSTNAME, SURNAME, GENDER, DOB, CELLNO, ADDRESS, EMAIL, BRANCHID, POSITIONID, DATEJOINED, STATUSID) VALUES (CAST(19019 AS Numeric(18, 0)), N'Mariah Judith', N'Mapeni', N'F', CAST(0x38260B00 AS Date), N'26777779261', N'Gaborone, Botswana', N'abc19-019@thuto.bac.ac.bw', 1, 3, CAST(0xC1420B00 AS Date), 1)
INSERT STAFF (STAFFID, FIRSTNAME, SURNAME, GENDER, DOB, CELLNO, ADDRESS, EMAIL, BRANCHID, POSITIONID, DATEJOINED, STATUSID) VALUES (CAST(19025 AS Numeric(18, 0)), N'Yaone Tshwanelo', N'Keoagile', N'F', CAST(0x38260B00 AS Date), N'26774795812', N'Gaborone, Botswana', N'abc19-025@thuto.bac.ac.bw', 1, 1, CAST(0xC1420B00 AS Date), 1)
INSERT STAFF (STAFFID, FIRSTNAME, SURNAME, GENDER, DOB, CELLNO, ADDRESS, EMAIL, BRANCHID, POSITIONID, DATEJOINED, STATUSID) VALUES (CAST(20004 AS Numeric(18, 0)), N'Kelvin Tanaka', N'Mujeye', N'M', CAST(0x48260B00 AS Date), N'26775089101', N'Gaborone, Botswana', N'abc20-004@thuto.bac.ac.bw', 5, 4, CAST(0xD1420B00 AS Date), 1)
GO

/****** Object:  Table CUSTOMERSTATUS    Script Date: 03/15/2022 11:13:15 ******/
CREATE TABLE CUSTOMERSTATUS(
	STATUSID int PRIMARY KEY NOT NULL,
	CUSTOMERSTATUS nvarchar(50) NULL,
	DESCRIPTION nvarchar(250) NULL
)
GO
INSERT CUSTOMERSTATUS (STATUSID, CUSTOMERSTATUS, DESCRIPTION) VALUES (1, N'Active', N'Active Customer')
INSERT CUSTOMERSTATUS (STATUSID, CUSTOMERSTATUS, DESCRIPTION) VALUES (2, N'Blacklisted', N'Blacklisted Customer')
INSERT CUSTOMERSTATUS (STATUSID, CUSTOMERSTATUS, DESCRIPTION) VALUES (3, N'Deceased ', N'Deceased  Customer')
GO

/****** Object:  Table CUSTOMER    Script Date: 03/15/2022 11:13:15 ******/
CREATE TABLE CUSTOMER(
	CUSTOMERID numeric(18, 0) PRIMARY KEY NOT NULL,
	FIRSTNAME nvarchar(30) NULL,
	SURNAME nvarchar(30) NULL,
	GENDER nvarchar(1) NULL,
	DOB date NULL,
	CELLNO nvarchar(20) NULL,
	ADDRESS nvarchar(250) NULL,
	EMAIL nvarchar(100) NULL,
	COUNTRYID int NULL  FOREIGN KEY REFERENCES COUNTRY(COUNTRYID),
	DATEREGISTERED date NULL,
	STATUSID int NULL FOREIGN KEY REFERENCES CUSTOMERSTATUS(STATUSID)
)
GO
INSERT CUSTOMER (CUSTOMERID, FIRSTNAME, SURNAME, GENDER, DOB, CELLNO, ADDRESS, EMAIL, COUNTRYID, DATEREGISTERED, STATUSID) VALUES (CAST(19002 AS Numeric(18, 0)), N'Kago', N'Senabye', N'M', CAST(0x4D260B00 AS Date), N'26776781515', N'Gaborone, Botswana', N'fbda19-002@thuto.bac.ac.bw', 5, CAST(0xD6420B00 AS Date), 1)
INSERT CUSTOMER (CUSTOMERID, FIRSTNAME, SURNAME, GENDER, DOB, CELLNO, ADDRESS, EMAIL, COUNTRYID, DATEREGISTERED, STATUSID) VALUES (CAST(20001 AS Numeric(18, 0)), N'Nigel Kaone', N'Madome', N'M', CAST(0x37260B00 AS Date), N'26775964292', N'Gaborone, Botswana', N'bida20-001@thuto.bac.ac.bw', 5, CAST(0xC0420B00 AS Date), 1)
INSERT CUSTOMER (CUSTOMERID, FIRSTNAME, SURNAME, GENDER, DOB, CELLNO, ADDRESS, EMAIL, COUNTRYID, DATEREGISTERED, STATUSID) VALUES (CAST(20002 AS Numeric(18, 0)), N'Tapiwa ', N'Mlotshwa', N'F', CAST(0x37260B00 AS Date), N'26776689395', N'Gaborone, Botswana', N'bida20-002@thuto.bac.ac.bw', 5, CAST(0xC0420B00 AS Date), 1)
INSERT CUSTOMER (CUSTOMERID, FIRSTNAME, SURNAME, GENDER, DOB, CELLNO, ADDRESS, EMAIL, COUNTRYID, DATEREGISTERED, STATUSID) VALUES (CAST(20004 AS Numeric(18, 0)), N'Ntebogang', N'Baliki', N'F', CAST(0x38260B00 AS Date), N'26773843367', N'Gaborone, Botswana', N'bida20-004@thuto.bac.ac.bw', 5, CAST(0xC1420B00 AS Date), 1)
INSERT CUSTOMER (CUSTOMERID, FIRSTNAME, SURNAME, GENDER, DOB, CELLNO, ADDRESS, EMAIL, COUNTRYID, DATEREGISTERED, STATUSID) VALUES (CAST(20005 AS Numeric(18, 0)), N'Tsholofelo Precious', N'Modisane', N'F', CAST(0x38260B00 AS Date), N'26777583314', N'Gaborone, Botswana', N'bida20-005@thuto.bac.ac.bw', 5, CAST(0xC1420B00 AS Date), 1)
INSERT CUSTOMER (CUSTOMERID, FIRSTNAME, SURNAME, GENDER, DOB, CELLNO, ADDRESS, EMAIL, COUNTRYID, DATEREGISTERED, STATUSID) VALUES (CAST(20006 AS Numeric(18, 0)), N'Alisha Thobo', N'Serojane', N'F', CAST(0x38260B00 AS Date), N'26772923742', N'Gaborone, Botswana', N'bida20-006@thuto.bac.ac.bw', 5, CAST(0xC1420B00 AS Date), 1)
INSERT CUSTOMER (CUSTOMERID, FIRSTNAME, SURNAME, GENDER, DOB, CELLNO, ADDRESS, EMAIL, COUNTRYID, DATEREGISTERED, STATUSID) VALUES (CAST(20007 AS Numeric(18, 0)), N'Keontse Pudiephatswa', N'Raboloko', N'M', CAST(0x37260B00 AS Date), N'26775653523', N'Gaborone, Botswana', N'bida20-007@thuto.bac.ac.bw', 5, CAST(0xC0420B00 AS Date), 1)
INSERT CUSTOMER (CUSTOMERID, FIRSTNAME, SURNAME, GENDER, DOB, CELLNO, ADDRESS, EMAIL, COUNTRYID, DATEREGISTERED, STATUSID) VALUES (CAST(20008 AS Numeric(18, 0)), N'Bafenyi', N'Kopong', N'M', CAST(0x3F260B00 AS Date), NULL, N'Gaborone, Botswana', N'bida20-008@thuto.bac.ac.bw', 5, CAST(0xC8420B00 AS Date), 1)
INSERT CUSTOMER (CUSTOMERID, FIRSTNAME, SURNAME, GENDER, DOB, CELLNO, ADDRESS, EMAIL, COUNTRYID, DATEREGISTERED, STATUSID) VALUES (CAST(20010 AS Numeric(18, 0)), N'Pauline', N'Matshameko', N'F', CAST(0x38260B00 AS Date), N'26775247612', N'Gaborone, Botswana', N'bida20-010@thuto.bac.ac.bw', 5, CAST(0xC1420B00 AS Date), 1)
INSERT CUSTOMER (CUSTOMERID, FIRSTNAME, SURNAME, GENDER, DOB, CELLNO, ADDRESS, EMAIL, COUNTRYID, DATEREGISTERED, STATUSID) VALUES (CAST(20011 AS Numeric(18, 0)), N'Laone Nomhle', N'Mosimane', N'F', CAST(0x37260B00 AS Date), N'26774083169', N'Gaborone, Botswana', N'bida20-011@thuto.bac.ac.bw', 5, CAST(0xC0420B00 AS Date), 1)
INSERT CUSTOMER (CUSTOMERID, FIRSTNAME, SURNAME, GENDER, DOB, CELLNO, ADDRESS, EMAIL, COUNTRYID, DATEREGISTERED, STATUSID) VALUES (CAST(20012 AS Numeric(18, 0)), N'Sheila', N'Kebue', N'F', CAST(0x38260B00 AS Date), N'26775267584', N'Gaborone, Botswana', N'bida20-012@thuto.bac.ac.bw', 5, CAST(0xC1420B00 AS Date), 1)
INSERT CUSTOMER (CUSTOMERID, FIRSTNAME, SURNAME, GENDER, DOB, CELLNO, ADDRESS, EMAIL, COUNTRYID, DATEREGISTERED, STATUSID) VALUES (CAST(20013 AS Numeric(18, 0)), N'Karabo Alfred', N'Thelang', N'M', CAST(0x37260B00 AS Date), N'26771259827', N'Gaborone, Botswana', N'bida20-013@thuto.bac.ac.bw', 5, CAST(0xC0420B00 AS Date), 1)
INSERT CUSTOMER (CUSTOMERID, FIRSTNAME, SURNAME, GENDER, DOB, CELLNO, ADDRESS, EMAIL, COUNTRYID, DATEREGISTERED, STATUSID) VALUES (CAST(20014 AS Numeric(18, 0)), N'Tumo Phazha', N'Robby', N'M', CAST(0x3E260B00 AS Date), N'26776411037', N'Gaborone, Botswana', N'bida20-014@thuto.bac.ac.bw', 5, CAST(0xC7420B00 AS Date), 1)
INSERT CUSTOMER (CUSTOMERID, FIRSTNAME, SURNAME, GENDER, DOB, CELLNO, ADDRESS, EMAIL, COUNTRYID, DATEREGISTERED, STATUSID) VALUES (CAST(20015 AS Numeric(18, 0)), N'Phindile Garona Kgaiso', N'Molefe', N'F', CAST(0x37260B00 AS Date), NULL, N'Gaborone, Botswana', N'bida20-015@thuto.bac.ac.bw', 5, CAST(0xC0420B00 AS Date), 1)
INSERT CUSTOMER (CUSTOMERID, FIRSTNAME, SURNAME, GENDER, DOB, CELLNO, ADDRESS, EMAIL, COUNTRYID, DATEREGISTERED, STATUSID) VALUES (CAST(20016 AS Numeric(18, 0)), N'Helman', N'Tsheboyagae', N'M', CAST(0x38260B00 AS Date), N'26777924928', N'Gaborone, Botswana', N'bida20-016@thuto.bac.ac.bw', 5, CAST(0xC1420B00 AS Date), 1)
INSERT CUSTOMER (CUSTOMERID, FIRSTNAME, SURNAME, GENDER, DOB, CELLNO, ADDRESS, EMAIL, COUNTRYID, DATEREGISTERED, STATUSID) VALUES (CAST(20017 AS Numeric(18, 0)), N'Phetso', N'Bobaathebe', N'M', CAST(0x49260B00 AS Date), N'26777406060', N'Gaborone, Botswana', N'bida20-017@thuto.bac.ac.bw', 5, CAST(0xD2420B00 AS Date), 1)
INSERT CUSTOMER (CUSTOMERID, FIRSTNAME, SURNAME, GENDER, DOB, CELLNO, ADDRESS, EMAIL, COUNTRYID, DATEREGISTERED, STATUSID) VALUES (CAST(20019 AS Numeric(18, 0)), N'Ludo', N'Kenosi', N'F', CAST(0x3D260B00 AS Date), N'26772130126', N'Gaborone, Botswana', N'bida20-019@thuto.bac.ac.bw', 5, CAST(0xC6420B00 AS Date), 1)
INSERT CUSTOMER (CUSTOMERID, FIRSTNAME, SURNAME, GENDER, DOB, CELLNO, ADDRESS, EMAIL, COUNTRYID, DATEREGISTERED, STATUSID) VALUES (CAST(20020 AS Numeric(18, 0)), N'Segomotso Ruth', N'Isaac', N'F', CAST(0x38260B00 AS Date), N'26774460724', N'Gaborone, Botswana', N'bida20-020@thuto.bac.ac.bw', 5, CAST(0xC1420B00 AS Date), 1)
INSERT CUSTOMER (CUSTOMERID, FIRSTNAME, SURNAME, GENDER, DOB, CELLNO, ADDRESS, EMAIL, COUNTRYID, DATEREGISTERED, STATUSID) VALUES (CAST(20021 AS Numeric(18, 0)), N'Renee', N'Sabuta', N'F', CAST(0x3F260B00 AS Date), N'26774389865', N'Gaborone, Botswana', N'bida20-021@thuto.bac.ac.bw', 5, CAST(0xC8420B00 AS Date), 1)
INSERT CUSTOMER (CUSTOMERID, FIRSTNAME, SURNAME, GENDER, DOB, CELLNO, ADDRESS, EMAIL, COUNTRYID, DATEREGISTERED, STATUSID) VALUES (CAST(20022 AS Numeric(18, 0)), N'Leaname Lenyoloi L.', N'Abram', N'M', CAST(0x37260B00 AS Date), N'26777827896', N'Gaborone, Botswana', N'bida20-022@thuto.bac.ac.bw', 5, CAST(0xC0420B00 AS Date), 1)
INSERT CUSTOMER (CUSTOMERID, FIRSTNAME, SURNAME, GENDER, DOB, CELLNO, ADDRESS, EMAIL, COUNTRYID, DATEREGISTERED, STATUSID) VALUES (CAST(20023 AS Numeric(18, 0)), N'Ipeleng ', N'Ngake', N'F', CAST(0x49260B00 AS Date), N'26775411079', N'Windhoek, Namibia', N'bida20-023@thuto.bac.ac.bw', 40, CAST(0xD2420B00 AS Date), 1)
INSERT CUSTOMER (CUSTOMERID, FIRSTNAME, SURNAME, GENDER, DOB, CELLNO, ADDRESS, EMAIL, COUNTRYID, DATEREGISTERED, STATUSID) VALUES (CAST(20024 AS Numeric(18, 0)), N'Thuto', N'Kgosidialwa ', N'M', CAST(0x37260B00 AS Date), N'26776746118', N'Windhoek, Namibia', N'bida20-024@thuto.bac.ac.bw', 40, CAST(0xC0420B00 AS Date), 1)
INSERT CUSTOMER (CUSTOMERID, FIRSTNAME, SURNAME, GENDER, DOB, CELLNO, ADDRESS, EMAIL, COUNTRYID, DATEREGISTERED, STATUSID) VALUES (CAST(20025 AS Numeric(18, 0)), N'Lone', N'Maruatona', N'F', CAST(0x3E260B00 AS Date), N'26775071785', N'Windhoek, Namibia', N'bida20-025@thuto.bac.ac.bw', 40, CAST(0xC7420B00 AS Date), 1)
INSERT CUSTOMER (CUSTOMERID, FIRSTNAME, SURNAME, GENDER, DOB, CELLNO, ADDRESS, EMAIL, COUNTRYID, DATEREGISTERED, STATUSID) VALUES (CAST(20026 AS Numeric(18, 0)), N'Sandile Desmond', N'Mfazi', N'M', CAST(0x38260B00 AS Date), N'26777450897', N'Windhoek, Namibia', N'bida20-026@thuto.bac.ac.bw', 40, CAST(0xC1420B00 AS Date), 1)
INSERT CUSTOMER (CUSTOMERID, FIRSTNAME, SURNAME, GENDER, DOB, CELLNO, ADDRESS, EMAIL, COUNTRYID, DATEREGISTERED, STATUSID) VALUES (CAST(20027 AS Numeric(18, 0)), N'Pearl Dudu', N'Bosena', N'F', CAST(0x38260B00 AS Date), N'26772638836', N'Windhoek, Namibia', N'bida20-027@thuto.bac.ac.bw', 40, CAST(0xC1420B00 AS Date), 1)
INSERT CUSTOMER (CUSTOMERID, FIRSTNAME, SURNAME, GENDER, DOB, CELLNO, ADDRESS, EMAIL, COUNTRYID, DATEREGISTERED, STATUSID) VALUES (CAST(20028 AS Numeric(18, 0)), N'Maano', N'Maedza', N'M', CAST(0x5A260B00 AS Date), N'26772409965', N'Windhoek, Namibia', N'bida20-028@thuto.bac.ac.bw', 40, CAST(0xE3420B00 AS Date), 1)
INSERT CUSTOMER (CUSTOMERID, FIRSTNAME, SURNAME, GENDER, DOB, CELLNO, ADDRESS, EMAIL, COUNTRYID, DATEREGISTERED, STATUSID) VALUES (CAST(20029 AS Numeric(18, 0)), N'Natasha Oratile', N'Mpete', N'F', CAST(0x3D260B00 AS Date), NULL, N'Windhoek, Namibia', N'bida20-029@thuto.bac.ac.bw', 40, CAST(0xC6420B00 AS Date), 1)
INSERT CUSTOMER (CUSTOMERID, FIRSTNAME, SURNAME, GENDER, DOB, CELLNO, ADDRESS, EMAIL, COUNTRYID, DATEREGISTERED, STATUSID) VALUES (CAST(20031 AS Numeric(18, 0)), N'Pearl Naomi Angeler', N'Kgamelo', N'F', CAST(0x37260B00 AS Date), N'26772446343', N'Windhoek, Namibia', N'bida20-031@thuto.bac.ac.bw', 40, CAST(0xC0420B00 AS Date), 1)
INSERT CUSTOMER (CUSTOMERID, FIRSTNAME, SURNAME, GENDER, DOB, CELLNO, ADDRESS, EMAIL, COUNTRYID, DATEREGISTERED, STATUSID) VALUES (CAST(20032 AS Numeric(18, 0)), N'Oabo Ungwang', N'Nwako', N'F', CAST(0x38260B00 AS Date), N'26774623977', N'Windhoek, Namibia', N'bida20-032@thuto.bac.ac.bw', 40, CAST(0xC1420B00 AS Date), 1)
INSERT CUSTOMER (CUSTOMERID, FIRSTNAME, SURNAME, GENDER, DOB, CELLNO, ADDRESS, EMAIL, COUNTRYID, DATEREGISTERED, STATUSID) VALUES (CAST(20033 AS Numeric(18, 0)), N'Rakheem Ofile', N'Otukile', N'M', CAST(0x3E260B00 AS Date), N'26777004439', N'Windhoek, Namibia', N'bida20-033@thuto.bac.ac.bw', 40, CAST(0xC7420B00 AS Date), 1)
INSERT CUSTOMER (CUSTOMERID, FIRSTNAME, SURNAME, GENDER, DOB, CELLNO, ADDRESS, EMAIL, COUNTRYID, DATEREGISTERED, STATUSID) VALUES (CAST(20034 AS Numeric(18, 0)), N'Thulaganyo', N'Outule', N'M', CAST(0x3E260B00 AS Date), N'26776379543', N'Windhoek, Namibia', N'bida20-034@thuto.bac.ac.bw', 40, CAST(0xC7420B00 AS Date), 1)
INSERT CUSTOMER (CUSTOMERID, FIRSTNAME, SURNAME, GENDER, DOB, CELLNO, ADDRESS, EMAIL, COUNTRYID, DATEREGISTERED, STATUSID) VALUES (CAST(20035 AS Numeric(18, 0)), N'Ebiditse', N'Gobonywe', N'M', CAST(0x38260B00 AS Date), N'26777622043', N'Windhoek, Namibia', N'bida20-035@thuto.bac.ac.bw', 40, CAST(0xC1420B00 AS Date), 1)
INSERT CUSTOMER (CUSTOMERID, FIRSTNAME, SURNAME, GENDER, DOB, CELLNO, ADDRESS, EMAIL, COUNTRYID, DATEREGISTERED, STATUSID) VALUES (CAST(20036 AS Numeric(18, 0)), N'Thabang Allen', N'Rampete', N'M', CAST(0x44260B00 AS Date), NULL, N'Johannesburg, South Africa', N'bida20-036@thuto.bac.ac.bw', 51, CAST(0xCD420B00 AS Date), 1)
INSERT CUSTOMER (CUSTOMERID, FIRSTNAME, SURNAME, GENDER, DOB, CELLNO, ADDRESS, EMAIL, COUNTRYID, DATEREGISTERED, STATUSID) VALUES (CAST(20037 AS Numeric(18, 0)), N'Tirelo ', N'Molatlhiwa', N'M', CAST(0x38260B00 AS Date), N'26776558708', N'Johannesburg, South Africa', N'bida20-037@thuto.bac.ac.bw', 51, CAST(0xC1420B00 AS Date), 1)
INSERT CUSTOMER (CUSTOMERID, FIRSTNAME, SURNAME, GENDER, DOB, CELLNO, ADDRESS, EMAIL, COUNTRYID, DATEREGISTERED, STATUSID) VALUES (CAST(20038 AS Numeric(18, 0)), N'Ronnie Bofelo', N'Baoke', N'M', CAST(0x49260B00 AS Date), N'26772344602', N'Johannesburg, South Africa', N'bida20-038@thuto.bac.ac.bw', 51, CAST(0xD2420B00 AS Date), 1)
INSERT CUSTOMER (CUSTOMERID, FIRSTNAME, SURNAME, GENDER, DOB, CELLNO, ADDRESS, EMAIL, COUNTRYID, DATEREGISTERED, STATUSID) VALUES (CAST(20039 AS Numeric(18, 0)), N'Kgabung Victor Junior Tshepo ', N'Kgabung', N'M', CAST(0x3F260B00 AS Date), N'26776010319', N'Johannesburg, South Africa', N'bida20-039@thuto.bac.ac.bw', 51, CAST(0xC8420B00 AS Date), 1)
INSERT CUSTOMER (CUSTOMERID, FIRSTNAME, SURNAME, GENDER, DOB, CELLNO, ADDRESS, EMAIL, COUNTRYID, DATEREGISTERED, STATUSID) VALUES (CAST(20040 AS Numeric(18, 0)), N'Busisiwe Katlego Precious ', N'Kgafela ', N'F', CAST(0x38260B00 AS Date), N'26776416893', N'Johannesburg, South Africa', N'bida20-040@thuto.bac.ac.bw', 51, CAST(0xC1420B00 AS Date), 1)
INSERT CUSTOMER (CUSTOMERID, FIRSTNAME, SURNAME, GENDER, DOB, CELLNO, ADDRESS, EMAIL, COUNTRYID, DATEREGISTERED, STATUSID) VALUES (CAST(20041 AS Numeric(18, 0)), N'Tlotlo Brian', N'Gaogane', N'M', CAST(0x4A260B00 AS Date), N'26775730829', N'Johannesburg, South Africa', N'bida20-041@thuto.bac.ac.bw', 51, CAST(0xD3420B00 AS Date), 1)
INSERT CUSTOMER (CUSTOMERID, FIRSTNAME, SURNAME, GENDER, DOB, CELLNO, ADDRESS, EMAIL, COUNTRYID, DATEREGISTERED, STATUSID) VALUES (CAST(20042 AS Numeric(18, 0)), N'Mautlo', N'Letileng', N'M', CAST(0x38260B00 AS Date), N'26777166703', N'Johannesburg, South Africa', N'bida20-042@thuto.bac.ac.bw', 51, CAST(0xC1420B00 AS Date), 1)
INSERT CUSTOMER (CUSTOMERID, FIRSTNAME, SURNAME, GENDER, DOB, CELLNO, ADDRESS, EMAIL, COUNTRYID, DATEREGISTERED, STATUSID) VALUES (CAST(20043 AS Numeric(18, 0)), N'D’amico Atsile', N'Kebatile', N'M', CAST(0x3F260B00 AS Date), N'26774651265', N'Johannesburg, South Africa', N'bida20-043@thuto.bac.ac.bw', 51, CAST(0xC8420B00 AS Date), 1)
INSERT CUSTOMER (CUSTOMERID, FIRSTNAME, SURNAME, GENDER, DOB, CELLNO, ADDRESS, EMAIL, COUNTRYID, DATEREGISTERED, STATUSID) VALUES (CAST(20044 AS Numeric(18, 0)), N'Tshepang Ruth', N'Ramotlabaki', N'F', CAST(0x3F260B00 AS Date), N'26777505504', N'Johannesburg, South Africa', N'bida20-044@thuto.bac.ac.bw', 51, CAST(0xC8420B00 AS Date), 1)
INSERT CUSTOMER (CUSTOMERID, FIRSTNAME, SURNAME, GENDER, DOB, CELLNO, ADDRESS, EMAIL, COUNTRYID, DATEREGISTERED, STATUSID) VALUES (CAST(20045 AS Numeric(18, 0)), N'Emily Wame Stacey', N'Shaibu', N'F', CAST(0x37260B00 AS Date), N'26775300093', N'Johannesburg, South Africa', N'bida20-045@thuto.bac.ac.bw', 51, CAST(0xC0420B00 AS Date), 1)
INSERT CUSTOMER (CUSTOMERID, FIRSTNAME, SURNAME, GENDER, DOB, CELLNO, ADDRESS, EMAIL, COUNTRYID, DATEREGISTERED, STATUSID) VALUES (CAST(20046 AS Numeric(18, 0)), N'Hloniphile Ketra', N'Molwane', N'F', CAST(0x38260B00 AS Date), N'26776345242', N'Johannesburg, South Africa', N'bida20-046@thuto.bac.ac.bw', 51, CAST(0xC1420B00 AS Date), 1)
INSERT CUSTOMER (CUSTOMERID, FIRSTNAME, SURNAME, GENDER, DOB, CELLNO, ADDRESS, EMAIL, COUNTRYID, DATEREGISTERED, STATUSID) VALUES (CAST(20047 AS Numeric(18, 0)), N'Koorapetse Osiame', N'Maiketswane', N'M', CAST(0x4B260B00 AS Date), N'26775739766', N'Johannesburg, South Africa', N'bida20-047@thuto.bac.ac.bw', 51, CAST(0xD4420B00 AS Date), 1)
INSERT CUSTOMER (CUSTOMERID, FIRSTNAME, SURNAME, GENDER, DOB, CELLNO, ADDRESS, EMAIL, COUNTRYID, DATEREGISTERED, STATUSID) VALUES (CAST(20048 AS Numeric(18, 0)), N'Keletso Sharon', N'Kgosienngwe', N'F', CAST(0x38260B00 AS Date), N'26777630392', N'Harare, Zimbabwe', N'bida20-048@thuto.bac.ac.bw', 62, CAST(0xC1420B00 AS Date), 1)
INSERT CUSTOMER (CUSTOMERID, FIRSTNAME, SURNAME, GENDER, DOB, CELLNO, ADDRESS, EMAIL, COUNTRYID, DATEREGISTERED, STATUSID) VALUES (CAST(20049 AS Numeric(18, 0)), N'Obakeng Unoda', N'Amos', N'M', CAST(0x38260B00 AS Date), N'26777887156', N'Harare, Zimbabwe', N'bida20-049@thuto.bac.ac.bw', 62, CAST(0xC1420B00 AS Date), 1)
INSERT CUSTOMER (CUSTOMERID, FIRSTNAME, SURNAME, GENDER, DOB, CELLNO, ADDRESS, EMAIL, COUNTRYID, DATEREGISTERED, STATUSID) VALUES (CAST(20050 AS Numeric(18, 0)), N'Kgosimore', N'Kgosimore', N'M', CAST(0x3F260B00 AS Date), N'26773345833', N'Harare, Zimbabwe', N'bida20-050@thuto.bac.ac.bw', 62, CAST(0xC8420B00 AS Date), 1)
INSERT CUSTOMER (CUSTOMERID, FIRSTNAME, SURNAME, GENDER, DOB, CELLNO, ADDRESS, EMAIL, COUNTRYID, DATEREGISTERED, STATUSID) VALUES (CAST(20051 AS Numeric(18, 0)), N'Charity', N'Tselakgopo', N'F', CAST(0x4B260B00 AS Date), N'26775098604', N'Harare, Zimbabwe', N'bida20-051@thuto.bac.ac.bw', 62, CAST(0xD4420B00 AS Date), 1)
INSERT CUSTOMER (CUSTOMERID, FIRSTNAME, SURNAME, GENDER, DOB, CELLNO, ADDRESS, EMAIL, COUNTRYID, DATEREGISTERED, STATUSID) VALUES (CAST(20052 AS Numeric(18, 0)), N'Wayne Tefo', N'Ntefo', N'F', CAST(0x41260B00 AS Date), N'26775887222', N'Harare, Zimbabwe', N'bida20-052@thuto.bac.ac.bw', 62, CAST(0xCA420B00 AS Date), 1)
INSERT CUSTOMER (CUSTOMERID, FIRSTNAME, SURNAME, GENDER, DOB, CELLNO, ADDRESS, EMAIL, COUNTRYID, DATEREGISTERED, STATUSID) VALUES (CAST(20053 AS Numeric(18, 0)), N'Sean Thapelo', N'Mmolai', N'M', CAST(0x38260B00 AS Date), N'26774898183', N'Harare, Zimbabwe', N'bida20-053@thuto.bac.ac.bw', 62, CAST(0xC1420B00 AS Date), 1)
INSERT CUSTOMER (CUSTOMERID, FIRSTNAME, SURNAME, GENDER, DOB, CELLNO, ADDRESS, EMAIL, COUNTRYID, DATEREGISTERED, STATUSID) VALUES (CAST(20056 AS Numeric(18, 0)), N'Onalethata', N'Mokiya', N'M', CAST(0x37260B00 AS Date), N'26776296123', N'Harare, Zimbabwe', N'bida20-056@thuto.bac.ac.bw', 62, CAST(0xC0420B00 AS Date), 1)
INSERT CUSTOMER (CUSTOMERID, FIRSTNAME, SURNAME, GENDER, DOB, CELLNO, ADDRESS, EMAIL, COUNTRYID, DATEREGISTERED, STATUSID) VALUES (CAST(20057 AS Numeric(18, 0)), N'Keaboka Tepo', N'Nkhwa', N'M', CAST(0x3F260B00 AS Date), N'26772733563', N'Harare, Zimbabwe', N'bida20-057@thuto.bac.ac.bw', 62, CAST(0xC8420B00 AS Date), 1)
INSERT CUSTOMER (CUSTOMERID, FIRSTNAME, SURNAME, GENDER, DOB, CELLNO, ADDRESS, EMAIL, COUNTRYID, DATEREGISTERED, STATUSID) VALUES (CAST(20058 AS Numeric(18, 0)), N'Mpho Tlotlo', N'Sethapelo', N'F', CAST(0x49260B00 AS Date), N'26772520899', N'Harare, Zimbabwe', N'bida20-058@thuto.bac.ac.bw', 62, CAST(0xD2420B00 AS Date), 1)
INSERT CUSTOMER (CUSTOMERID, FIRSTNAME, SURNAME, GENDER, DOB, CELLNO, ADDRESS, EMAIL, COUNTRYID, DATEREGISTERED, STATUSID) VALUES (CAST(20059 AS Numeric(18, 0)), N'Melissa', N'Tshipietsile', N'F', CAST(0x37260B00 AS Date), N'26777644222', N'Harare, Zimbabwe', N'bida20-059@thuto.bac.ac.bw', 62, CAST(0xC0420B00 AS Date), 1)
INSERT CUSTOMER (CUSTOMERID, FIRSTNAME, SURNAME, GENDER, DOB, CELLNO, ADDRESS, EMAIL, COUNTRYID, DATEREGISTERED, STATUSID) VALUES (CAST(20060 AS Numeric(18, 0)), N'Tshepo Ivy', N'Sebola', N'F', CAST(0x38260B00 AS Date), N'26772792035', N'Harare, Zimbabwe', N'bida20-060@thuto.bac.ac.bw', 62, CAST(0xC1420B00 AS Date), 1)
INSERT CUSTOMER (CUSTOMERID, FIRSTNAME, SURNAME, GENDER, DOB, CELLNO, ADDRESS, EMAIL, COUNTRYID, DATEREGISTERED, STATUSID) VALUES (CAST(20062 AS Numeric(18, 0)), N'Gofaone', N'Banyatsi', N'F', CAST(0x38260B00 AS Date), NULL, N'Harare, Zimbabwe', N'bida20-062@thuto.bac.ac.bw', 62, CAST(0xC1420B00 AS Date), 1)
INSERT CUSTOMER (CUSTOMERID, FIRSTNAME, SURNAME, GENDER, DOB, CELLNO, ADDRESS, EMAIL, COUNTRYID, DATEREGISTERED, STATUSID) VALUES (CAST(20063 AS Numeric(18, 0)), N'Moses', N'Musekiwa', N'M', CAST(0x3E260B00 AS Date), N'26772137531', N'Harare, Zimbabwe', N'bida20-063@thuto.bac.ac.bw', 62, CAST(0xC7420B00 AS Date), 1)
INSERT CUSTOMER (CUSTOMERID, FIRSTNAME, SURNAME, GENDER, DOB, CELLNO, ADDRESS, EMAIL, COUNTRYID, DATEREGISTERED, STATUSID) VALUES (CAST(20064 AS Numeric(18, 0)), N'Olwethu Nomcebo', N'Mahlathini', N'F', CAST(0x38260B00 AS Date), N'26776978617', N'Harare, Zimbabwe', N'bida20-064@thuto.bac.ac.bw', 62, CAST(0xC1420B00 AS Date), 1)
INSERT CUSTOMER (CUSTOMERID, FIRSTNAME, SURNAME, GENDER, DOB, CELLNO, ADDRESS, EMAIL, COUNTRYID, DATEREGISTERED, STATUSID) VALUES (CAST(20065 AS Numeric(18, 0)), N'Tebo Michelle Stali', N'Ketshegile', N'F', CAST(0x37260B00 AS Date), N'26777749407', N'Harare, Zimbabwe', N'bida20-065@thuto.bac.ac.bw', 62, CAST(0xC0420B00 AS Date), 1)
INSERT CUSTOMER (CUSTOMERID, FIRSTNAME, SURNAME, GENDER, DOB, CELLNO, ADDRESS, EMAIL, COUNTRYID, DATEREGISTERED, STATUSID) VALUES (CAST(20066 AS Numeric(18, 0)), N'Katlego Hope', N'Ntalabgwe', N'F', CAST(0x38260B00 AS Date), N'26774238392', N'Harare, Zimbabwe', N'bida20-066@thuto.bac.ac.bw', 62, CAST(0xC1420B00 AS Date), 1)
INSERT CUSTOMER (CUSTOMERID, FIRSTNAME, SURNAME, GENDER, DOB, CELLNO, ADDRESS, EMAIL, COUNTRYID, DATEREGISTERED, STATUSID) VALUES (CAST(20067 AS Numeric(18, 0)), N'Boago Onicah', N'Jackson', N'F', CAST(0x3E260B00 AS Date), NULL, N'Harare, Zimbabwe', N'bida20-067@thuto.bac.ac.bw', 62, CAST(0xC7420B00 AS Date), 1)
INSERT CUSTOMER (CUSTOMERID, FIRSTNAME, SURNAME, GENDER, DOB, CELLNO, ADDRESS, EMAIL, COUNTRYID, DATEREGISTERED, STATUSID) VALUES (CAST(20068 AS Numeric(18, 0)), N'Loago Elliot Tumo', N'Ntsimako', N'M', CAST(0x4A260B00 AS Date), N'26772253899', N'Harare, Zimbabwe', N'bida20-068@thuto.bac.ac.bw', 62, CAST(0xD3420B00 AS Date), 1)
INSERT CUSTOMER (CUSTOMERID, FIRSTNAME, SURNAME, GENDER, DOB, CELLNO, ADDRESS, EMAIL, COUNTRYID, DATEREGISTERED, STATUSID) VALUES (CAST(20069 AS Numeric(18, 0)), N'Katlo Atang', N'Karema', N'M', CAST(0x38260B00 AS Date), N'26775926024', N'Harare, Zimbabwe', N'bida20-069@thuto.bac.ac.bw', 62, CAST(0xC1420B00 AS Date), 1)
INSERT CUSTOMER (CUSTOMERID, FIRSTNAME, SURNAME, GENDER, DOB, CELLNO, ADDRESS, EMAIL, COUNTRYID, DATEREGISTERED, STATUSID) VALUES (CAST(20072 AS Numeric(18, 0)), N'Lesego Jessicah', N'Johane', N'F', CAST(0x45260B00 AS Date), N'26773392672', N'Harare, Zimbabwe', N'bida20-072@thuto.bac.ac.bw', 62, CAST(0xCE420B00 AS Date), 1)
INSERT CUSTOMER (CUSTOMERID, FIRSTNAME, SURNAME, GENDER, DOB, CELLNO, ADDRESS, EMAIL, COUNTRYID, DATEREGISTERED, STATUSID) VALUES (CAST(20073 AS Numeric(18, 0)), N'Mphoyamodimo', N'Thapelo', N'F', CAST(0x38260B00 AS Date), N'26776184357', N'Harare, Zimbabwe', N'bida20-073@thuto.bac.ac.bw', 62, CAST(0xC1420B00 AS Date), 1)
INSERT CUSTOMER (CUSTOMERID, FIRSTNAME, SURNAME, GENDER, DOB, CELLNO, ADDRESS, EMAIL, COUNTRYID, DATEREGISTERED, STATUSID) VALUES (CAST(20074 AS Numeric(18, 0)), N'Goamogetswe Chandida', N'Nthobatsang', N'F', CAST(0x3D260B00 AS Date), N'26771872404', N'Harare, Zimbabwe', N'bida20-074@thuto.bac.ac.bw', 62, CAST(0xC6420B00 AS Date), 1)
INSERT CUSTOMER (CUSTOMERID, FIRSTNAME, SURNAME, GENDER, DOB, CELLNO, ADDRESS, EMAIL, COUNTRYID, DATEREGISTERED, STATUSID) VALUES (CAST(20076 AS Numeric(18, 0)), N'Warona', N'Goitsemang', N'F', CAST(0x37260B00 AS Date), N'26774727366', N'Harare, Zimbabwe', N'bida20-076@thuto.bac.ac.bw', 62, CAST(0xC0420B00 AS Date), 1)
INSERT CUSTOMER (CUSTOMERID, FIRSTNAME, SURNAME, GENDER, DOB, CELLNO, ADDRESS, EMAIL, COUNTRYID, DATEREGISTERED, STATUSID) VALUES (CAST(20077 AS Numeric(18, 0)), N'Kutlwano Portia ', N'Motsomi', N'F', CAST(0x3F260B00 AS Date), N'26777776722', N'Harare, Zimbabwe', N'bida20-077@thuto.bac.ac.bw', 62, CAST(0xC8420B00 AS Date), 1)
INSERT CUSTOMER (CUSTOMERID, FIRSTNAME, SURNAME, GENDER, DOB, CELLNO, ADDRESS, EMAIL, COUNTRYID, DATEREGISTERED, STATUSID) VALUES (CAST(20079 AS Numeric(18, 0)), N'Bokani', N'Makosha', N'M', CAST(0x3F260B00 AS Date), N'26771791605', N'Harare, Zimbabwe', N'bida20-079@thuto.bac.ac.bw', 62, CAST(0xC8420B00 AS Date), 1)
INSERT CUSTOMER (CUSTOMERID, FIRSTNAME, SURNAME, GENDER, DOB, CELLNO, ADDRESS, EMAIL, COUNTRYID, DATEREGISTERED, STATUSID) VALUES (CAST(20086 AS Numeric(18, 0)), N'Rumbidzai Tanya', N'Machera', N'F', CAST(0x3E260B00 AS Date), N'26774098834', N'Gaborone, Botswana', N'bida20-086@thuto.bac.ac.bw', 5, CAST(0xC7420B00 AS Date), 1)
INSERT CUSTOMER (CUSTOMERID, FIRSTNAME, SURNAME, GENDER, DOB, CELLNO, ADDRESS, EMAIL, COUNTRYID, DATEREGISTERED, STATUSID) VALUES (CAST(20088 AS Numeric(18, 0)), N'Tsholofelo Nakwezi', N'Tembwe', N'F', CAST(0x5A260B00 AS Date), N'26776604869', N'Gaborone, Botswana', N'bida20-088@thuto.bac.ac.bw', 5, CAST(0xE3420B00 AS Date), 1)
INSERT CUSTOMER (CUSTOMERID, FIRSTNAME, SURNAME, GENDER, DOB, CELLNO, ADDRESS, EMAIL, COUNTRYID, DATEREGISTERED, STATUSID) VALUES (CAST(20090 AS Numeric(18, 0)), N'Lefika Kaone', N'Lekgotla', N'M', CAST(0x3E260B00 AS Date), N'26774242184', N'Gaborone, Botswana', N'bida20-090@thuto.bac.ac.bw', 5, CAST(0xC7420B00 AS Date), 1)
INSERT CUSTOMER (CUSTOMERID, FIRSTNAME, SURNAME, GENDER, DOB, CELLNO, ADDRESS, EMAIL, COUNTRYID, DATEREGISTERED, STATUSID) VALUES (CAST(20091 AS Numeric(18, 0)), N'Refilwe Dianna', N'Jack', N'F', CAST(0x37260B00 AS Date), N'26772320323', N'Gaborone, Botswana', N'bida20-091@thuto.bac.ac.bw', 5, CAST(0xC0420B00 AS Date), 1)
INSERT CUSTOMER (CUSTOMERID, FIRSTNAME, SURNAME, GENDER, DOB, CELLNO, ADDRESS, EMAIL, COUNTRYID, DATEREGISTERED, STATUSID) VALUES (CAST(20092 AS Numeric(18, 0)), N'Boago', N'Keeditse', N'M', CAST(0x3F260B00 AS Date), NULL, N'Gaborone, Botswana', N'bida20-092@thuto.bac.ac.bw', 5, CAST(0xC8420B00 AS Date), 1)
INSERT CUSTOMER (CUSTOMERID, FIRSTNAME, SURNAME, GENDER, DOB, CELLNO, ADDRESS, EMAIL, COUNTRYID, DATEREGISTERED, STATUSID) VALUES (CAST(20093 AS Numeric(18, 0)), N'Jerome Jabulani', N'Seboni', N'M', CAST(0x49260B00 AS Date), N'26777473791', N'Gaborone, Botswana', N'bida20-093@thuto.bac.ac.bw', 5, CAST(0xD2420B00 AS Date), 1)
INSERT CUSTOMER (CUSTOMERID, FIRSTNAME, SURNAME, GENDER, DOB, CELLNO, ADDRESS, EMAIL, COUNTRYID, DATEREGISTERED, STATUSID) VALUES (CAST(20094 AS Numeric(18, 0)), N'Amantle Larona G E', N'Maakelo', N'F', CAST(0x38260B00 AS Date), N'26776177669', N'Gaborone, Botswana', N'bida20-094@thuto.bac.ac.bw', 5, CAST(0xC1420B00 AS Date), 1)
INSERT CUSTOMER (CUSTOMERID, FIRSTNAME, SURNAME, GENDER, DOB, CELLNO, ADDRESS, EMAIL, COUNTRYID, DATEREGISTERED, STATUSID) VALUES (CAST(20095 AS Numeric(18, 0)), N'Katso Phenyo', N'Ditlhakeng', N'M', CAST(0x89260B00 AS Date), N'26772398640', N'Gaborone, Botswana', N'bida20-095@bac.ac.bw', 5, CAST(0x12430B00 AS Date), 1)
INSERT CUSTOMER (CUSTOMERID, FIRSTNAME, SURNAME, GENDER, DOB, CELLNO, ADDRESS, EMAIL, COUNTRYID, DATEREGISTERED, STATUSID) VALUES (CAST(20096 AS Numeric(18, 0)), N'Kevin Lame', N'Basupi', N'M', CAST(0x89260B00 AS Date), N'26776508453', N'Gaborone, Botswana', N'bida20-096@thuto.bac.ac.bw', 5, CAST(0x12430B00 AS Date), 1)
INSERT CUSTOMER (CUSTOMERID, FIRSTNAME, SURNAME, GENDER, DOB, CELLNO, ADDRESS, EMAIL, COUNTRYID, DATEREGISTERED, STATUSID) VALUES (CAST(20097 AS Numeric(18, 0)), N'Uyapo Leano R', N'Luke', N'M', CAST(0x3F260B00 AS Date), NULL, N'Gaborone, Botswana', N'bida20-097@thuto.bac.ac.bw', 5, CAST(0xC8420B00 AS Date), 1)
GO

/****** Object:  Table MAKE    Script Date: 03/15/2022 11:13:15 ******/
CREATE TABLE MAKE(
	MAKEID int PRIMARY KEY NOT NULL,
	MAKE nvarchar(50) NULL,
	DESCRIPTION nvarchar(250) NULL
)
GO
INSERT MAKE (MAKEID, MAKE, DESCRIPTION) VALUES (1, N'Acura', N'Acura')
INSERT MAKE (MAKEID, MAKE, DESCRIPTION) VALUES (3, N'Audi', N'Audi')
INSERT MAKE (MAKEID, MAKE, DESCRIPTION) VALUES (4, N'BMW', N'BMW')
INSERT MAKE (MAKEID, MAKE, DESCRIPTION) VALUES (5, N'Buick', N'Buick')
INSERT MAKE (MAKEID, MAKE, DESCRIPTION) VALUES (6, N'Cadillac', N'Cadillac')
INSERT MAKE (MAKEID, MAKE, DESCRIPTION) VALUES (7, N'Chevrolet', N'Chevrolet')
INSERT MAKE (MAKEID, MAKE, DESCRIPTION) VALUES (8, N'Chrysler', N'Chrysler')
INSERT MAKE (MAKEID, MAKE, DESCRIPTION) VALUES (9, N'Dodge', N'Dodge')
INSERT MAKE (MAKEID, MAKE, DESCRIPTION) VALUES (10, N'FIAT', N'FIAT')
INSERT MAKE (MAKEID, MAKE, DESCRIPTION) VALUES (11, N'Ford', N'Ford')
INSERT MAKE (MAKEID, MAKE, DESCRIPTION) VALUES (12, N'Genesis', N'Genesis')
INSERT MAKE (MAKEID, MAKE, DESCRIPTION) VALUES (13, N'GMC', N'GMC')
INSERT MAKE (MAKEID, MAKE, DESCRIPTION) VALUES (14, N'Honda', N'Honda')
INSERT MAKE (MAKEID, MAKE, DESCRIPTION) VALUES (15, N'Hyundai', N'Hyundai')
INSERT MAKE (MAKEID, MAKE, DESCRIPTION) VALUES (16, N'INFINITI', N'INFINITI')
INSERT MAKE (MAKEID, MAKE, DESCRIPTION) VALUES (17, N'Jaguar', N'Jaguar')
INSERT MAKE (MAKEID, MAKE, DESCRIPTION) VALUES (18, N'Jeep', N'Jeep')
INSERT MAKE (MAKEID, MAKE, DESCRIPTION) VALUES (19, N'Kia', N'Kia')
INSERT MAKE (MAKEID, MAKE, DESCRIPTION) VALUES (20, N'Land Rover', N'Land Rover')
INSERT MAKE (MAKEID, MAKE, DESCRIPTION) VALUES (21, N'Lexus', N'Lexus')
INSERT MAKE (MAKEID, MAKE, DESCRIPTION) VALUES (22, N'Lincoln', N'Lincoln')
INSERT MAKE (MAKEID, MAKE, DESCRIPTION) VALUES (23, N'Lucid', N'Lucid')
INSERT MAKE (MAKEID, MAKE, DESCRIPTION) VALUES (24, N'Maserati', N'Maserati')
INSERT MAKE (MAKEID, MAKE, DESCRIPTION) VALUES (25, N'MAZDA', N'MAZDA')
INSERT MAKE (MAKEID, MAKE, DESCRIPTION) VALUES (26, N'Mercedes-Benz', N'Mercedes-Benz')
INSERT MAKE (MAKEID, MAKE, DESCRIPTION) VALUES (27, N'MINI', N'MINI')
INSERT MAKE (MAKEID, MAKE, DESCRIPTION) VALUES (28, N'Mitsubishi', N'Mitsubishi')
INSERT MAKE (MAKEID, MAKE, DESCRIPTION) VALUES (29, N'Nissan', N'Nissan')
INSERT MAKE (MAKEID, MAKE, DESCRIPTION) VALUES (30, N'Polestar', N'Polestar')
INSERT MAKE (MAKEID, MAKE, DESCRIPTION) VALUES (31, N'Porsche', N'Porsche')
INSERT MAKE (MAKEID, MAKE, DESCRIPTION) VALUES (32, N'Ram', N'Ram')
INSERT MAKE (MAKEID, MAKE, DESCRIPTION) VALUES (33, N'Rivian', N'Rivian')
INSERT MAKE (MAKEID, MAKE, DESCRIPTION) VALUES (34, N'Subaru', N'Subaru')
INSERT MAKE (MAKEID, MAKE, DESCRIPTION) VALUES (35, N'Tesla', N'Tesla')
INSERT MAKE (MAKEID, MAKE, DESCRIPTION) VALUES (36, N'Toyota', N'Toyota')
INSERT MAKE (MAKEID, MAKE, DESCRIPTION) VALUES (37, N'Volkswagen', N'Volkswagen')
INSERT MAKE (MAKEID, MAKE, DESCRIPTION) VALUES (38, N'Volvo', N'Volvo')
GO

/****** Object:  Table MODEL    Script Date: 03/15/2022 11:13:15 ******/
CREATE TABLE MODEL(
	MODELID int PRIMARY KEY NOT NULL,
	MODEL nvarchar(50) NULL,
	BODYSTYLE nvarchar(50) NULL,
	MAKEID int NULL
)
GO
INSERT MODEL (MODELID, MODEL, BODYSTYLE, MAKEID) VALUES (1, N'ILX', N'Sedan', 1)
INSERT MODEL (MODELID, MODEL, BODYSTYLE, MAKEID) VALUES (2, N'MDX', N'SUV', 1)
INSERT MODEL (MODELID, MODEL, BODYSTYLE, MAKEID) VALUES (3, N'NSX', N'Coupe', 1)
INSERT MODEL (MODELID, MODEL, BODYSTYLE, MAKEID) VALUES (4, N'RDX', N'SUV', 1)
INSERT MODEL (MODELID, MODEL, BODYSTYLE, MAKEID) VALUES (5, N'TLX', N'Sedan', 1)
INSERT MODEL (MODELID, MODEL, BODYSTYLE, MAKEID) VALUES (6, N'Giulia', N'Sedan', 2)
INSERT MODEL (MODELID, MODEL, BODYSTYLE, MAKEID) VALUES (7, N'Stelvio', N'SUV', 2)
INSERT MODEL (MODELID, MODEL, BODYSTYLE, MAKEID) VALUES (8, N'A3', N'Sedan', 3)
INSERT MODEL (MODELID, MODEL, BODYSTYLE, MAKEID) VALUES (9, N'A4', N'Sedan', 3)
INSERT MODEL (MODELID, MODEL, BODYSTYLE, MAKEID) VALUES (10, N'A4 allroad', N'Wagon', 3)
INSERT MODEL (MODELID, MODEL, BODYSTYLE, MAKEID) VALUES (11, N'A5', N'Sedan', 3)
INSERT MODEL (MODELID, MODEL, BODYSTYLE, MAKEID) VALUES (12, N'A6', N'Sedan', 3)
INSERT MODEL (MODELID, MODEL, BODYSTYLE, MAKEID) VALUES (13, N'A6 allroad', N'Wagon', 3)
INSERT MODEL (MODELID, MODEL, BODYSTYLE, MAKEID) VALUES (14, N'A7', N'Sedan', 3)
INSERT MODEL (MODELID, MODEL, BODYSTYLE, MAKEID) VALUES (15, N'e-tron', N'SUV', 3)
INSERT MODEL (MODELID, MODEL, BODYSTYLE, MAKEID) VALUES (16, N'e-tron GT', N'Sedan', 3)
INSERT MODEL (MODELID, MODEL, BODYSTYLE, MAKEID) VALUES (17, N'e-tron S', N'SUV', 3)
INSERT MODEL (MODELID, MODEL, BODYSTYLE, MAKEID) VALUES (18, N'e-tron S Sportback', N'SUV', 3)
INSERT MODEL (MODELID, MODEL, BODYSTYLE, MAKEID) VALUES (19, N'e-tron Sportback', N'SUV', 3)
INSERT MODEL (MODELID, MODEL, BODYSTYLE, MAKEID) VALUES (20, N'Q3', N'SUV', 3)
INSERT MODEL (MODELID, MODEL, BODYSTYLE, MAKEID) VALUES (21, N'Q4 e-tron', N'SUV', 3)
INSERT MODEL (MODELID, MODEL, BODYSTYLE, MAKEID) VALUES (22, N'Q5', N'SUV', 3)
INSERT MODEL (MODELID, MODEL, BODYSTYLE, MAKEID) VALUES (23, N'Q5 Sportback', N'SUV', 3)
INSERT MODEL (MODELID, MODEL, BODYSTYLE, MAKEID) VALUES (24, N'Q7', N'SUV', 3)
INSERT MODEL (MODELID, MODEL, BODYSTYLE, MAKEID) VALUES (25, N'Q8', N'SUV', 3)
INSERT MODEL (MODELID, MODEL, BODYSTYLE, MAKEID) VALUES (26, N'R8', N'Convertible', 3)
INSERT MODEL (MODELID, MODEL, BODYSTYLE, MAKEID) VALUES (27, N'RS 5', N'Coupe', 3)
INSERT MODEL (MODELID, MODEL, BODYSTYLE, MAKEID) VALUES (28, N'RS 6', N'Wagon', 3)
INSERT MODEL (MODELID, MODEL, BODYSTYLE, MAKEID) VALUES (29, N'RS 7', N'Sedan', 3)
INSERT MODEL (MODELID, MODEL, BODYSTYLE, MAKEID) VALUES (30, N'RS e-tron GT', N'Sedan', 3)
INSERT MODEL (MODELID, MODEL, BODYSTYLE, MAKEID) VALUES (31, N'RS Q8', N'SUV', 3)
INSERT MODEL (MODELID, MODEL, BODYSTYLE, MAKEID) VALUES (32, N'S3', N'Sedan', 3)
INSERT MODEL (MODELID, MODEL, BODYSTYLE, MAKEID) VALUES (33, N'S4', N'Sedan', 3)
INSERT MODEL (MODELID, MODEL, BODYSTYLE, MAKEID) VALUES (34, N'S5', N'Sedan', 3)
INSERT MODEL (MODELID, MODEL, BODYSTYLE, MAKEID) VALUES (35, N'S7', N'Sedan', 3)
INSERT MODEL (MODELID, MODEL, BODYSTYLE, MAKEID) VALUES (36, N'SQ5', N'SUV', 3)
INSERT MODEL (MODELID, MODEL, BODYSTYLE, MAKEID) VALUES (37, N'SQ5 Sportback', N'SUV', 3)
INSERT MODEL (MODELID, MODEL, BODYSTYLE, MAKEID) VALUES (38, N'SQ7', N'SUV', 3)
INSERT MODEL (MODELID, MODEL, BODYSTYLE, MAKEID) VALUES (39, N'SQ8', N'SUV', 3)
INSERT MODEL (MODELID, MODEL, BODYSTYLE, MAKEID) VALUES (40, N'TT', N'Coupe', 3)
INSERT MODEL (MODELID, MODEL, BODYSTYLE, MAKEID) VALUES (41, N'2 Series', N'Sedan', 4)
INSERT MODEL (MODELID, MODEL, BODYSTYLE, MAKEID) VALUES (42, N'3 Series', N'Sedan', 4)
INSERT MODEL (MODELID, MODEL, BODYSTYLE, MAKEID) VALUES (43, N'4 Series', N'Convertible', 4)
INSERT MODEL (MODELID, MODEL, BODYSTYLE, MAKEID) VALUES (44, N'5 Series', N'Sedan', 4)
INSERT MODEL (MODELID, MODEL, BODYSTYLE, MAKEID) VALUES (45, N'7 Series', N'Sedan', 4)
INSERT MODEL (MODELID, MODEL, BODYSTYLE, MAKEID) VALUES (46, N'8 Series', N'Sedan', 4)
INSERT MODEL (MODELID, MODEL, BODYSTYLE, MAKEID) VALUES (47, N'i4', N'Coupe', 4)
INSERT MODEL (MODELID, MODEL, BODYSTYLE, MAKEID) VALUES (48, N'iX', N'SUV', 4)
INSERT MODEL (MODELID, MODEL, BODYSTYLE, MAKEID) VALUES (49, N'M3', N'Sedan', 4)
INSERT MODEL (MODELID, MODEL, BODYSTYLE, MAKEID) VALUES (50, N'M4', N'Coupe', 4)
INSERT MODEL (MODELID, MODEL, BODYSTYLE, MAKEID) VALUES (51, N'M5', N'Sedan', 4)
INSERT MODEL (MODELID, MODEL, BODYSTYLE, MAKEID) VALUES (52, N'M8', N'Hatchback', 4)
INSERT MODEL (MODELID, MODEL, BODYSTYLE, MAKEID) VALUES (53, N'X1', N'SUV', 4)
INSERT MODEL (MODELID, MODEL, BODYSTYLE, MAKEID) VALUES (54, N'X2', N'SUV', 4)
INSERT MODEL (MODELID, MODEL, BODYSTYLE, MAKEID) VALUES (55, N'X3', N'SUV', 4)
INSERT MODEL (MODELID, MODEL, BODYSTYLE, MAKEID) VALUES (56, N'X3 M', N'SUV', 4)
INSERT MODEL (MODELID, MODEL, BODYSTYLE, MAKEID) VALUES (57, N'X4', N'SUV', 4)
INSERT MODEL (MODELID, MODEL, BODYSTYLE, MAKEID) VALUES (58, N'X4 M', N'SUV', 4)
INSERT MODEL (MODELID, MODEL, BODYSTYLE, MAKEID) VALUES (59, N'X5', N'SUV', 4)
INSERT MODEL (MODELID, MODEL, BODYSTYLE, MAKEID) VALUES (60, N'X5 M', N'SUV', 4)
INSERT MODEL (MODELID, MODEL, BODYSTYLE, MAKEID) VALUES (61, N'X6', N'SUV', 4)
INSERT MODEL (MODELID, MODEL, BODYSTYLE, MAKEID) VALUES (62, N'X6 M', N'SUV', 4)
INSERT MODEL (MODELID, MODEL, BODYSTYLE, MAKEID) VALUES (63, N'X7', N'SUV', 4)
INSERT MODEL (MODELID, MODEL, BODYSTYLE, MAKEID) VALUES (64, N'Z4', N'Convertible', 4)
INSERT MODEL (MODELID, MODEL, BODYSTYLE, MAKEID) VALUES (65, N'Enclave', N'SUV', 5)
INSERT MODEL (MODELID, MODEL, BODYSTYLE, MAKEID) VALUES (66, N'Encore', N'SUV', 5)
INSERT MODEL (MODELID, MODEL, BODYSTYLE, MAKEID) VALUES (67, N'Encore GX', N'SUV', 5)
INSERT MODEL (MODELID, MODEL, BODYSTYLE, MAKEID) VALUES (68, N'Envision', N'SUV', 5)
INSERT MODEL (MODELID, MODEL, BODYSTYLE, MAKEID) VALUES (69, N'CT4', N'Sedan', 6)
INSERT MODEL (MODELID, MODEL, BODYSTYLE, MAKEID) VALUES (70, N'CT5', N'Sedan', 6)
INSERT MODEL (MODELID, MODEL, BODYSTYLE, MAKEID) VALUES (71, N'Escalade', N'SUV', 6)
INSERT MODEL (MODELID, MODEL, BODYSTYLE, MAKEID) VALUES (72, N'Escalade ESV', N'SUV', 6)
INSERT MODEL (MODELID, MODEL, BODYSTYLE, MAKEID) VALUES (73, N'XT4', N'SUV', 6)
INSERT MODEL (MODELID, MODEL, BODYSTYLE, MAKEID) VALUES (74, N'XT5', N'SUV', 6)
INSERT MODEL (MODELID, MODEL, BODYSTYLE, MAKEID) VALUES (75, N'XT6', N'SUV', 6)
INSERT MODEL (MODELID, MODEL, BODYSTYLE, MAKEID) VALUES (76, N'Blazer', N'SUV', 7)
INSERT MODEL (MODELID, MODEL, BODYSTYLE, MAKEID) VALUES (77, N'Bolt EUV', N'Hatchback', 7)
INSERT MODEL (MODELID, MODEL, BODYSTYLE, MAKEID) VALUES (78, N'Bolt EV', N'Hatchback', 7)
INSERT MODEL (MODELID, MODEL, BODYSTYLE, MAKEID) VALUES (79, N'Camaro', N'Convertible', 7)
INSERT MODEL (MODELID, MODEL, BODYSTYLE, MAKEID) VALUES (80, N'Colorado Crew Cab', N'Pickup', 7)
INSERT MODEL (MODELID, MODEL, BODYSTYLE, MAKEID) VALUES (81, N'Colorado Extended Cab', N'Pickup', 7)
INSERT MODEL (MODELID, MODEL, BODYSTYLE, MAKEID) VALUES (82, N'Corvette', N'Convertible', 7)
INSERT MODEL (MODELID, MODEL, BODYSTYLE, MAKEID) VALUES (83, N'Equinox', N'SUV', 7)
INSERT MODEL (MODELID, MODEL, BODYSTYLE, MAKEID) VALUES (84, N'Express 2500 Cargo', N'Van', 7)
INSERT MODEL (MODELID, MODEL, BODYSTYLE, MAKEID) VALUES (85, N'Malibu', N'Sedan', 7)
INSERT MODEL (MODELID, MODEL, BODYSTYLE, MAKEID) VALUES (86, N'Silverado 1500 Double Cab', N'Pickup', 7)
INSERT MODEL (MODELID, MODEL, BODYSTYLE, MAKEID) VALUES (87, N'Silverado 1500 Limited Crew Cab', N'Pickup', 7)
INSERT MODEL (MODELID, MODEL, BODYSTYLE, MAKEID) VALUES (88, N'Silverado 1500 Limited Regular Cab', N'Pickup', 7)
INSERT MODEL (MODELID, MODEL, BODYSTYLE, MAKEID) VALUES (89, N'Silverado 1500 Regular Cab', N'Pickup', 7)
INSERT MODEL (MODELID, MODEL, BODYSTYLE, MAKEID) VALUES (90, N'Silverado 2500 HD Crew Cab', N'Pickup', 7)
INSERT MODEL (MODELID, MODEL, BODYSTYLE, MAKEID) VALUES (91, N'Silverado 2500 HD Double Cab', N'Pickup', 7)
INSERT MODEL (MODELID, MODEL, BODYSTYLE, MAKEID) VALUES (92, N'Silverado 3500 HD Crew Cab', N'Pickup', 7)
INSERT MODEL (MODELID, MODEL, BODYSTYLE, MAKEID) VALUES (93, N'Spark', N'Hatchback', 7)
INSERT MODEL (MODELID, MODEL, BODYSTYLE, MAKEID) VALUES (94, N'Suburban', N'SUV', 7)
INSERT MODEL (MODELID, MODEL, BODYSTYLE, MAKEID) VALUES (95, N'Tahoe', N'SUV', 7)
INSERT MODEL (MODELID, MODEL, BODYSTYLE, MAKEID) VALUES (96, N'Trailblazer', N'SUV', 7)
INSERT MODEL (MODELID, MODEL, BODYSTYLE, MAKEID) VALUES (97, N'Traverse', N'SUV', 7)
INSERT MODEL (MODELID, MODEL, BODYSTYLE, MAKEID) VALUES (98, N'Trax', N'SUV', 7)
INSERT MODEL (MODELID, MODEL, BODYSTYLE, MAKEID) VALUES (99, N'300', N'Sedan', 8)
INSERT MODEL (MODELID, MODEL, BODYSTYLE, MAKEID) VALUES (100, N'Pacifica', N'Van', 8)
INSERT MODEL (MODELID, MODEL, BODYSTYLE, MAKEID) VALUES (101, N'Pacifica Hybrid', N'Van', 8)
GO
print 'Processed 100 total records'
INSERT MODEL (MODELID, MODEL, BODYSTYLE, MAKEID) VALUES (102, N'Challenger', N'Coupe', 9)
INSERT MODEL (MODELID, MODEL, BODYSTYLE, MAKEID) VALUES (103, N'Charger', N'Sedan', 9)
INSERT MODEL (MODELID, MODEL, BODYSTYLE, MAKEID) VALUES (104, N'Durango', N'SUV', 9)
INSERT MODEL (MODELID, MODEL, BODYSTYLE, MAKEID) VALUES (105, N'500X', N'SUV', 10)
INSERT MODEL (MODELID, MODEL, BODYSTYLE, MAKEID) VALUES (106, N'Bronco', N'SUV', 11)
INSERT MODEL (MODELID, MODEL, BODYSTYLE, MAKEID) VALUES (107, N'Bronco Sport', N'SUV', 11)
INSERT MODEL (MODELID, MODEL, BODYSTYLE, MAKEID) VALUES (108, N'EcoSport', N'SUV', 11)
INSERT MODEL (MODELID, MODEL, BODYSTYLE, MAKEID) VALUES (109, N'Edge', N'SUV', 11)
INSERT MODEL (MODELID, MODEL, BODYSTYLE, MAKEID) VALUES (110, N'Escape', N'SUV', 11)
INSERT MODEL (MODELID, MODEL, BODYSTYLE, MAKEID) VALUES (111, N'Everest', N'SUV', 11)
INSERT MODEL (MODELID, MODEL, BODYSTYLE, MAKEID) VALUES (112, N'Expedition MAX', N'SUV', 11)
INSERT MODEL (MODELID, MODEL, BODYSTYLE, MAKEID) VALUES (113, N'Explorer', N'SUV', 11)
INSERT MODEL (MODELID, MODEL, BODYSTYLE, MAKEID) VALUES (114, N'F150 Lightning', N'Pickup', 11)
INSERT MODEL (MODELID, MODEL, BODYSTYLE, MAKEID) VALUES (115, N'F150 SuperCrew Cab', N'Pickup', 11)
INSERT MODEL (MODELID, MODEL, BODYSTYLE, MAKEID) VALUES (116, N'F250 Super Duty Crew Cab', N'Pickup', 11)
INSERT MODEL (MODELID, MODEL, BODYSTYLE, MAKEID) VALUES (117, N'F250 Super Duty Regular Cab', N'Pickup', 11)
INSERT MODEL (MODELID, MODEL, BODYSTYLE, MAKEID) VALUES (118, N'F250 Super Duty Super Cab', N'Pickup', 11)
INSERT MODEL (MODELID, MODEL, BODYSTYLE, MAKEID) VALUES (119, N'Kuga', N'SUV', 11)
INSERT MODEL (MODELID, MODEL, BODYSTYLE, MAKEID) VALUES (120, N'F450 Super Duty Crew Cab', N'Pickup', 11)
INSERT MODEL (MODELID, MODEL, BODYSTYLE, MAKEID) VALUES (121, N'Maverick', N'Pickup', 11)
INSERT MODEL (MODELID, MODEL, BODYSTYLE, MAKEID) VALUES (122, N'Mustang', N'Coupe', 11)
INSERT MODEL (MODELID, MODEL, BODYSTYLE, MAKEID) VALUES (123, N'Mustang MACH-E', N'SUV', 11)
INSERT MODEL (MODELID, MODEL, BODYSTYLE, MAKEID) VALUES (124, N'Ranger SuperCab', N'Pickup', 11)
INSERT MODEL (MODELID, MODEL, BODYSTYLE, MAKEID) VALUES (125, N'Ranger Raptor', N'Pickup', 11)
INSERT MODEL (MODELID, MODEL, BODYSTYLE, MAKEID) VALUES (126, N'Transit 250 Cargo Van', N'Van', 11)
INSERT MODEL (MODELID, MODEL, BODYSTYLE, MAKEID) VALUES (127, N'Transit 350 HD Cargo Van', N'Van', 11)
INSERT MODEL (MODELID, MODEL, BODYSTYLE, MAKEID) VALUES (128, N'Transit Connect Cargo Van', N'Van', 11)
INSERT MODEL (MODELID, MODEL, BODYSTYLE, MAKEID) VALUES (129, N'Transit Connect Passenger Wagon', N'Van', 11)
INSERT MODEL (MODELID, MODEL, BODYSTYLE, MAKEID) VALUES (130, N'Electrified G80', N'Sedan', 12)
INSERT MODEL (MODELID, MODEL, BODYSTYLE, MAKEID) VALUES (131, N'G70', N'Sedan', 12)
INSERT MODEL (MODELID, MODEL, BODYSTYLE, MAKEID) VALUES (132, N'G80', N'Sedan', 12)
INSERT MODEL (MODELID, MODEL, BODYSTYLE, MAKEID) VALUES (133, N'G90', N'Sedan', 12)
INSERT MODEL (MODELID, MODEL, BODYSTYLE, MAKEID) VALUES (134, N'GV60', N'SUV', 12)
INSERT MODEL (MODELID, MODEL, BODYSTYLE, MAKEID) VALUES (135, N'GV70', N'SUV', 12)
INSERT MODEL (MODELID, MODEL, BODYSTYLE, MAKEID) VALUES (136, N'GV80', N'SUV', 12)
INSERT MODEL (MODELID, MODEL, BODYSTYLE, MAKEID) VALUES (137, N'Acadia', N'SUV', 13)
INSERT MODEL (MODELID, MODEL, BODYSTYLE, MAKEID) VALUES (138, N'Canyon Crew Cab', N'Pickup', 13)
INSERT MODEL (MODELID, MODEL, BODYSTYLE, MAKEID) VALUES (139, N'Canyon Extended Cab', N'Pickup', 13)
INSERT MODEL (MODELID, MODEL, BODYSTYLE, MAKEID) VALUES (140, N'Hummer EV', N'Pickup', 13)
INSERT MODEL (MODELID, MODEL, BODYSTYLE, MAKEID) VALUES (141, N'Savana 2500 Cargo', N'Van', 13)
INSERT MODEL (MODELID, MODEL, BODYSTYLE, MAKEID) VALUES (142, N'Sierra 1500 Double Cab', N'Pickup', 13)
INSERT MODEL (MODELID, MODEL, BODYSTYLE, MAKEID) VALUES (143, N'Sierra 1500 Limited Crew Cab', N'Pickup', 13)
INSERT MODEL (MODELID, MODEL, BODYSTYLE, MAKEID) VALUES (144, N'Sierra 2500 HD Crew Cab', N'Pickup', 13)
INSERT MODEL (MODELID, MODEL, BODYSTYLE, MAKEID) VALUES (145, N'Sierra 2500 HD Double Cab', N'Pickup', 13)
INSERT MODEL (MODELID, MODEL, BODYSTYLE, MAKEID) VALUES (146, N'Sierra 2500 HD Regular Cab', N'Pickup', 13)
INSERT MODEL (MODELID, MODEL, BODYSTYLE, MAKEID) VALUES (147, N'Sierra 3500 HD Crew Cab', N'Pickup', 13)
INSERT MODEL (MODELID, MODEL, BODYSTYLE, MAKEID) VALUES (148, N'Terrain', N'SUV', 13)
INSERT MODEL (MODELID, MODEL, BODYSTYLE, MAKEID) VALUES (149, N'Yukon', N'SUV', 13)
INSERT MODEL (MODELID, MODEL, BODYSTYLE, MAKEID) VALUES (150, N'Yukon XL', N'SUV', 13)
INSERT MODEL (MODELID, MODEL, BODYSTYLE, MAKEID) VALUES (151, N'Accord', N'Sedan', 14)
INSERT MODEL (MODELID, MODEL, BODYSTYLE, MAKEID) VALUES (152, N'Accord Hybrid', N'Sedan', 14)
INSERT MODEL (MODELID, MODEL, BODYSTYLE, MAKEID) VALUES (153, N'Civic', N'Sedan', 14)
INSERT MODEL (MODELID, MODEL, BODYSTYLE, MAKEID) VALUES (154, N'Civic Type R', N'Hatchback', 14)
INSERT MODEL (MODELID, MODEL, BODYSTYLE, MAKEID) VALUES (155, N'CR-V', N'SUV', 14)
INSERT MODEL (MODELID, MODEL, BODYSTYLE, MAKEID) VALUES (156, N'CR-V Hybrid', N'SUV', 14)
INSERT MODEL (MODELID, MODEL, BODYSTYLE, MAKEID) VALUES (157, N'HR-V', N'SUV', 14)
INSERT MODEL (MODELID, MODEL, BODYSTYLE, MAKEID) VALUES (158, N'Insight', N'Sedan', 14)
INSERT MODEL (MODELID, MODEL, BODYSTYLE, MAKEID) VALUES (159, N'Odyssey', N'Van', 14)
INSERT MODEL (MODELID, MODEL, BODYSTYLE, MAKEID) VALUES (160, N'Passport', N'SUV', 14)
INSERT MODEL (MODELID, MODEL, BODYSTYLE, MAKEID) VALUES (161, N'Pilot', N'SUV', 14)
INSERT MODEL (MODELID, MODEL, BODYSTYLE, MAKEID) VALUES (162, N'Ridgeline', N'Pickup', 14)
INSERT MODEL (MODELID, MODEL, BODYSTYLE, MAKEID) VALUES (163, N'Accent', N'Sedan', 15)
INSERT MODEL (MODELID, MODEL, BODYSTYLE, MAKEID) VALUES (164, N'Elantra', N'Sedan', 15)
INSERT MODEL (MODELID, MODEL, BODYSTYLE, MAKEID) VALUES (165, N'IONIQ 5', N'SUV', 15)
INSERT MODEL (MODELID, MODEL, BODYSTYLE, MAKEID) VALUES (166, N'Ioniq Hybrid', N'Hatchback', 15)
INSERT MODEL (MODELID, MODEL, BODYSTYLE, MAKEID) VALUES (167, N'Ioniq Plug-in Hybrid', N'Hatchback', 15)
INSERT MODEL (MODELID, MODEL, BODYSTYLE, MAKEID) VALUES (168, N'Kona', N'SUV', 15)
INSERT MODEL (MODELID, MODEL, BODYSTYLE, MAKEID) VALUES (169, N'Kona Electric', N'SUV', 15)
INSERT MODEL (MODELID, MODEL, BODYSTYLE, MAKEID) VALUES (170, N'NEXO', N'SUV', 15)
INSERT MODEL (MODELID, MODEL, BODYSTYLE, MAKEID) VALUES (171, N'Palisade', N'SUV', 15)
INSERT MODEL (MODELID, MODEL, BODYSTYLE, MAKEID) VALUES (172, N'Santa Cruz', N'Pickup', 15)
INSERT MODEL (MODELID, MODEL, BODYSTYLE, MAKEID) VALUES (173, N'Santa Fe', N'SUV', 15)
INSERT MODEL (MODELID, MODEL, BODYSTYLE, MAKEID) VALUES (174, N'Santa Fe Hybrid', N'SUV', 15)
INSERT MODEL (MODELID, MODEL, BODYSTYLE, MAKEID) VALUES (175, N'Santa Fe Plug-in Hybrid', N'SUV', 15)
INSERT MODEL (MODELID, MODEL, BODYSTYLE, MAKEID) VALUES (176, N'Sonata', N'Sedan', 15)
INSERT MODEL (MODELID, MODEL, BODYSTYLE, MAKEID) VALUES (177, N'Sonata Hybrid', N'Sedan', 15)
INSERT MODEL (MODELID, MODEL, BODYSTYLE, MAKEID) VALUES (178, N'Tucson', N'SUV', 15)
INSERT MODEL (MODELID, MODEL, BODYSTYLE, MAKEID) VALUES (179, N'Tucson Hybrid', N'SUV', 15)
INSERT MODEL (MODELID, MODEL, BODYSTYLE, MAKEID) VALUES (180, N'Tucson Plug-in Hybrid', N'SUV', 15)
INSERT MODEL (MODELID, MODEL, BODYSTYLE, MAKEID) VALUES (181, N'Veloster', N'Coupe', 15)
INSERT MODEL (MODELID, MODEL, BODYSTYLE, MAKEID) VALUES (182, N'Venue', N'SUV', 15)
INSERT MODEL (MODELID, MODEL, BODYSTYLE, MAKEID) VALUES (183, N'Q50', N'Sedan', 16)
INSERT MODEL (MODELID, MODEL, BODYSTYLE, MAKEID) VALUES (184, N'Q60', N'Coupe', 16)
INSERT MODEL (MODELID, MODEL, BODYSTYLE, MAKEID) VALUES (185, N'QX50', N'SUV', 16)
INSERT MODEL (MODELID, MODEL, BODYSTYLE, MAKEID) VALUES (186, N'QX55', N'SUV', 16)
INSERT MODEL (MODELID, MODEL, BODYSTYLE, MAKEID) VALUES (187, N'QX60', N'SUV', 16)
INSERT MODEL (MODELID, MODEL, BODYSTYLE, MAKEID) VALUES (188, N'QX80', N'SUV', 16)
INSERT MODEL (MODELID, MODEL, BODYSTYLE, MAKEID) VALUES (189, N'E-PACE', N'SUV', 17)
INSERT MODEL (MODELID, MODEL, BODYSTYLE, MAKEID) VALUES (190, N'F-PACE', N'SUV', 17)
INSERT MODEL (MODELID, MODEL, BODYSTYLE, MAKEID) VALUES (191, N'F-TYPE', N'Coupe', 17)
INSERT MODEL (MODELID, MODEL, BODYSTYLE, MAKEID) VALUES (192, N'I-PACE', N'SUV', 17)
INSERT MODEL (MODELID, MODEL, BODYSTYLE, MAKEID) VALUES (193, N'XF', N'Sedan', 17)
INSERT MODEL (MODELID, MODEL, BODYSTYLE, MAKEID) VALUES (194, N'Cherokee', N'SUV', 18)
INSERT MODEL (MODELID, MODEL, BODYSTYLE, MAKEID) VALUES (195, N'Compass', N'SUV', 18)
INSERT MODEL (MODELID, MODEL, BODYSTYLE, MAKEID) VALUES (196, N'Gladiator', N'Pickup', 18)
INSERT MODEL (MODELID, MODEL, BODYSTYLE, MAKEID) VALUES (197, N'Grand Cherokee', N'SUV', 18)
INSERT MODEL (MODELID, MODEL, BODYSTYLE, MAKEID) VALUES (198, N'Grand Cherokee 4xe', N'SUV', 18)
INSERT MODEL (MODELID, MODEL, BODYSTYLE, MAKEID) VALUES (199, N'Grand Cherokee L', N'SUV', 18)
INSERT MODEL (MODELID, MODEL, BODYSTYLE, MAKEID) VALUES (200, N'Grand Wagoneer', N'SUV', 18)
INSERT MODEL (MODELID, MODEL, BODYSTYLE, MAKEID) VALUES (201, N'Renegade', N'SUV', 18)
INSERT MODEL (MODELID, MODEL, BODYSTYLE, MAKEID) VALUES (202, N'Wagoneer', N'SUV', 18)
GO
print 'Processed 200 total records'
INSERT MODEL (MODELID, MODEL, BODYSTYLE, MAKEID) VALUES (203, N'Wrangler', N'SUV', 18)
INSERT MODEL (MODELID, MODEL, BODYSTYLE, MAKEID) VALUES (204, N'Wrangler Unlimited', N'SUV', 18)
INSERT MODEL (MODELID, MODEL, BODYSTYLE, MAKEID) VALUES (205, N'Wrangler Unlimited 4xe', N'SUV', 18)
INSERT MODEL (MODELID, MODEL, BODYSTYLE, MAKEID) VALUES (206, N'Carnival', N'Van', 19)
INSERT MODEL (MODELID, MODEL, BODYSTYLE, MAKEID) VALUES (207, N'EV6', N'SUV', 19)
INSERT MODEL (MODELID, MODEL, BODYSTYLE, MAKEID) VALUES (208, N'Forte', N'Sedan', 19)
INSERT MODEL (MODELID, MODEL, BODYSTYLE, MAKEID) VALUES (209, N'K5', N'Sedan', 19)
INSERT MODEL (MODELID, MODEL, BODYSTYLE, MAKEID) VALUES (210, N'Niro', N'Wagon', 19)
INSERT MODEL (MODELID, MODEL, BODYSTYLE, MAKEID) VALUES (211, N'Niro EV', N'Wagon', 19)
INSERT MODEL (MODELID, MODEL, BODYSTYLE, MAKEID) VALUES (212, N'Niro Plug-in Hybrid', N'Wagon', 19)
INSERT MODEL (MODELID, MODEL, BODYSTYLE, MAKEID) VALUES (213, N'Rio', N'Sedan', 19)
INSERT MODEL (MODELID, MODEL, BODYSTYLE, MAKEID) VALUES (214, N'Seltos', N'SUV', 19)
INSERT MODEL (MODELID, MODEL, BODYSTYLE, MAKEID) VALUES (215, N'Sorento', N'SUV', 19)
INSERT MODEL (MODELID, MODEL, BODYSTYLE, MAKEID) VALUES (216, N'Sorento Hybrid', N'SUV', 19)
INSERT MODEL (MODELID, MODEL, BODYSTYLE, MAKEID) VALUES (217, N'Sorento Plug-in Hybrid', N'SUV', 19)
INSERT MODEL (MODELID, MODEL, BODYSTYLE, MAKEID) VALUES (218, N'Soul', N'Wagon', 19)
INSERT MODEL (MODELID, MODEL, BODYSTYLE, MAKEID) VALUES (219, N'Sportage', N'SUV', 19)
INSERT MODEL (MODELID, MODEL, BODYSTYLE, MAKEID) VALUES (220, N'Stinger', N'Sedan', 19)
INSERT MODEL (MODELID, MODEL, BODYSTYLE, MAKEID) VALUES (221, N'Telluride', N'SUV', 19)
INSERT MODEL (MODELID, MODEL, BODYSTYLE, MAKEID) VALUES (222, N'Defender 110', N'SUV', 20)
INSERT MODEL (MODELID, MODEL, BODYSTYLE, MAKEID) VALUES (223, N'Defender 90', N'SUV', 20)
INSERT MODEL (MODELID, MODEL, BODYSTYLE, MAKEID) VALUES (224, N'Discovery', N'SUV', 20)
INSERT MODEL (MODELID, MODEL, BODYSTYLE, MAKEID) VALUES (225, N'Discovery Sport', N'SUV', 20)
INSERT MODEL (MODELID, MODEL, BODYSTYLE, MAKEID) VALUES (226, N'Range Rover', N'SUV', 20)
INSERT MODEL (MODELID, MODEL, BODYSTYLE, MAKEID) VALUES (227, N'Range Rover Evoque', N'SUV', 20)
INSERT MODEL (MODELID, MODEL, BODYSTYLE, MAKEID) VALUES (228, N'Range Rover Sport', N'SUV', 20)
INSERT MODEL (MODELID, MODEL, BODYSTYLE, MAKEID) VALUES (229, N'Range Rover Velar', N'SUV', 20)
INSERT MODEL (MODELID, MODEL, BODYSTYLE, MAKEID) VALUES (230, N'ES', N'Sedan', 21)
INSERT MODEL (MODELID, MODEL, BODYSTYLE, MAKEID) VALUES (231, N'GX', N'SUV', 21)
INSERT MODEL (MODELID, MODEL, BODYSTYLE, MAKEID) VALUES (232, N'IS', N'Sedan', 21)
INSERT MODEL (MODELID, MODEL, BODYSTYLE, MAKEID) VALUES (233, N'LC', N'Coupe', 21)
INSERT MODEL (MODELID, MODEL, BODYSTYLE, MAKEID) VALUES (234, N'LS', N'Sedan', 21)
INSERT MODEL (MODELID, MODEL, BODYSTYLE, MAKEID) VALUES (235, N'LX', N'SUV', 21)
INSERT MODEL (MODELID, MODEL, BODYSTYLE, MAKEID) VALUES (236, N'NX', N'SUV', 21)
INSERT MODEL (MODELID, MODEL, BODYSTYLE, MAKEID) VALUES (237, N'RC', N'Coupe', 21)
INSERT MODEL (MODELID, MODEL, BODYSTYLE, MAKEID) VALUES (238, N'RX', N'SUV', 21)
INSERT MODEL (MODELID, MODEL, BODYSTYLE, MAKEID) VALUES (239, N'UX', N'SUV', 21)
INSERT MODEL (MODELID, MODEL, BODYSTYLE, MAKEID) VALUES (240, N'Aviator', N'SUV', 22)
INSERT MODEL (MODELID, MODEL, BODYSTYLE, MAKEID) VALUES (241, N'Corsair', N'SUV', 22)
INSERT MODEL (MODELID, MODEL, BODYSTYLE, MAKEID) VALUES (242, N'Nautilus', N'SUV', 22)
INSERT MODEL (MODELID, MODEL, BODYSTYLE, MAKEID) VALUES (243, N'Navigator', N'SUV', 22)
INSERT MODEL (MODELID, MODEL, BODYSTYLE, MAKEID) VALUES (244, N'Navigator L', N'SUV', 22)
INSERT MODEL (MODELID, MODEL, BODYSTYLE, MAKEID) VALUES (245, N'Air', N'Sedan', 23)
INSERT MODEL (MODELID, MODEL, BODYSTYLE, MAKEID) VALUES (246, N'Ghibli', N'Sedan', 24)
INSERT MODEL (MODELID, MODEL, BODYSTYLE, MAKEID) VALUES (247, N'Levante', N'SUV', 24)
INSERT MODEL (MODELID, MODEL, BODYSTYLE, MAKEID) VALUES (248, N'MC20', N'Coupe', 24)
INSERT MODEL (MODELID, MODEL, BODYSTYLE, MAKEID) VALUES (249, N'Quattroporte', N'Sedan', 24)
INSERT MODEL (MODELID, MODEL, BODYSTYLE, MAKEID) VALUES (250, N'CX-30', N'SUV', 25)
INSERT MODEL (MODELID, MODEL, BODYSTYLE, MAKEID) VALUES (251, N'CX-5', N'SUV', 25)
INSERT MODEL (MODELID, MODEL, BODYSTYLE, MAKEID) VALUES (252, N'CX-9', N'SUV', 25)
INSERT MODEL (MODELID, MODEL, BODYSTYLE, MAKEID) VALUES (253, N'MAZDA3', N'Sedan', 25)
INSERT MODEL (MODELID, MODEL, BODYSTYLE, MAKEID) VALUES (254, N'MX-30', N'SUV', 25)
INSERT MODEL (MODELID, MODEL, BODYSTYLE, MAKEID) VALUES (255, N'MX-5 Miata', N'Convertible', 25)
INSERT MODEL (MODELID, MODEL, BODYSTYLE, MAKEID) VALUES (256, N'MX-5 Miata RF', N'Convertible', 25)
INSERT MODEL (MODELID, MODEL, BODYSTYLE, MAKEID) VALUES (257, N'BT-50', N'Pickup', 25)
INSERT MODEL (MODELID, MODEL, BODYSTYLE, MAKEID) VALUES (258, N'B2500', N'Pickup', 25)
INSERT MODEL (MODELID, MODEL, BODYSTYLE, MAKEID) VALUES (259, N'A-Class', N'Sedan', 26)
INSERT MODEL (MODELID, MODEL, BODYSTYLE, MAKEID) VALUES (260, N'C-Class', N'Coupe', 26)
INSERT MODEL (MODELID, MODEL, BODYSTYLE, MAKEID) VALUES (261, N'CLA', N'Sedan', 26)
INSERT MODEL (MODELID, MODEL, BODYSTYLE, MAKEID) VALUES (262, N'CLS', N'Sedan', 26)
INSERT MODEL (MODELID, MODEL, BODYSTYLE, MAKEID) VALUES (263, N'E-Class', N'Sedan', 26)
INSERT MODEL (MODELID, MODEL, BODYSTYLE, MAKEID) VALUES (264, N'G-Class', N'SUV', 26)
INSERT MODEL (MODELID, MODEL, BODYSTYLE, MAKEID) VALUES (265, N'GLA', N'SUV', 26)
INSERT MODEL (MODELID, MODEL, BODYSTYLE, MAKEID) VALUES (266, N'GLB', N'SUV', 26)
INSERT MODEL (MODELID, MODEL, BODYSTYLE, MAKEID) VALUES (267, N'GLC', N'SUV', 26)
INSERT MODEL (MODELID, MODEL, BODYSTYLE, MAKEID) VALUES (268, N'GLC Coupe', N'SUV', 26)
INSERT MODEL (MODELID, MODEL, BODYSTYLE, MAKEID) VALUES (269, N'GLE', N'SUV', 26)
INSERT MODEL (MODELID, MODEL, BODYSTYLE, MAKEID) VALUES (270, N'GLS', N'SUV', 26)
INSERT MODEL (MODELID, MODEL, BODYSTYLE, MAKEID) VALUES (271, N'Mercedes-AMG CLA', N'Sedan', 26)
INSERT MODEL (MODELID, MODEL, BODYSTYLE, MAKEID) VALUES (272, N'Mercedes-AMG GLB', N'SUV', 26)
INSERT MODEL (MODELID, MODEL, BODYSTYLE, MAKEID) VALUES (273, N'Mercedes-AMG GLC', N'SUV', 26)
INSERT MODEL (MODELID, MODEL, BODYSTYLE, MAKEID) VALUES (274, N'Mercedes-AMG GLC Coupe', N'SUV', 26)
INSERT MODEL (MODELID, MODEL, BODYSTYLE, MAKEID) VALUES (275, N'Mercedes-AMG GLE', N'SUV', 26)
INSERT MODEL (MODELID, MODEL, BODYSTYLE, MAKEID) VALUES (276, N'Mercedes-AMG GLE Coupe', N'SUV', 26)
INSERT MODEL (MODELID, MODEL, BODYSTYLE, MAKEID) VALUES (277, N'Mercedes-AMG SL', N'Convertible', 26)
INSERT MODEL (MODELID, MODEL, BODYSTYLE, MAKEID) VALUES (278, N'Mercedes-EQ EQB', N'SUV', 26)
INSERT MODEL (MODELID, MODEL, BODYSTYLE, MAKEID) VALUES (279, N'Mercedes-EQ EQS', N'Sedan', 26)
INSERT MODEL (MODELID, MODEL, BODYSTYLE, MAKEID) VALUES (280, N'Mercedes-Maybach S-Class', N'Sedan', 26)
INSERT MODEL (MODELID, MODEL, BODYSTYLE, MAKEID) VALUES (281, N'S-Class', N'Sedan', 26)
INSERT MODEL (MODELID, MODEL, BODYSTYLE, MAKEID) VALUES (282, N'Clubman', N'Hatchback', 27)
INSERT MODEL (MODELID, MODEL, BODYSTYLE, MAKEID) VALUES (283, N'Convertible', N'Convertible', 27)
INSERT MODEL (MODELID, MODEL, BODYSTYLE, MAKEID) VALUES (284, N'Countryman', N'SUV', 27)
INSERT MODEL (MODELID, MODEL, BODYSTYLE, MAKEID) VALUES (285, N'Hardtop 2 Door', N'Hatchback', 27)
INSERT MODEL (MODELID, MODEL, BODYSTYLE, MAKEID) VALUES (286, N'Hardtop 4 Door', N'Hatchback', 27)
INSERT MODEL (MODELID, MODEL, BODYSTYLE, MAKEID) VALUES (287, N'Eclipse Cross', N'SUV', 28)
INSERT MODEL (MODELID, MODEL, BODYSTYLE, MAKEID) VALUES (288, N'Mirage', N'Hatchback', 28)
INSERT MODEL (MODELID, MODEL, BODYSTYLE, MAKEID) VALUES (289, N'Mirage G4', N'Sedan', 28)
INSERT MODEL (MODELID, MODEL, BODYSTYLE, MAKEID) VALUES (290, N'Outlander', N'SUV', 28)
INSERT MODEL (MODELID, MODEL, BODYSTYLE, MAKEID) VALUES (291, N'Outlander PHEV', N'SUV', 28)
INSERT MODEL (MODELID, MODEL, BODYSTYLE, MAKEID) VALUES (292, N'Outlander Sport', N'SUV', 28)
INSERT MODEL (MODELID, MODEL, BODYSTYLE, MAKEID) VALUES (293, N'400Z', N'Coupe', 29)
INSERT MODEL (MODELID, MODEL, BODYSTYLE, MAKEID) VALUES (294, N'Altima', N'Sedan', 29)
INSERT MODEL (MODELID, MODEL, BODYSTYLE, MAKEID) VALUES (295, N'Armada', N'SUV', 29)
INSERT MODEL (MODELID, MODEL, BODYSTYLE, MAKEID) VALUES (296, N'Frontier Crew Cab', N'Pickup', 29)
INSERT MODEL (MODELID, MODEL, BODYSTYLE, MAKEID) VALUES (297, N'Frontier King Cab', N'Pickup', 29)
INSERT MODEL (MODELID, MODEL, BODYSTYLE, MAKEID) VALUES (298, N'GT-R', N'Coupe', 29)
INSERT MODEL (MODELID, MODEL, BODYSTYLE, MAKEID) VALUES (299, N'Kicks', N'SUV', 29)
INSERT MODEL (MODELID, MODEL, BODYSTYLE, MAKEID) VALUES (300, N'LEAF', N'Hatchback', 29)
INSERT MODEL (MODELID, MODEL, BODYSTYLE, MAKEID) VALUES (301, N'Maxima', N'Sedan', 29)
INSERT MODEL (MODELID, MODEL, BODYSTYLE, MAKEID) VALUES (302, N'Murano', N'SUV', 29)
INSERT MODEL (MODELID, MODEL, BODYSTYLE, MAKEID) VALUES (303, N'Pathfinder', N'SUV', 29)
GO
print 'Processed 300 total records'
INSERT MODEL (MODELID, MODEL, BODYSTYLE, MAKEID) VALUES (304, N'Rogue', N'SUV', 29)
INSERT MODEL (MODELID, MODEL, BODYSTYLE, MAKEID) VALUES (305, N'Rogue Sport', N'SUV', 29)
INSERT MODEL (MODELID, MODEL, BODYSTYLE, MAKEID) VALUES (306, N'Sentra', N'Sedan', 29)
INSERT MODEL (MODELID, MODEL, BODYSTYLE, MAKEID) VALUES (307, N'Titan King Cab', N'Pickup', 29)
INSERT MODEL (MODELID, MODEL, BODYSTYLE, MAKEID) VALUES (308, N'Versa', N'Sedan', 29)
INSERT MODEL (MODELID, MODEL, BODYSTYLE, MAKEID) VALUES (309, N'2', N'Hatchback', 30)
INSERT MODEL (MODELID, MODEL, BODYSTYLE, MAKEID) VALUES (310, N'718 Boxster', N'Convertible', 31)
INSERT MODEL (MODELID, MODEL, BODYSTYLE, MAKEID) VALUES (311, N'718 Cayman', N'Coupe', 32)
INSERT MODEL (MODELID, MODEL, BODYSTYLE, MAKEID) VALUES (312, N'718 Spyder', N'Convertible', 32)
INSERT MODEL (MODELID, MODEL, BODYSTYLE, MAKEID) VALUES (313, N'911', N'Coupe', 32)
INSERT MODEL (MODELID, MODEL, BODYSTYLE, MAKEID) VALUES (314, N'Cayenne', N'SUV', 32)
INSERT MODEL (MODELID, MODEL, BODYSTYLE, MAKEID) VALUES (315, N'Cayenne Coupe', N'SUV', 32)
INSERT MODEL (MODELID, MODEL, BODYSTYLE, MAKEID) VALUES (316, N'Macan', N'SUV', 32)
INSERT MODEL (MODELID, MODEL, BODYSTYLE, MAKEID) VALUES (317, N'Panamera', N'Sedan', 32)
INSERT MODEL (MODELID, MODEL, BODYSTYLE, MAKEID) VALUES (318, N'Taycan', N'Sedan', 32)
INSERT MODEL (MODELID, MODEL, BODYSTYLE, MAKEID) VALUES (319, N'Taycan Cross Turismo', N'Sedan', 32)
INSERT MODEL (MODELID, MODEL, BODYSTYLE, MAKEID) VALUES (320, N'1500 Classic Quad Cab', N'Pickup', 32)
INSERT MODEL (MODELID, MODEL, BODYSTYLE, MAKEID) VALUES (321, N'1500 Crew Cab', N'Pickup', 32)
INSERT MODEL (MODELID, MODEL, BODYSTYLE, MAKEID) VALUES (322, N'1500 Quad Cab', N'Pickup', 32)
INSERT MODEL (MODELID, MODEL, BODYSTYLE, MAKEID) VALUES (323, N'2500 Crew Cab', N'Pickup', 32)
INSERT MODEL (MODELID, MODEL, BODYSTYLE, MAKEID) VALUES (324, N'2500 Mega Cab', N'Pickup', 32)
INSERT MODEL (MODELID, MODEL, BODYSTYLE, MAKEID) VALUES (325, N'2500 Regular Cab', N'Pickup', 32)
INSERT MODEL (MODELID, MODEL, BODYSTYLE, MAKEID) VALUES (326, N'3500 Crew Cab', N'Pickup', 32)
INSERT MODEL (MODELID, MODEL, BODYSTYLE, MAKEID) VALUES (327, N'ProMaster Cargo Van', N'Van', 32)
INSERT MODEL (MODELID, MODEL, BODYSTYLE, MAKEID) VALUES (328, N'ProMaster City', N'Van', 32)
INSERT MODEL (MODELID, MODEL, BODYSTYLE, MAKEID) VALUES (329, N'ProMaster Window Van', N'Van', 32)
INSERT MODEL (MODELID, MODEL, BODYSTYLE, MAKEID) VALUES (330, N'R1S', N'SUV', 33)
INSERT MODEL (MODELID, MODEL, BODYSTYLE, MAKEID) VALUES (331, N'R1T', N'Pickup', 33)
INSERT MODEL (MODELID, MODEL, BODYSTYLE, MAKEID) VALUES (332, N'Ascent', N'SUV', 34)
INSERT MODEL (MODELID, MODEL, BODYSTYLE, MAKEID) VALUES (333, N'BRZ', N'Coupe', 34)
INSERT MODEL (MODELID, MODEL, BODYSTYLE, MAKEID) VALUES (334, N'Crosstrek', N'SUV', 34)
INSERT MODEL (MODELID, MODEL, BODYSTYLE, MAKEID) VALUES (335, N'Forester', N'SUV', 34)
INSERT MODEL (MODELID, MODEL, BODYSTYLE, MAKEID) VALUES (336, N'Impreza', N'Sedan', 34)
INSERT MODEL (MODELID, MODEL, BODYSTYLE, MAKEID) VALUES (337, N'Legacy', N'Sedan', 34)
INSERT MODEL (MODELID, MODEL, BODYSTYLE, MAKEID) VALUES (338, N'Outback', N'SUV', 34)
INSERT MODEL (MODELID, MODEL, BODYSTYLE, MAKEID) VALUES (339, N'WRX', N'Sedan', 34)
INSERT MODEL (MODELID, MODEL, BODYSTYLE, MAKEID) VALUES (340, N'Cybertruck', N'Pickup', 35)
INSERT MODEL (MODELID, MODEL, BODYSTYLE, MAKEID) VALUES (341, N'Model 3', N'Sedan', 35)
INSERT MODEL (MODELID, MODEL, BODYSTYLE, MAKEID) VALUES (342, N'Model S', N'Sedan', 35)
INSERT MODEL (MODELID, MODEL, BODYSTYLE, MAKEID) VALUES (343, N'Model X', N'SUV', 35)
INSERT MODEL (MODELID, MODEL, BODYSTYLE, MAKEID) VALUES (344, N'Model Y', N'SUV', 35)
INSERT MODEL (MODELID, MODEL, BODYSTYLE, MAKEID) VALUES (345, N'4Runner', N'SUV', 36)
INSERT MODEL (MODELID, MODEL, BODYSTYLE, MAKEID) VALUES (346, N'86', N'Coupe', 36)
INSERT MODEL (MODELID, MODEL, BODYSTYLE, MAKEID) VALUES (347, N'Avalon', N'Sedan', 36)
INSERT MODEL (MODELID, MODEL, BODYSTYLE, MAKEID) VALUES (348, N'Avalon Hybrid', N'Sedan', 36)
INSERT MODEL (MODELID, MODEL, BODYSTYLE, MAKEID) VALUES (349, N'Camry', N'Sedan', 36)
INSERT MODEL (MODELID, MODEL, BODYSTYLE, MAKEID) VALUES (350, N'Camry Hybrid', N'Sedan', 36)
INSERT MODEL (MODELID, MODEL, BODYSTYLE, MAKEID) VALUES (351, N'C-HR', N'SUV', 36)
INSERT MODEL (MODELID, MODEL, BODYSTYLE, MAKEID) VALUES (352, N'Corolla', N'Sedan', 36)
INSERT MODEL (MODELID, MODEL, BODYSTYLE, MAKEID) VALUES (353, N'Corolla Cross', N'SUV', 36)
INSERT MODEL (MODELID, MODEL, BODYSTYLE, MAKEID) VALUES (354, N'Corolla Hatchback', N'Hatchback', 36)
INSERT MODEL (MODELID, MODEL, BODYSTYLE, MAKEID) VALUES (355, N'Corolla Hybrid', N'Sedan', 36)
INSERT MODEL (MODELID, MODEL, BODYSTYLE, MAKEID) VALUES (356, N'Fortuner', N'SUV', 36)
INSERT MODEL (MODELID, MODEL, BODYSTYLE, MAKEID) VALUES (357, N'GR Supra', N'Coupe', 36)
INSERT MODEL (MODELID, MODEL, BODYSTYLE, MAKEID) VALUES (358, N'GR86', N'Coupe', 36)
INSERT MODEL (MODELID, MODEL, BODYSTYLE, MAKEID) VALUES (359, N'Highlander', N'SUV', 36)
INSERT MODEL (MODELID, MODEL, BODYSTYLE, MAKEID) VALUES (360, N'Highlander Hybrid', N'SUV', 36)
INSERT MODEL (MODELID, MODEL, BODYSTYLE, MAKEID) VALUES (361, N'Hilux', N'Pickup', 36)
INSERT MODEL (MODELID, MODEL, BODYSTYLE, MAKEID) VALUES (362, N'Mirai', N'Sedan', 36)
INSERT MODEL (MODELID, MODEL, BODYSTYLE, MAKEID) VALUES (363, N'Prius', N'Hatchback', 36)
INSERT MODEL (MODELID, MODEL, BODYSTYLE, MAKEID) VALUES (364, N'Prius Prime', N'Hatchback', 36)
INSERT MODEL (MODELID, MODEL, BODYSTYLE, MAKEID) VALUES (365, N'RAV4', N'SUV', 36)
INSERT MODEL (MODELID, MODEL, BODYSTYLE, MAKEID) VALUES (366, N'RAV4 Hybrid', N'SUV', 36)
INSERT MODEL (MODELID, MODEL, BODYSTYLE, MAKEID) VALUES (367, N'RAV4 Prime', N'SUV', 36)
INSERT MODEL (MODELID, MODEL, BODYSTYLE, MAKEID) VALUES (368, N'Sequoia', N'SUV', 36)
INSERT MODEL (MODELID, MODEL, BODYSTYLE, MAKEID) VALUES (369, N'Sienna', N'Van', 36)
INSERT MODEL (MODELID, MODEL, BODYSTYLE, MAKEID) VALUES (370, N'Tacoma Access Cab', N'Pickup', 36)
INSERT MODEL (MODELID, MODEL, BODYSTYLE, MAKEID) VALUES (371, N'Tacoma Double Cab', N'Pickup', 36)
INSERT MODEL (MODELID, MODEL, BODYSTYLE, MAKEID) VALUES (372, N'Tundra CrewMax', N'Pickup', 36)
INSERT MODEL (MODELID, MODEL, BODYSTYLE, MAKEID) VALUES (373, N'Tundra Double Cab', N'Pickup', 36)
INSERT MODEL (MODELID, MODEL, BODYSTYLE, MAKEID) VALUES (374, N'Venza', N'SUV', 36)
INSERT MODEL (MODELID, MODEL, BODYSTYLE, MAKEID) VALUES (375, N'Arteon', N'Sedan', 37)
INSERT MODEL (MODELID, MODEL, BODYSTYLE, MAKEID) VALUES (376, N'Atlas', N'SUV', 37)
INSERT MODEL (MODELID, MODEL, BODYSTYLE, MAKEID) VALUES (377, N'Atlas Cross Sport', N'SUV', 37)
INSERT MODEL (MODELID, MODEL, BODYSTYLE, MAKEID) VALUES (378, N'Golf GTI', N'Hatchback', 37)
INSERT MODEL (MODELID, MODEL, BODYSTYLE, MAKEID) VALUES (379, N'Golf R', N'Hatchback', 37)
INSERT MODEL (MODELID, MODEL, BODYSTYLE, MAKEID) VALUES (380, N'ID.4', N'SUV', 37)
INSERT MODEL (MODELID, MODEL, BODYSTYLE, MAKEID) VALUES (381, N'Jetta', N'Sedan', 37)
INSERT MODEL (MODELID, MODEL, BODYSTYLE, MAKEID) VALUES (382, N'Jetta GLI', N'Sedan', 37)
INSERT MODEL (MODELID, MODEL, BODYSTYLE, MAKEID) VALUES (383, N'Passat', N'Sedan', 37)
INSERT MODEL (MODELID, MODEL, BODYSTYLE, MAKEID) VALUES (384, N'Taos', N'SUV', 37)
INSERT MODEL (MODELID, MODEL, BODYSTYLE, MAKEID) VALUES (385, N'Tiguan', N'SUV', 37)
INSERT MODEL (MODELID, MODEL, BODYSTYLE, MAKEID) VALUES (386, N'C40 Recharge', N'SUV', 38)
INSERT MODEL (MODELID, MODEL, BODYSTYLE, MAKEID) VALUES (387, N'S60', N'Sedan', 38)
INSERT MODEL (MODELID, MODEL, BODYSTYLE, MAKEID) VALUES (388, N'S90', N'Sedan', 38)
INSERT MODEL (MODELID, MODEL, BODYSTYLE, MAKEID) VALUES (389, N'V60', N'Wagon', 38)
INSERT MODEL (MODELID, MODEL, BODYSTYLE, MAKEID) VALUES (390, N'V90', N'Wagon', 38)
INSERT MODEL (MODELID, MODEL, BODYSTYLE, MAKEID) VALUES (391, N'XC40', N'SUV', 38)
INSERT MODEL (MODELID, MODEL, BODYSTYLE, MAKEID) VALUES (392, N'XC40 Recharge', N'SUV', 38)
INSERT MODEL (MODELID, MODEL, BODYSTYLE, MAKEID) VALUES (393, N'XC60', N'SUV', 38)
INSERT MODEL (MODELID, MODEL, BODYSTYLE, MAKEID) VALUES (394, N'XC90', N'SUV', 38)
GO

/****** Object:  Table VEHICLE    Script Date: 03/15/2022 11:13:15 ******/
CREATE TABLE VEHICLE(
	VEHICLEID int PRIMARY KEY NOT NULL,
	MAKEID int NULL FOREIGN KEY REFERENCES MAKE(MAKEID),
	MODELID int NULL FOREIGN KEY REFERENCES MODEL(MODELID),
	COSTPRICE decimal(18, 2) NULL,
	PRICE decimal(18, 2) NULL,
	QUANTITY int NULL,
	DATEMANUFACTURED date NULL
)
GO
INSERT VEHICLE (VEHICLEID, MAKEID, MODELID, COSTPRICE, PRICE, QUANTITY, DATEMANUFACTURED) VALUES (111, 3, 8, CAST(50000.00 AS Decimal(18, 2)), CAST(60000.00 AS Decimal(18, 2)), 40, CAST(0xDA400B00 AS Date))
INSERT VEHICLE (VEHICLEID, MAKEID, MODELID, COSTPRICE, PRICE, QUANTITY, DATEMANUFACTURED) VALUES (112, 3, 9, CAST(80000.00 AS Decimal(18, 2)), CAST(90000.00 AS Decimal(18, 2)), 80, CAST(0x5B4E0B00 AS Date))
INSERT VEHICLE (VEHICLEID, MAKEID, MODELID, COSTPRICE, PRICE, QUANTITY, DATEMANUFACTURED) VALUES (113, 3, 11, CAST(90000.00 AS Decimal(18, 2)), CAST(100000.00 AS Decimal(18, 2)), 50, CAST(0xCC400B00 AS Date))
INSERT VEHICLE (VEHICLEID, MAKEID, MODELID, COSTPRICE, PRICE, QUANTITY, DATEMANUFACTURED) VALUES (114, 3, 12, CAST(50000.00 AS Decimal(18, 2)), CAST(60000.00 AS Decimal(18, 2)), 80, CAST(0xFE400B00 AS Date))
INSERT VEHICLE (VEHICLEID, MAKEID, MODELID, COSTPRICE, PRICE, QUANTITY, DATEMANUFACTURED) VALUES (115, 3, 20, CAST(35000.00 AS Decimal(18, 2)), CAST(45000.00 AS Decimal(18, 2)), 40, CAST(0x9E400B00 AS Date))
INSERT VEHICLE (VEHICLEID, MAKEID, MODELID, COSTPRICE, PRICE, QUANTITY, DATEMANUFACTURED) VALUES (116, 3, 22, CAST(50000.00 AS Decimal(18, 2)), CAST(60000.00 AS Decimal(18, 2)), 30, CAST(0x5B4E0B00 AS Date))
INSERT VEHICLE (VEHICLEID, MAKEID, MODELID, COSTPRICE, PRICE, QUANTITY, DATEMANUFACTURED) VALUES (117, 3, 24, CAST(68000.00 AS Decimal(18, 2)), CAST(78000.00 AS Decimal(18, 2)), 20, CAST(0xD1400B00 AS Date))
INSERT VEHICLE (VEHICLEID, MAKEID, MODELID, COSTPRICE, PRICE, QUANTITY, DATEMANUFACTURED) VALUES (118, 3, 25, CAST(50000.00 AS Decimal(18, 2)), CAST(60000.00 AS Decimal(18, 2)), 38, CAST(0x9E400B00 AS Date))
INSERT VEHICLE (VEHICLEID, MAKEID, MODELID, COSTPRICE, PRICE, QUANTITY, DATEMANUFACTURED) VALUES (119, 3, 32, CAST(50000.00 AS Decimal(18, 2)), CAST(60000.00 AS Decimal(18, 2)), 80, CAST(0x5B4E0B00 AS Date))
INSERT VEHICLE (VEHICLEID, MAKEID, MODELID, COSTPRICE, PRICE, QUANTITY, DATEMANUFACTURED) VALUES (120, 3, 35, CAST(50000.00 AS Decimal(18, 2)), CAST(60000.00 AS Decimal(18, 2)), 44, CAST(0xCC400B00 AS Date))
INSERT VEHICLE (VEHICLEID, MAKEID, MODELID, COSTPRICE, PRICE, QUANTITY, DATEMANUFACTURED) VALUES (121, 3, 40, CAST(59000.00 AS Decimal(18, 2)), CAST(69000.00 AS Decimal(18, 2)), 80, CAST(0x9E400B00 AS Date))
INSERT VEHICLE (VEHICLEID, MAKEID, MODELID, COSTPRICE, PRICE, QUANTITY, DATEMANUFACTURED) VALUES (122, 4, 53, CAST(50000.00 AS Decimal(18, 2)), CAST(60000.00 AS Decimal(18, 2)), 30, CAST(0x5B4E0B00 AS Date))
INSERT VEHICLE (VEHICLEID, MAKEID, MODELID, COSTPRICE, PRICE, QUANTITY, DATEMANUFACTURED) VALUES (123, 4, 54, CAST(50000.00 AS Decimal(18, 2)), CAST(60000.00 AS Decimal(18, 2)), 80, CAST(0xCC400B00 AS Date))
INSERT VEHICLE (VEHICLEID, MAKEID, MODELID, COSTPRICE, PRICE, QUANTITY, DATEMANUFACTURED) VALUES (124, 4, 55, CAST(80000.00 AS Decimal(18, 2)), CAST(90000.00 AS Decimal(18, 2)), 40, CAST(0x59410B00 AS Date))
INSERT VEHICLE (VEHICLEID, MAKEID, MODELID, COSTPRICE, PRICE, QUANTITY, DATEMANUFACTURED) VALUES (125, 4, 57, CAST(50000.00 AS Decimal(18, 2)), CAST(60000.00 AS Decimal(18, 2)), 40, CAST(0x9E400B00 AS Date))
INSERT VEHICLE (VEHICLEID, MAKEID, MODELID, COSTPRICE, PRICE, QUANTITY, DATEMANUFACTURED) VALUES (126, 4, 59, CAST(60000.00 AS Decimal(18, 2)), CAST(70000.00 AS Decimal(18, 2)), 50, CAST(0x5B4E0B00 AS Date))
INSERT VEHICLE (VEHICLEID, MAKEID, MODELID, COSTPRICE, PRICE, QUANTITY, DATEMANUFACTURED) VALUES (127, 4, 61, CAST(50000.00 AS Decimal(18, 2)), CAST(60000.00 AS Decimal(18, 2)), 80, CAST(0xCC400B00 AS Date))
INSERT VEHICLE (VEHICLEID, MAKEID, MODELID, COSTPRICE, PRICE, QUANTITY, DATEMANUFACTURED) VALUES (128, 4, 63, CAST(120000.00 AS Decimal(18, 2)), CAST(130000.00 AS Decimal(18, 2)), 80, CAST(0xA3400B00 AS Date))
INSERT VEHICLE (VEHICLEID, MAKEID, MODELID, COSTPRICE, PRICE, QUANTITY, DATEMANUFACTURED) VALUES (129, 11, 114, CAST(50000.00 AS Decimal(18, 2)), CAST(60000.00 AS Decimal(18, 2)), 40, CAST(0x9E400B00 AS Date))
INSERT VEHICLE (VEHICLEID, MAKEID, MODELID, COSTPRICE, PRICE, QUANTITY, DATEMANUFACTURED) VALUES (130, 14, 151, CAST(79000.00 AS Decimal(18, 2)), CAST(89000.00 AS Decimal(18, 2)), 100, CAST(0x634E0B00 AS Date))
INSERT VEHICLE (VEHICLEID, MAKEID, MODELID, COSTPRICE, PRICE, QUANTITY, DATEMANUFACTURED) VALUES (131, 14, 153, CAST(50000.00 AS Decimal(18, 2)), CAST(60000.00 AS Decimal(18, 2)), 90, CAST(0xCC400B00 AS Date))
INSERT VEHICLE (VEHICLEID, MAKEID, MODELID, COSTPRICE, PRICE, QUANTITY, DATEMANUFACTURED) VALUES (132, 14, 155, CAST(80000.00 AS Decimal(18, 2)), CAST(90000.00 AS Decimal(18, 2)), 80, CAST(0x9E400B00 AS Date))
INSERT VEHICLE (VEHICLEID, MAKEID, MODELID, COSTPRICE, PRICE, QUANTITY, DATEMANUFACTURED) VALUES (133, 14, 157, CAST(90000.00 AS Decimal(18, 2)), CAST(100000.00 AS Decimal(18, 2)), 80, CAST(0x5B4E0B00 AS Date))
INSERT VEHICLE (VEHICLEID, MAKEID, MODELID, COSTPRICE, PRICE, QUANTITY, DATEMANUFACTURED) VALUES (134, 14, 159, CAST(50000.00 AS Decimal(18, 2)), CAST(60000.00 AS Decimal(18, 2)), 80, CAST(0xCC400B00 AS Date))
INSERT VEHICLE (VEHICLEID, MAKEID, MODELID, COSTPRICE, PRICE, QUANTITY, DATEMANUFACTURED) VALUES (135, 14, 161, CAST(35000.00 AS Decimal(18, 2)), CAST(45000.00 AS Decimal(18, 2)), 60, CAST(0x9E400B00 AS Date))
INSERT VEHICLE (VEHICLEID, MAKEID, MODELID, COSTPRICE, PRICE, QUANTITY, DATEMANUFACTURED) VALUES (136, 15, 163, CAST(50000.00 AS Decimal(18, 2)), CAST(60000.00 AS Decimal(18, 2)), 80, CAST(0x5B4E0B00 AS Date))
INSERT VEHICLE (VEHICLEID, MAKEID, MODELID, COSTPRICE, PRICE, QUANTITY, DATEMANUFACTURED) VALUES (137, 15, 164, CAST(68000.00 AS Decimal(18, 2)), CAST(78000.00 AS Decimal(18, 2)), 80, CAST(0xCC400B00 AS Date))
INSERT VEHICLE (VEHICLEID, MAKEID, MODELID, COSTPRICE, PRICE, QUANTITY, DATEMANUFACTURED) VALUES (138, 15, 165, CAST(50000.00 AS Decimal(18, 2)), CAST(60000.00 AS Decimal(18, 2)), 50, CAST(0x9E400B00 AS Date))
INSERT VEHICLE (VEHICLEID, MAKEID, MODELID, COSTPRICE, PRICE, QUANTITY, DATEMANUFACTURED) VALUES (139, 15, 172, CAST(50000.00 AS Decimal(18, 2)), CAST(60000.00 AS Decimal(18, 2)), 80, CAST(0x5B4E0B00 AS Date))
INSERT VEHICLE (VEHICLEID, MAKEID, MODELID, COSTPRICE, PRICE, QUANTITY, DATEMANUFACTURED) VALUES (140, 15, 173, CAST(50000.00 AS Decimal(18, 2)), CAST(60000.00 AS Decimal(18, 2)), 80, CAST(0xCC400B00 AS Date))
INSERT VEHICLE (VEHICLEID, MAKEID, MODELID, COSTPRICE, PRICE, QUANTITY, DATEMANUFACTURED) VALUES (141, 15, 176, CAST(59000.00 AS Decimal(18, 2)), CAST(69000.00 AS Decimal(18, 2)), 80, CAST(0xA3400B00 AS Date))
INSERT VEHICLE (VEHICLEID, MAKEID, MODELID, COSTPRICE, PRICE, QUANTITY, DATEMANUFACTURED) VALUES (142, 15, 178, CAST(50000.00 AS Decimal(18, 2)), CAST(60000.00 AS Decimal(18, 2)), 40, CAST(0x9E400B00 AS Date))
INSERT VEHICLE (VEHICLEID, MAKEID, MODELID, COSTPRICE, PRICE, QUANTITY, DATEMANUFACTURED) VALUES (143, 15, 182, CAST(50000.00 AS Decimal(18, 2)), CAST(60000.00 AS Decimal(18, 2)), 80, CAST(0x5B4E0B00 AS Date))
INSERT VEHICLE (VEHICLEID, MAKEID, MODELID, COSTPRICE, PRICE, QUANTITY, DATEMANUFACTURED) VALUES (144, 18, 194, CAST(80000.00 AS Decimal(18, 2)), CAST(90000.00 AS Decimal(18, 2)), 80, CAST(0xCC400B00 AS Date))
INSERT VEHICLE (VEHICLEID, MAKEID, MODELID, COSTPRICE, PRICE, QUANTITY, DATEMANUFACTURED) VALUES (145, 18, 195, CAST(50000.00 AS Decimal(18, 2)), CAST(60000.00 AS Decimal(18, 2)), 39, CAST(0x9E400B00 AS Date))
INSERT VEHICLE (VEHICLEID, MAKEID, MODELID, COSTPRICE, PRICE, QUANTITY, DATEMANUFACTURED) VALUES (146, 18, 196, CAST(60000.00 AS Decimal(18, 2)), CAST(70000.00 AS Decimal(18, 2)), 80, CAST(0x5B4E0B00 AS Date))
INSERT VEHICLE (VEHICLEID, MAKEID, MODELID, COSTPRICE, PRICE, QUANTITY, DATEMANUFACTURED) VALUES (147, 18, 197, CAST(50000.00 AS Decimal(18, 2)), CAST(60000.00 AS Decimal(18, 2)), 80, CAST(0xCC400B00 AS Date))
INSERT VEHICLE (VEHICLEID, MAKEID, MODELID, COSTPRICE, PRICE, QUANTITY, DATEMANUFACTURED) VALUES (148, 18, 198, CAST(120000.00 AS Decimal(18, 2)), CAST(130000.00 AS Decimal(18, 2)), 49, CAST(0x9E400B00 AS Date))
INSERT VEHICLE (VEHICLEID, MAKEID, MODELID, COSTPRICE, PRICE, QUANTITY, DATEMANUFACTURED) VALUES (149, 18, 200, CAST(50000.00 AS Decimal(18, 2)), CAST(60000.00 AS Decimal(18, 2)), 80, CAST(0x5B4E0B00 AS Date))
INSERT VEHICLE (VEHICLEID, MAKEID, MODELID, COSTPRICE, PRICE, QUANTITY, DATEMANUFACTURED) VALUES (150, 19, 206, CAST(79000.00 AS Decimal(18, 2)), CAST(89000.00 AS Decimal(18, 2)), 80, CAST(0xCC400B00 AS Date))
INSERT VEHICLE (VEHICLEID, MAKEID, MODELID, COSTPRICE, PRICE, QUANTITY, DATEMANUFACTURED) VALUES (151, 19, 213, CAST(50000.00 AS Decimal(18, 2)), CAST(60000.00 AS Decimal(18, 2)), 45, CAST(0x9E400B00 AS Date))
INSERT VEHICLE (VEHICLEID, MAKEID, MODELID, COSTPRICE, PRICE, QUANTITY, DATEMANUFACTURED) VALUES (152, 19, 214, CAST(80000.00 AS Decimal(18, 2)), CAST(90000.00 AS Decimal(18, 2)), 55, CAST(0x5B4E0B00 AS Date))
INSERT VEHICLE (VEHICLEID, MAKEID, MODELID, COSTPRICE, PRICE, QUANTITY, DATEMANUFACTURED) VALUES (153, 19, 215, CAST(90000.00 AS Decimal(18, 2)), CAST(100000.00 AS Decimal(18, 2)), 60, CAST(0xCC400B00 AS Date))
INSERT VEHICLE (VEHICLEID, MAKEID, MODELID, COSTPRICE, PRICE, QUANTITY, DATEMANUFACTURED) VALUES (154, 19, 218, CAST(50000.00 AS Decimal(18, 2)), CAST(60000.00 AS Decimal(18, 2)), 80, CAST(0xA3400B00 AS Date))
INSERT VEHICLE (VEHICLEID, MAKEID, MODELID, COSTPRICE, PRICE, QUANTITY, DATEMANUFACTURED) VALUES (155, 19, 219, CAST(35000.00 AS Decimal(18, 2)), CAST(45000.00 AS Decimal(18, 2)), 80, CAST(0x9E400B00 AS Date))
INSERT VEHICLE (VEHICLEID, MAKEID, MODELID, COSTPRICE, PRICE, QUANTITY, DATEMANUFACTURED) VALUES (156, 25, 251, CAST(50000.00 AS Decimal(18, 2)), CAST(60000.00 AS Decimal(18, 2)), 80, CAST(0x5B4E0B00 AS Date))
INSERT VEHICLE (VEHICLEID, MAKEID, MODELID, COSTPRICE, PRICE, QUANTITY, DATEMANUFACTURED) VALUES (157, 25, 252, CAST(68000.00 AS Decimal(18, 2)), CAST(78000.00 AS Decimal(18, 2)), 80, CAST(0xD4400B00 AS Date))
INSERT VEHICLE (VEHICLEID, MAKEID, MODELID, COSTPRICE, PRICE, QUANTITY, DATEMANUFACTURED) VALUES (158, 25, 253, CAST(50000.00 AS Decimal(18, 2)), CAST(60000.00 AS Decimal(18, 2)), 80, CAST(0x9E400B00 AS Date))
INSERT VEHICLE (VEHICLEID, MAKEID, MODELID, COSTPRICE, PRICE, QUANTITY, DATEMANUFACTURED) VALUES (159, 25, 257, CAST(50000.00 AS Decimal(18, 2)), CAST(60000.00 AS Decimal(18, 2)), 80, CAST(0x5B4E0B00 AS Date))
INSERT VEHICLE (VEHICLEID, MAKEID, MODELID, COSTPRICE, PRICE, QUANTITY, DATEMANUFACTURED) VALUES (160, 25, 258, CAST(50000.00 AS Decimal(18, 2)), CAST(60000.00 AS Decimal(18, 2)), 45, CAST(0xCC400B00 AS Date))
INSERT VEHICLE (VEHICLEID, MAKEID, MODELID, COSTPRICE, PRICE, QUANTITY, DATEMANUFACTURED) VALUES (161, 26, 259, CAST(59000.00 AS Decimal(18, 2)), CAST(69000.00 AS Decimal(18, 2)), 80, CAST(0x9E400B00 AS Date))
INSERT VEHICLE (VEHICLEID, MAKEID, MODELID, COSTPRICE, PRICE, QUANTITY, DATEMANUFACTURED) VALUES (162, 26, 260, CAST(50000.00 AS Decimal(18, 2)), CAST(60000.00 AS Decimal(18, 2)), 80, CAST(0x644E0B00 AS Date))
INSERT VEHICLE (VEHICLEID, MAKEID, MODELID, COSTPRICE, PRICE, QUANTITY, DATEMANUFACTURED) VALUES (163, 26, 263, CAST(50000.00 AS Decimal(18, 2)), CAST(60000.00 AS Decimal(18, 2)), 54, CAST(0xCC400B00 AS Date))
INSERT VEHICLE (VEHICLEID, MAKEID, MODELID, COSTPRICE, PRICE, QUANTITY, DATEMANUFACTURED) VALUES (164, 26, 265, CAST(80000.00 AS Decimal(18, 2)), CAST(90000.00 AS Decimal(18, 2)), 80, CAST(0x9E400B00 AS Date))
INSERT VEHICLE (VEHICLEID, MAKEID, MODELID, COSTPRICE, PRICE, QUANTITY, DATEMANUFACTURED) VALUES (165, 26, 269, CAST(50000.00 AS Decimal(18, 2)), CAST(60000.00 AS Decimal(18, 2)), 80, CAST(0x654E0B00 AS Date))
INSERT VEHICLE (VEHICLEID, MAKEID, MODELID, COSTPRICE, PRICE, QUANTITY, DATEMANUFACTURED) VALUES (166, 26, 270, CAST(60000.00 AS Decimal(18, 2)), CAST(70000.00 AS Decimal(18, 2)), 36, CAST(0xCC400B00 AS Date))
INSERT VEHICLE (VEHICLEID, MAKEID, MODELID, COSTPRICE, PRICE, QUANTITY, DATEMANUFACTURED) VALUES (167, 26, 278, CAST(50000.00 AS Decimal(18, 2)), CAST(60000.00 AS Decimal(18, 2)), 80, CAST(0x78410B00 AS Date))
INSERT VEHICLE (VEHICLEID, MAKEID, MODELID, COSTPRICE, PRICE, QUANTITY, DATEMANUFACTURED) VALUES (168, 26, 281, CAST(120000.00 AS Decimal(18, 2)), CAST(130000.00 AS Decimal(18, 2)), 80, CAST(0x9E400B00 AS Date))
INSERT VEHICLE (VEHICLEID, MAKEID, MODELID, COSTPRICE, PRICE, QUANTITY, DATEMANUFACTURED) VALUES (169, 29, 294, CAST(50000.00 AS Decimal(18, 2)), CAST(60000.00 AS Decimal(18, 2)), 38, CAST(0x5B4E0B00 AS Date))
INSERT VEHICLE (VEHICLEID, MAKEID, MODELID, COSTPRICE, PRICE, QUANTITY, DATEMANUFACTURED) VALUES (170, 29, 296, CAST(79000.00 AS Decimal(18, 2)), CAST(89000.00 AS Decimal(18, 2)), 80, CAST(0xCC400B00 AS Date))
INSERT VEHICLE (VEHICLEID, MAKEID, MODELID, COSTPRICE, PRICE, QUANTITY, DATEMANUFACTURED) VALUES (171, 29, 301, CAST(50000.00 AS Decimal(18, 2)), CAST(60000.00 AS Decimal(18, 2)), 52, CAST(0xCF410B00 AS Date))
INSERT VEHICLE (VEHICLEID, MAKEID, MODELID, COSTPRICE, PRICE, QUANTITY, DATEMANUFACTURED) VALUES (172, 29, 302, CAST(80000.00 AS Decimal(18, 2)), CAST(90000.00 AS Decimal(18, 2)), 80, CAST(0x5B4E0B00 AS Date))
INSERT VEHICLE (VEHICLEID, MAKEID, MODELID, COSTPRICE, PRICE, QUANTITY, DATEMANUFACTURED) VALUES (173, 29, 306, CAST(90000.00 AS Decimal(18, 2)), CAST(100000.00 AS Decimal(18, 2)), 80, CAST(0xCC400B00 AS Date))
INSERT VEHICLE (VEHICLEID, MAKEID, MODELID, COSTPRICE, PRICE, QUANTITY, DATEMANUFACTURED) VALUES (174, 29, 308, CAST(50000.00 AS Decimal(18, 2)), CAST(60000.00 AS Decimal(18, 2)), 56, CAST(0x9E400B00 AS Date))
INSERT VEHICLE (VEHICLEID, MAKEID, MODELID, COSTPRICE, PRICE, QUANTITY, DATEMANUFACTURED) VALUES (175, 36, 350, CAST(35000.00 AS Decimal(18, 2)), CAST(45000.00 AS Decimal(18, 2)), 80, CAST(0x5B4E0B00 AS Date))
INSERT VEHICLE (VEHICLEID, MAKEID, MODELID, COSTPRICE, PRICE, QUANTITY, DATEMANUFACTURED) VALUES (176, 36, 351, CAST(50000.00 AS Decimal(18, 2)), CAST(60000.00 AS Decimal(18, 2)), 40, CAST(0x9E400B00 AS Date))
INSERT VEHICLE (VEHICLEID, MAKEID, MODELID, COSTPRICE, PRICE, QUANTITY, DATEMANUFACTURED) VALUES (177, 36, 352, CAST(68000.00 AS Decimal(18, 2)), CAST(78000.00 AS Decimal(18, 2)), 80, CAST(0x5B4E0B00 AS Date))
INSERT VEHICLE (VEHICLEID, MAKEID, MODELID, COSTPRICE, PRICE, QUANTITY, DATEMANUFACTURED) VALUES (178, 36, 356, CAST(50000.00 AS Decimal(18, 2)), CAST(60000.00 AS Decimal(18, 2)), 80, CAST(0xCC400B00 AS Date))
INSERT VEHICLE (VEHICLEID, MAKEID, MODELID, COSTPRICE, PRICE, QUANTITY, DATEMANUFACTURED) VALUES (179, 36, 361, CAST(50000.00 AS Decimal(18, 2)), CAST(60000.00 AS Decimal(18, 2)), 80, CAST(0xA3400B00 AS Date))
INSERT VEHICLE (VEHICLEID, MAKEID, MODELID, COSTPRICE, PRICE, QUANTITY, DATEMANUFACTURED) VALUES (180, 36, 365, CAST(50000.00 AS Decimal(18, 2)), CAST(60000.00 AS Decimal(18, 2)), 80, CAST(0x9E400B00 AS Date))
INSERT VEHICLE (VEHICLEID, MAKEID, MODELID, COSTPRICE, PRICE, QUANTITY, DATEMANUFACTURED) VALUES (181, 36, 368, CAST(59000.00 AS Decimal(18, 2)), CAST(69000.00 AS Decimal(18, 2)), 36, CAST(0x5B4E0B00 AS Date))
INSERT VEHICLE (VEHICLEID, MAKEID, MODELID, COSTPRICE, PRICE, QUANTITY, DATEMANUFACTURED) VALUES (182, 36, 369, CAST(50000.00 AS Decimal(18, 2)), CAST(60000.00 AS Decimal(18, 2)), 80, CAST(0xCC400B00 AS Date))
INSERT VEHICLE (VEHICLEID, MAKEID, MODELID, COSTPRICE, PRICE, QUANTITY, DATEMANUFACTURED) VALUES (183, 36, 370, CAST(50000.00 AS Decimal(18, 2)), CAST(60000.00 AS Decimal(18, 2)), 80, CAST(0x9E400B00 AS Date))
INSERT VEHICLE (VEHICLEID, MAKEID, MODELID, COSTPRICE, PRICE, QUANTITY, DATEMANUFACTURED) VALUES (184, 36, 372, CAST(80000.00 AS Decimal(18, 2)), CAST(90000.00 AS Decimal(18, 2)), 80, CAST(0x5B4E0B00 AS Date))
INSERT VEHICLE (VEHICLEID, MAKEID, MODELID, COSTPRICE, PRICE, QUANTITY, DATEMANUFACTURED) VALUES (185, 36, 374, CAST(50000.00 AS Decimal(18, 2)), CAST(60000.00 AS Decimal(18, 2)), 80, CAST(0xCC400B00 AS Date))
INSERT VEHICLE (VEHICLEID, MAKEID, MODELID, COSTPRICE, PRICE, QUANTITY, DATEMANUFACTURED) VALUES (186, 37, 376, CAST(50000.00 AS Decimal(18, 2)), CAST(60000.00 AS Decimal(18, 2)), 55, CAST(0x9E400B00 AS Date))
INSERT VEHICLE (VEHICLEID, MAKEID, MODELID, COSTPRICE, PRICE, QUANTITY, DATEMANUFACTURED) VALUES (187, 37, 378, CAST(80000.00 AS Decimal(18, 2)), CAST(90000.00 AS Decimal(18, 2)), 80, CAST(0x5B4E0B00 AS Date))
INSERT VEHICLE (VEHICLEID, MAKEID, MODELID, COSTPRICE, PRICE, QUANTITY, DATEMANUFACTURED) VALUES (188, 37, 381, CAST(90000.00 AS Decimal(18, 2)), CAST(100000.00 AS Decimal(18, 2)), 45, CAST(0x9E400B00 AS Date))
INSERT VEHICLE (VEHICLEID, MAKEID, MODELID, COSTPRICE, PRICE, QUANTITY, DATEMANUFACTURED) VALUES (189, 37, 383, CAST(50000.00 AS Decimal(18, 2)), CAST(60000.00 AS Decimal(18, 2)), 80, CAST(0x5B4E0B00 AS Date))
INSERT VEHICLE (VEHICLEID, MAKEID, MODELID, COSTPRICE, PRICE, QUANTITY, DATEMANUFACTURED) VALUES (190, 37, 385, CAST(35000.00 AS Decimal(18, 2)), CAST(45000.00 AS Decimal(18, 2)), 40, CAST(0xCC400B00 AS Date))
INSERT VEHICLE (VEHICLEID, MAKEID, MODELID, COSTPRICE, PRICE, QUANTITY, DATEMANUFACTURED) VALUES (191, 38, 108, CAST(50000.00 AS Decimal(18, 2)), CAST(60000.00 AS Decimal(18, 2)), 80, CAST(0xA3400B00 AS Date))
INSERT VEHICLE (VEHICLEID, MAKEID, MODELID, COSTPRICE, PRICE, QUANTITY, DATEMANUFACTURED) VALUES (192, 38, 111, CAST(68000.00 AS Decimal(18, 2)), CAST(78000.00 AS Decimal(18, 2)), 60, CAST(0x9E400B00 AS Date))
INSERT VEHICLE (VEHICLEID, MAKEID, MODELID, COSTPRICE, PRICE, QUANTITY, DATEMANUFACTURED) VALUES (193, 38, 113, CAST(50000.00 AS Decimal(18, 2)), CAST(60000.00 AS Decimal(18, 2)), 56, CAST(0x634E0B00 AS Date))
INSERT VEHICLE (VEHICLEID, MAKEID, MODELID, COSTPRICE, PRICE, QUANTITY, DATEMANUFACTURED) VALUES (194, 38, 119, CAST(50000.00 AS Decimal(18, 2)), CAST(60000.00 AS Decimal(18, 2)), 30, CAST(0x92410B00 AS Date))
INSERT VEHICLE (VEHICLEID, MAKEID, MODELID, COSTPRICE, PRICE, QUANTITY, DATEMANUFACTURED) VALUES (195, 38, 122, CAST(50000.00 AS Decimal(18, 2)), CAST(60000.00 AS Decimal(18, 2)), 80, CAST(0x5B4E0B00 AS Date))
INSERT VEHICLE (VEHICLEID, MAKEID, MODELID, COSTPRICE, PRICE, QUANTITY, DATEMANUFACTURED) VALUES (196, 38, 125, CAST(59000.00 AS Decimal(18, 2)), CAST(69000.00 AS Decimal(18, 2)), 69, CAST(0xCC400B00 AS Date))
INSERT VEHICLE (VEHICLEID, MAKEID, MODELID, COSTPRICE, PRICE, QUANTITY, DATEMANUFACTURED) VALUES (197, 38, 387, CAST(50000.00 AS Decimal(18, 2)), CAST(60000.00 AS Decimal(18, 2)), 80, CAST(0xD4410B00 AS Date))
INSERT VEHICLE (VEHICLEID, MAKEID, MODELID, COSTPRICE, PRICE, QUANTITY, DATEMANUFACTURED) VALUES (198, 38, 388, CAST(50000.00 AS Decimal(18, 2)), CAST(60000.00 AS Decimal(18, 2)), 20, CAST(0x9E400B00 AS Date))
INSERT VEHICLE (VEHICLEID, MAKEID, MODELID, COSTPRICE, PRICE, QUANTITY, DATEMANUFACTURED) VALUES (199, 38, 389, CAST(80000.00 AS Decimal(18, 2)), CAST(90000.00 AS Decimal(18, 2)), 70, CAST(0x5B4E0B00 AS Date))
INSERT VEHICLE (VEHICLEID, MAKEID, MODELID, COSTPRICE, PRICE, QUANTITY, DATEMANUFACTURED) VALUES (200, 38, 391, CAST(50000.00 AS Decimal(18, 2)), CAST(60000.00 AS Decimal(18, 2)), 78, CAST(0xD5400B00 AS Date))
INSERT VEHICLE (VEHICLEID, MAKEID, MODELID, COSTPRICE, PRICE, QUANTITY, DATEMANUFACTURED) VALUES (201, 38, 393, CAST(60000.00 AS Decimal(18, 2)), CAST(70000.00 AS Decimal(18, 2)), 35, CAST(0x9E400B00 AS Date))
INSERT VEHICLE (VEHICLEID, MAKEID, MODELID, COSTPRICE, PRICE, QUANTITY, DATEMANUFACTURED) VALUES (202, 38, 394, CAST(50000.00 AS Decimal(18, 2)), CAST(60000.00 AS Decimal(18, 2)), 80, CAST(0x644E0B00 AS Date))
GO

/****** Object:  Table TRANSACTIONSTATUS    Script Date: 03/15/2022 11:13:15 ******/
CREATE TABLE TRANSACTIONSTATUS(
	STATUSID int PRIMARY KEY NOT NULL,
	TRANSACTIONSTATUS nvarchar(50) NULL,
	DESCRIPTION nvarchar(250) NULL
)
GO
INSERT TRANSACTIONSTATUS (STATUSID, TRANSACTIONSTATUS, DESCRIPTION) VALUES (0, N'Cancelled', N'Cancelled SALESTRANSACTION')
INSERT TRANSACTIONSTATUS (STATUSID, TRANSACTIONSTATUS, DESCRIPTION) VALUES (1, N'Valid ', N'Valid SALESTRANSACTION')
GO


/****** Object:  Table SALESTRANSACTION    Script Date: 03/15/2022 11:13:15 ******/
CREATE TABLE SALESTRANSACTION(
	TRANID numeric(18, 0) PRIMARY KEY NOT NULL,
	TRANDATE date NULL,
	TRANTIME time(7) NULL,
	CUSTOMERID numeric(18, 0) NULL FOREIGN KEY REFERENCES CUSTOMER(CUSTOMERID),
	VEHICLEID int NULL FOREIGN KEY REFERENCES VEHICLE(VEHICLEID),
	PRICE decimal(18, 2) NULL,
	QUANTITY int NULL,
	AMOUNT decimal(18, 2) NULL,
	BRANCHID int NULL FOREIGN KEY REFERENCES BRANCH(BRANCHID),
	STAFFID numeric(18, 0) NULL FOREIGN KEY REFERENCES STAFF(STAFFID),
	STATUSID int NULL FOREIGN KEY REFERENCES TRANSACTIONSTATUS(STATUSID),
	STATUSREASON nvarchar(250) NULL
)
GO
INSERT SALESTRANSACTION (TRANID, TRANDATE, TRANTIME, CUSTOMERID, VEHICLEID, PRICE, QUANTITY, AMOUNT, BRANCHID, STAFFID, STATUSID, STATUSREASON) VALUES (CAST(1 AS Numeric(18, 0)), CAST(0x5D0A0B00 AS Date), CAST(0x0700587660670000 AS Time), CAST(20090 AS Numeric(18, 0)), 182, CAST(60000.00 AS Decimal(18, 2)), 1, CAST(60000.00 AS Decimal(18, 2)), 1, CAST(18016 AS Numeric(18, 0)), 1, NULL)
INSERT SALESTRANSACTION (TRANID, TRANDATE, TRANTIME, CUSTOMERID, VEHICLEID, PRICE, QUANTITY, AMOUNT, BRANCHID, STAFFID, STATUSID, STATUSREASON) VALUES (CAST(2 AS Numeric(18, 0)), CAST(0x620A0B00 AS Date), CAST(0x0700F0B1FE5E0000 AS Time), CAST(20046 AS Numeric(18, 0)), 190, CAST(45000.00 AS Decimal(18, 2)), 1, CAST(45000.00 AS Decimal(18, 2)), 1, CAST(18012 AS Numeric(18, 0)), 1, NULL)
INSERT SALESTRANSACTION (TRANID, TRANDATE, TRANTIME, CUSTOMERID, VEHICLEID, PRICE, QUANTITY, AMOUNT, BRANCHID, STAFFID, STATUSID, STATUSREASON) VALUES (CAST(3 AS Numeric(18, 0)), CAST(0x7D0A0B00 AS Date), CAST(0x0700587660670000 AS Time), CAST(20044 AS Numeric(18, 0)), 195, CAST(60000.00 AS Decimal(18, 2)), 1, CAST(60000.00 AS Decimal(18, 2)), 6, CAST(18021 AS Numeric(18, 0)), 0, N'Returned Reported Faulty')
INSERT SALESTRANSACTION (TRANID, TRANDATE, TRANTIME, CUSTOMERID, VEHICLEID, PRICE, QUANTITY, AMOUNT, BRANCHID, STAFFID, STATUSID, STATUSREASON) VALUES (CAST(4 AS Numeric(18, 0)), CAST(0x7D0A0B00 AS Date), CAST(0x0700C03AC26F0000 AS Time), CAST(19002 AS Numeric(18, 0)), 183, CAST(60000.00 AS Decimal(18, 2)), 1, CAST(60000.00 AS Decimal(18, 2)), 7, CAST(18017 AS Numeric(18, 0)), 1, NULL)
INSERT SALESTRANSACTION (TRANID, TRANDATE, TRANTIME, CUSTOMERID, VEHICLEID, PRICE, QUANTITY, AMOUNT, BRANCHID, STAFFID, STATUSID, STATUSREASON) VALUES (CAST(5 AS Numeric(18, 0)), CAST(0x810A0B00 AS Date), CAST(0x0700C03AC26F0000 AS Time), CAST(20001 AS Numeric(18, 0)), 187, CAST(90000.00 AS Decimal(18, 2)), 1, CAST(90000.00 AS Decimal(18, 2)), 1, CAST(19019 AS Numeric(18, 0)), 1, NULL)
INSERT SALESTRANSACTION (TRANID, TRANDATE, TRANTIME, CUSTOMERID, VEHICLEID, PRICE, QUANTITY, AMOUNT, BRANCHID, STAFFID, STATUSID, STATUSREASON) VALUES (CAST(6 AS Numeric(18, 0)), CAST(0xB90A0B00 AS Date), CAST(0x070028FF23780000 AS Time), CAST(20002 AS Numeric(18, 0)), 184, CAST(90000.00 AS Decimal(18, 2)), 1, CAST(90000.00 AS Decimal(18, 2)), 1, CAST(18019 AS Numeric(18, 0)), 1, NULL)
INSERT SALESTRANSACTION (TRANID, TRANDATE, TRANTIME, CUSTOMERID, VEHICLEID, PRICE, QUANTITY, AMOUNT, BRANCHID, STAFFID, STATUSID, STATUSREASON) VALUES (CAST(7 AS Numeric(18, 0)), CAST(0xD20A0B00 AS Date), CAST(0x0700587660670000 AS Time), CAST(20004 AS Numeric(18, 0)), 191, CAST(60000.00 AS Decimal(18, 2)), 1, CAST(60000.00 AS Decimal(18, 2)), 1, CAST(18014 AS Numeric(18, 0)), 1, NULL)
INSERT SALESTRANSACTION (TRANID, TRANDATE, TRANTIME, CUSTOMERID, VEHICLEID, PRICE, QUANTITY, AMOUNT, BRANCHID, STAFFID, STATUSID, STATUSREASON) VALUES (CAST(8 AS Numeric(18, 0)), CAST(0xD50A0B00 AS Date), CAST(0x0700F0B1FE5E0000 AS Time), CAST(20005 AS Numeric(18, 0)), 194, CAST(60000.00 AS Decimal(18, 2)), 1, CAST(60000.00 AS Decimal(18, 2)), 1, CAST(18019 AS Numeric(18, 0)), 1, NULL)
INSERT SALESTRANSACTION (TRANID, TRANDATE, TRANTIME, CUSTOMERID, VEHICLEID, PRICE, QUANTITY, AMOUNT, BRANCHID, STAFFID, STATUSID, STATUSREASON) VALUES (CAST(9 AS Numeric(18, 0)), CAST(0xFA0A0B00 AS Date), CAST(0x070028FF23780000 AS Time), CAST(20006 AS Numeric(18, 0)), 188, CAST(100000.00 AS Decimal(18, 2)), 1, CAST(100000.00 AS Decimal(18, 2)), 1, CAST(19025 AS Numeric(18, 0)), 1, NULL)
INSERT SALESTRANSACTION (TRANID, TRANDATE, TRANTIME, CUSTOMERID, VEHICLEID, PRICE, QUANTITY, AMOUNT, BRANCHID, STAFFID, STATUSID, STATUSREASON) VALUES (CAST(10 AS Numeric(18, 0)), CAST(0x180B0B00 AS Date), CAST(0x0700F0B1FE5E0000 AS Time), CAST(20007 AS Numeric(18, 0)), 181, CAST(69000.00 AS Decimal(18, 2)), 1, CAST(69000.00 AS Decimal(18, 2)), 1, CAST(18014 AS Numeric(18, 0)), 1, NULL)
INSERT SALESTRANSACTION (TRANID, TRANDATE, TRANTIME, CUSTOMERID, VEHICLEID, PRICE, QUANTITY, AMOUNT, BRANCHID, STAFFID, STATUSID, STATUSREASON) VALUES (CAST(11 AS Numeric(18, 0)), CAST(0x180B0B00 AS Date), CAST(0x070028FF23780000 AS Time), CAST(20008 AS Numeric(18, 0)), 193, CAST(60000.00 AS Decimal(18, 2)), 1, CAST(60000.00 AS Decimal(18, 2)), 1, CAST(18017 AS Numeric(18, 0)), 1, NULL)
INSERT SALESTRANSACTION (TRANID, TRANDATE, TRANTIME, CUSTOMERID, VEHICLEID, PRICE, QUANTITY, AMOUNT, BRANCHID, STAFFID, STATUSID, STATUSREASON) VALUES (CAST(12 AS Numeric(18, 0)), CAST(0x530B0B00 AS Date), CAST(0x0700F0B1FE5E0000 AS Time), CAST(20010 AS Numeric(18, 0)), 185, CAST(60000.00 AS Decimal(18, 2)), 1, CAST(60000.00 AS Decimal(18, 2)), 1, CAST(18037 AS Numeric(18, 0)), 1, NULL)
INSERT SALESTRANSACTION (TRANID, TRANDATE, TRANTIME, CUSTOMERID, VEHICLEID, PRICE, QUANTITY, AMOUNT, BRANCHID, STAFFID, STATUSID, STATUSREASON) VALUES (CAST(13 AS Numeric(18, 0)), CAST(0x720B0B00 AS Date), CAST(0x0700587660670000 AS Time), CAST(20011 AS Numeric(18, 0)), 186, CAST(60000.00 AS Decimal(18, 2)), 1, CAST(60000.00 AS Decimal(18, 2)), 6, CAST(19015 AS Numeric(18, 0)), 1, NULL)
INSERT SALESTRANSACTION (TRANID, TRANDATE, TRANTIME, CUSTOMERID, VEHICLEID, PRICE, QUANTITY, AMOUNT, BRANCHID, STAFFID, STATUSID, STATUSREASON) VALUES (CAST(14 AS Numeric(18, 0)), CAST(0xA90B0B00 AS Date), CAST(0x0700F0B1FE5E0000 AS Time), CAST(20012 AS Numeric(18, 0)), 180, CAST(60000.00 AS Decimal(18, 2)), 1, CAST(60000.00 AS Decimal(18, 2)), 7, CAST(18012 AS Numeric(18, 0)), 1, NULL)
INSERT SALESTRANSACTION (TRANID, TRANDATE, TRANTIME, CUSTOMERID, VEHICLEID, PRICE, QUANTITY, AMOUNT, BRANCHID, STAFFID, STATUSID, STATUSREASON) VALUES (CAST(15 AS Numeric(18, 0)), CAST(0xA90B0B00 AS Date), CAST(0x0700C03AC26F0000 AS Time), CAST(20013 AS Numeric(18, 0)), 192, CAST(78000.00 AS Decimal(18, 2)), 1, CAST(78000.00 AS Decimal(18, 2)), 6, CAST(18016 AS Numeric(18, 0)), 1, NULL)
INSERT SALESTRANSACTION (TRANID, TRANDATE, TRANTIME, CUSTOMERID, VEHICLEID, PRICE, QUANTITY, AMOUNT, BRANCHID, STAFFID, STATUSID, STATUSREASON) VALUES (CAST(16 AS Numeric(18, 0)), CAST(0xB20B0B00 AS Date), CAST(0x070090C385800000 AS Time), CAST(20014 AS Numeric(18, 0)), 189, CAST(60000.00 AS Decimal(18, 2)), 1, CAST(60000.00 AS Decimal(18, 2)), 7, CAST(20004 AS Numeric(18, 0)), 1, NULL)
INSERT SALESTRANSACTION (TRANID, TRANDATE, TRANTIME, CUSTOMERID, VEHICLEID, PRICE, QUANTITY, AMOUNT, BRANCHID, STAFFID, STATUSID, STATUSREASON) VALUES (CAST(17 AS Numeric(18, 0)), CAST(0xCF0B0B00 AS Date), CAST(0x070028FF23780000 AS Time), CAST(19002 AS Numeric(18, 0)), 197, CAST(60000.00 AS Decimal(18, 2)), 1, CAST(60000.00 AS Decimal(18, 2)), 1, CAST(18030 AS Numeric(18, 0)), 1, NULL)
INSERT SALESTRANSACTION (TRANID, TRANDATE, TRANTIME, CUSTOMERID, VEHICLEID, PRICE, QUANTITY, AMOUNT, BRANCHID, STAFFID, STATUSID, STATUSREASON) VALUES (CAST(18 AS Numeric(18, 0)), CAST(0xCF0B0B00 AS Date), CAST(0x0700F887E7880000 AS Time), CAST(20001 AS Numeric(18, 0)), 185, CAST(60000.00 AS Decimal(18, 2)), 1, CAST(60000.00 AS Decimal(18, 2)), 1, CAST(18037 AS Numeric(18, 0)), 1, NULL)
INSERT SALESTRANSACTION (TRANID, TRANDATE, TRANTIME, CUSTOMERID, VEHICLEID, PRICE, QUANTITY, AMOUNT, BRANCHID, STAFFID, STATUSID, STATUSREASON) VALUES (CAST(19 AS Numeric(18, 0)), CAST(0xEA0B0B00 AS Date), CAST(0x0700C03AC26F0000 AS Time), CAST(20002 AS Numeric(18, 0)), 202, CAST(60000.00 AS Decimal(18, 2)), 1, CAST(60000.00 AS Decimal(18, 2)), 6, CAST(20004 AS Numeric(18, 0)), 1, NULL)
INSERT SALESTRANSACTION (TRANID, TRANDATE, TRANTIME, CUSTOMERID, VEHICLEID, PRICE, QUANTITY, AMOUNT, BRANCHID, STAFFID, STATUSID, STATUSREASON) VALUES (CAST(20 AS Numeric(18, 0)), CAST(0xEE0B0B00 AS Date), CAST(0x0700C03AC26F0000 AS Time), CAST(20004 AS Numeric(18, 0)), 185, CAST(60000.00 AS Decimal(18, 2)), 1, CAST(60000.00 AS Decimal(18, 2)), 1, CAST(18037 AS Numeric(18, 0)), 0, N'Gearbox Problem')
INSERT SALESTRANSACTION (TRANID, TRANDATE, TRANTIME, CUSTOMERID, VEHICLEID, PRICE, QUANTITY, AMOUNT, BRANCHID, STAFFID, STATUSID, STATUSREASON) VALUES (CAST(21 AS Numeric(18, 0)), CAST(0x050C0B00 AS Date), CAST(0x0700587660670000 AS Time), CAST(20005 AS Numeric(18, 0)), 201, CAST(70000.00 AS Decimal(18, 2)), 1, CAST(70000.00 AS Decimal(18, 2)), 6, CAST(19025 AS Numeric(18, 0)), 1, NULL)
INSERT SALESTRANSACTION (TRANID, TRANDATE, TRANTIME, CUSTOMERID, VEHICLEID, PRICE, QUANTITY, AMOUNT, BRANCHID, STAFFID, STATUSID, STATUSREASON) VALUES (CAST(22 AS Numeric(18, 0)), CAST(0x260C0B00 AS Date), CAST(0x070028FF23780000 AS Time), CAST(20006 AS Numeric(18, 0)), 185, CAST(60000.00 AS Decimal(18, 2)), 1, CAST(60000.00 AS Decimal(18, 2)), 1, CAST(18037 AS Numeric(18, 0)), 1, NULL)
INSERT SALESTRANSACTION (TRANID, TRANDATE, TRANTIME, CUSTOMERID, VEHICLEID, PRICE, QUANTITY, AMOUNT, BRANCHID, STAFFID, STATUSID, STATUSREASON) VALUES (CAST(23 AS Numeric(18, 0)), CAST(0x2A0C0B00 AS Date), CAST(0x070028FF23780000 AS Time), CAST(20007 AS Numeric(18, 0)), 185, CAST(60000.00 AS Decimal(18, 2)), 1, CAST(60000.00 AS Decimal(18, 2)), 1, CAST(18037 AS Numeric(18, 0)), 1, NULL)
INSERT SALESTRANSACTION (TRANID, TRANDATE, TRANTIME, CUSTOMERID, VEHICLEID, PRICE, QUANTITY, AMOUNT, BRANCHID, STAFFID, STATUSID, STATUSREASON) VALUES (CAST(24 AS Numeric(18, 0)), CAST(0x3F0C0B00 AS Date), CAST(0x0700F0B1FE5E0000 AS Time), CAST(20008 AS Numeric(18, 0)), 202, CAST(60000.00 AS Decimal(18, 2)), 1, CAST(60000.00 AS Decimal(18, 2)), 6, CAST(20004 AS Numeric(18, 0)), 1, NULL)
INSERT SALESTRANSACTION (TRANID, TRANDATE, TRANTIME, CUSTOMERID, VEHICLEID, PRICE, QUANTITY, AMOUNT, BRANCHID, STAFFID, STATUSID, STATUSREASON) VALUES (CAST(25 AS Numeric(18, 0)), CAST(0x3F0C0B00 AS Date), CAST(0x070090C385800000 AS Time), CAST(20010 AS Numeric(18, 0)), 198, CAST(60000.00 AS Decimal(18, 2)), 1, CAST(60000.00 AS Decimal(18, 2)), 7, CAST(18037 AS Numeric(18, 0)), 1, NULL)
INSERT SALESTRANSACTION (TRANID, TRANDATE, TRANTIME, CUSTOMERID, VEHICLEID, PRICE, QUANTITY, AMOUNT, BRANCHID, STAFFID, STATUSID, STATUSREASON) VALUES (CAST(26 AS Numeric(18, 0)), CAST(0x850C0B00 AS Date), CAST(0x0700F0B1FE5E0000 AS Time), CAST(20011 AS Numeric(18, 0)), 200, CAST(60000.00 AS Decimal(18, 2)), 1, CAST(60000.00 AS Decimal(18, 2)), 1, CAST(19019 AS Numeric(18, 0)), 1, NULL)
INSERT SALESTRANSACTION (TRANID, TRANDATE, TRANTIME, CUSTOMERID, VEHICLEID, PRICE, QUANTITY, AMOUNT, BRANCHID, STAFFID, STATUSID, STATUSREASON) VALUES (CAST(27 AS Numeric(18, 0)), CAST(0xC00C0B00 AS Date), CAST(0x0700F0B1FE5E0000 AS Time), CAST(20012 AS Numeric(18, 0)), 185, CAST(60000.00 AS Decimal(18, 2)), 1, CAST(60000.00 AS Decimal(18, 2)), 1, CAST(18037 AS Numeric(18, 0)), 1, NULL)
INSERT SALESTRANSACTION (TRANID, TRANDATE, TRANTIME, CUSTOMERID, VEHICLEID, PRICE, QUANTITY, AMOUNT, BRANCHID, STAFFID, STATUSID, STATUSREASON) VALUES (CAST(28 AS Numeric(18, 0)), CAST(0xDF0C0B00 AS Date), CAST(0x0700587660670000 AS Time), CAST(20013 AS Numeric(18, 0)), 202, CAST(60000.00 AS Decimal(18, 2)), 1, CAST(60000.00 AS Decimal(18, 2)), 6, CAST(20004 AS Numeric(18, 0)), 1, NULL)
INSERT SALESTRANSACTION (TRANID, TRANDATE, TRANTIME, CUSTOMERID, VEHICLEID, PRICE, QUANTITY, AMOUNT, BRANCHID, STAFFID, STATUSID, STATUSREASON) VALUES (CAST(29 AS Numeric(18, 0)), CAST(0x160D0B00 AS Date), CAST(0x0700F887E7880000 AS Time), CAST(20014 AS Numeric(18, 0)), 199, CAST(90000.00 AS Decimal(18, 2)), 1, CAST(90000.00 AS Decimal(18, 2)), 1, CAST(19015 AS Numeric(18, 0)), 1, NULL)
INSERT SALESTRANSACTION (TRANID, TRANDATE, TRANTIME, CUSTOMERID, VEHICLEID, PRICE, QUANTITY, AMOUNT, BRANCHID, STAFFID, STATUSID, STATUSREASON) VALUES (CAST(30 AS Numeric(18, 0)), CAST(0x1F0D0B00 AS Date), CAST(0x070090C385800000 AS Time), CAST(20015 AS Numeric(18, 0)), 192, CAST(78000.00 AS Decimal(18, 2)), 1, CAST(78000.00 AS Decimal(18, 2)), 6, CAST(18016 AS Numeric(18, 0)), 1, NULL)
INSERT SALESTRANSACTION (TRANID, TRANDATE, TRANTIME, CUSTOMERID, VEHICLEID, PRICE, QUANTITY, AMOUNT, BRANCHID, STAFFID, STATUSID, STATUSREASON) VALUES (CAST(31 AS Numeric(18, 0)), CAST(0x370D0B00 AS Date), CAST(0x0700F0B1FE5E0000 AS Time), CAST(20016 AS Numeric(18, 0)), 189, CAST(60000.00 AS Decimal(18, 2)), 1, CAST(60000.00 AS Decimal(18, 2)), 7, CAST(20004 AS Numeric(18, 0)), 1, NULL)
INSERT SALESTRANSACTION (TRANID, TRANDATE, TRANTIME, CUSTOMERID, VEHICLEID, PRICE, QUANTITY, AMOUNT, BRANCHID, STAFFID, STATUSID, STATUSREASON) VALUES (CAST(32 AS Numeric(18, 0)), CAST(0x370D0B00 AS Date), CAST(0x0700C03AC26F0000 AS Time), CAST(20017 AS Numeric(18, 0)), 197, CAST(60000.00 AS Decimal(18, 2)), 1, CAST(60000.00 AS Decimal(18, 2)), 1, CAST(18030 AS Numeric(18, 0)), 1, NULL)
INSERT SALESTRANSACTION (TRANID, TRANDATE, TRANTIME, CUSTOMERID, VEHICLEID, PRICE, QUANTITY, AMOUNT, BRANCHID, STAFFID, STATUSID, STATUSREASON) VALUES (CAST(33 AS Numeric(18, 0)), CAST(0x3C0D0B00 AS Date), CAST(0x0700587660670000 AS Time), CAST(20019 AS Numeric(18, 0)), 185, CAST(60000.00 AS Decimal(18, 2)), 1, CAST(60000.00 AS Decimal(18, 2)), 1, CAST(18037 AS Numeric(18, 0)), 1, NULL)
INSERT SALESTRANSACTION (TRANID, TRANDATE, TRANTIME, CUSTOMERID, VEHICLEID, PRICE, QUANTITY, AMOUNT, BRANCHID, STAFFID, STATUSID, STATUSREASON) VALUES (CAST(34 AS Numeric(18, 0)), CAST(0x3C0D0B00 AS Date), CAST(0x0700C03AC26F0000 AS Time), CAST(20020 AS Numeric(18, 0)), 182, CAST(60000.00 AS Decimal(18, 2)), 1, CAST(60000.00 AS Decimal(18, 2)), 1, CAST(18016 AS Numeric(18, 0)), 1, NULL)
INSERT SALESTRANSACTION (TRANID, TRANDATE, TRANTIME, CUSTOMERID, VEHICLEID, PRICE, QUANTITY, AMOUNT, BRANCHID, STAFFID, STATUSID, STATUSREASON) VALUES (CAST(35 AS Numeric(18, 0)), CAST(0x3C0D0B00 AS Date), CAST(0x0700F887E7880000 AS Time), CAST(20021 AS Numeric(18, 0)), 190, CAST(45000.00 AS Decimal(18, 2)), 1, CAST(45000.00 AS Decimal(18, 2)), 1, CAST(18012 AS Numeric(18, 0)), 1, NULL)
INSERT SALESTRANSACTION (TRANID, TRANDATE, TRANTIME, CUSTOMERID, VEHICLEID, PRICE, QUANTITY, AMOUNT, BRANCHID, STAFFID, STATUSID, STATUSREASON) VALUES (CAST(36 AS Numeric(18, 0)), CAST(0x570D0B00 AS Date), CAST(0x0700F0B1FE5E0000 AS Time), CAST(20022 AS Numeric(18, 0)), 195, CAST(60000.00 AS Decimal(18, 2)), 1, CAST(60000.00 AS Decimal(18, 2)), 6, CAST(18021 AS Numeric(18, 0)), 1, NULL)
INSERT SALESTRANSACTION (TRANID, TRANDATE, TRANTIME, CUSTOMERID, VEHICLEID, PRICE, QUANTITY, AMOUNT, BRANCHID, STAFFID, STATUSID, STATUSREASON) VALUES (CAST(37 AS Numeric(18, 0)), CAST(0x570D0B00 AS Date), CAST(0x0700587660670000 AS Time), CAST(20023 AS Numeric(18, 0)), 183, CAST(60000.00 AS Decimal(18, 2)), 1, CAST(60000.00 AS Decimal(18, 2)), 7, CAST(18017 AS Numeric(18, 0)), 1, NULL)
INSERT SALESTRANSACTION (TRANID, TRANDATE, TRANTIME, CUSTOMERID, VEHICLEID, PRICE, QUANTITY, AMOUNT, BRANCHID, STAFFID, STATUSID, STATUSREASON) VALUES (CAST(38 AS Numeric(18, 0)), CAST(0x570D0B00 AS Date), CAST(0x070028FF23780000 AS Time), CAST(20024 AS Numeric(18, 0)), 187, CAST(90000.00 AS Decimal(18, 2)), 1, CAST(90000.00 AS Decimal(18, 2)), 1, CAST(19019 AS Numeric(18, 0)), 1, NULL)
INSERT SALESTRANSACTION (TRANID, TRANDATE, TRANTIME, CUSTOMERID, VEHICLEID, PRICE, QUANTITY, AMOUNT, BRANCHID, STAFFID, STATUSID, STATUSREASON) VALUES (CAST(39 AS Numeric(18, 0)), CAST(0x5B0D0B00 AS Date), CAST(0x070090C385800000 AS Time), CAST(20025 AS Numeric(18, 0)), 184, CAST(90000.00 AS Decimal(18, 2)), 1, CAST(90000.00 AS Decimal(18, 2)), 1, CAST(18019 AS Numeric(18, 0)), 1, NULL)
INSERT SALESTRANSACTION (TRANID, TRANDATE, TRANTIME, CUSTOMERID, VEHICLEID, PRICE, QUANTITY, AMOUNT, BRANCHID, STAFFID, STATUSID, STATUSREASON) VALUES (CAST(40 AS Numeric(18, 0)), CAST(0x5B0D0B00 AS Date), CAST(0x0700F887E7880000 AS Time), CAST(20026 AS Numeric(18, 0)), 191, CAST(60000.00 AS Decimal(18, 2)), 1, CAST(60000.00 AS Decimal(18, 2)), 1, CAST(18014 AS Numeric(18, 0)), 1, NULL)
INSERT SALESTRANSACTION (TRANID, TRANDATE, TRANTIME, CUSTOMERID, VEHICLEID, PRICE, QUANTITY, AMOUNT, BRANCHID, STAFFID, STATUSID, STATUSREASON) VALUES (CAST(41 AS Numeric(18, 0)), CAST(0x940D0B00 AS Date), CAST(0x0700587660670000 AS Time), CAST(20027 AS Numeric(18, 0)), 194, CAST(60000.00 AS Decimal(18, 2)), 1, CAST(60000.00 AS Decimal(18, 2)), 1, CAST(18019 AS Numeric(18, 0)), 1, NULL)
INSERT SALESTRANSACTION (TRANID, TRANDATE, TRANTIME, CUSTOMERID, VEHICLEID, PRICE, QUANTITY, AMOUNT, BRANCHID, STAFFID, STATUSID, STATUSREASON) VALUES (CAST(42 AS Numeric(18, 0)), CAST(0x940D0B00 AS Date), CAST(0x0700C03AC26F0000 AS Time), CAST(20028 AS Numeric(18, 0)), 188, CAST(100000.00 AS Decimal(18, 2)), 1, CAST(100000.00 AS Decimal(18, 2)), 1, CAST(19025 AS Numeric(18, 0)), 1, NULL)
INSERT SALESTRANSACTION (TRANID, TRANDATE, TRANTIME, CUSTOMERID, VEHICLEID, PRICE, QUANTITY, AMOUNT, BRANCHID, STAFFID, STATUSID, STATUSREASON) VALUES (CAST(43 AS Numeric(18, 0)), CAST(0x940D0B00 AS Date), CAST(0x070090C385800000 AS Time), CAST(20029 AS Numeric(18, 0)), 181, CAST(69000.00 AS Decimal(18, 2)), 1, CAST(69000.00 AS Decimal(18, 2)), 1, CAST(18014 AS Numeric(18, 0)), 1, NULL)
INSERT SALESTRANSACTION (TRANID, TRANDATE, TRANTIME, CUSTOMERID, VEHICLEID, PRICE, QUANTITY, AMOUNT, BRANCHID, STAFFID, STATUSID, STATUSREASON) VALUES (CAST(44 AS Numeric(18, 0)), CAST(0x980D0B00 AS Date), CAST(0x0700F0B1FE5E0000 AS Time), CAST(20031 AS Numeric(18, 0)), 193, CAST(60000.00 AS Decimal(18, 2)), 1, CAST(60000.00 AS Decimal(18, 2)), 1, CAST(18017 AS Numeric(18, 0)), 1, NULL)
INSERT SALESTRANSACTION (TRANID, TRANDATE, TRANTIME, CUSTOMERID, VEHICLEID, PRICE, QUANTITY, AMOUNT, BRANCHID, STAFFID, STATUSID, STATUSREASON) VALUES (CAST(45 AS Numeric(18, 0)), CAST(0x980D0B00 AS Date), CAST(0x0700F887E7880000 AS Time), CAST(20032 AS Numeric(18, 0)), 185, CAST(60000.00 AS Decimal(18, 2)), 1, CAST(60000.00 AS Decimal(18, 2)), 1, CAST(18037 AS Numeric(18, 0)), 1, NULL)
INSERT SALESTRANSACTION (TRANID, TRANDATE, TRANTIME, CUSTOMERID, VEHICLEID, PRICE, QUANTITY, AMOUNT, BRANCHID, STAFFID, STATUSID, STATUSREASON) VALUES (CAST(46 AS Numeric(18, 0)), CAST(0xAD0D0B00 AS Date), CAST(0x0700F0B1FE5E0000 AS Time), CAST(20033 AS Numeric(18, 0)), 186, CAST(60000.00 AS Decimal(18, 2)), 1, CAST(60000.00 AS Decimal(18, 2)), 6, CAST(19015 AS Numeric(18, 0)), 1, NULL)
INSERT SALESTRANSACTION (TRANID, TRANDATE, TRANTIME, CUSTOMERID, VEHICLEID, PRICE, QUANTITY, AMOUNT, BRANCHID, STAFFID, STATUSID, STATUSREASON) VALUES (CAST(47 AS Numeric(18, 0)), CAST(0xAD0D0B00 AS Date), CAST(0x0700587660670000 AS Time), CAST(20034 AS Numeric(18, 0)), 180, CAST(60000.00 AS Decimal(18, 2)), 1, CAST(60000.00 AS Decimal(18, 2)), 7, CAST(18012 AS Numeric(18, 0)), 1, NULL)
INSERT SALESTRANSACTION (TRANID, TRANDATE, TRANTIME, CUSTOMERID, VEHICLEID, PRICE, QUANTITY, AMOUNT, BRANCHID, STAFFID, STATUSID, STATUSREASON) VALUES (CAST(48 AS Numeric(18, 0)), CAST(0xAD0D0B00 AS Date), CAST(0x0700C03AC26F0000 AS Time), CAST(20035 AS Numeric(18, 0)), 192, CAST(78000.00 AS Decimal(18, 2)), 1, CAST(78000.00 AS Decimal(18, 2)), 6, CAST(18016 AS Numeric(18, 0)), 1, NULL)
INSERT SALESTRANSACTION (TRANID, TRANDATE, TRANTIME, CUSTOMERID, VEHICLEID, PRICE, QUANTITY, AMOUNT, BRANCHID, STAFFID, STATUSID, STATUSREASON) VALUES (CAST(49 AS Numeric(18, 0)), CAST(0xAD0D0B00 AS Date), CAST(0x070028FF23780000 AS Time), CAST(20036 AS Numeric(18, 0)), 189, CAST(60000.00 AS Decimal(18, 2)), 1, CAST(60000.00 AS Decimal(18, 2)), 7, CAST(20004 AS Numeric(18, 0)), 1, NULL)
INSERT SALESTRANSACTION (TRANID, TRANDATE, TRANTIME, CUSTOMERID, VEHICLEID, PRICE, QUANTITY, AMOUNT, BRANCHID, STAFFID, STATUSID, STATUSREASON) VALUES (CAST(50 AS Numeric(18, 0)), CAST(0xB00D0B00 AS Date), CAST(0x070028FF23780000 AS Time), CAST(20037 AS Numeric(18, 0)), 197, CAST(60000.00 AS Decimal(18, 2)), 1, CAST(60000.00 AS Decimal(18, 2)), 1, CAST(18030 AS Numeric(18, 0)), 1, NULL)
INSERT SALESTRANSACTION (TRANID, TRANDATE, TRANTIME, CUSTOMERID, VEHICLEID, PRICE, QUANTITY, AMOUNT, BRANCHID, STAFFID, STATUSID, STATUSREASON) VALUES (CAST(51 AS Numeric(18, 0)), CAST(0xF30D0B00 AS Date), CAST(0x0700F0B1FE5E0000 AS Time), CAST(20038 AS Numeric(18, 0)), 185, CAST(60000.00 AS Decimal(18, 2)), 1, CAST(60000.00 AS Decimal(18, 2)), 1, CAST(18037 AS Numeric(18, 0)), 1, NULL)
INSERT SALESTRANSACTION (TRANID, TRANDATE, TRANTIME, CUSTOMERID, VEHICLEID, PRICE, QUANTITY, AMOUNT, BRANCHID, STAFFID, STATUSID, STATUSREASON) VALUES (CAST(52 AS Numeric(18, 0)), CAST(0xF30D0B00 AS Date), CAST(0x0700587660670000 AS Time), CAST(20039 AS Numeric(18, 0)), 202, CAST(60000.00 AS Decimal(18, 2)), 1, CAST(60000.00 AS Decimal(18, 2)), 6, CAST(20004 AS Numeric(18, 0)), 1, NULL)
INSERT SALESTRANSACTION (TRANID, TRANDATE, TRANTIME, CUSTOMERID, VEHICLEID, PRICE, QUANTITY, AMOUNT, BRANCHID, STAFFID, STATUSID, STATUSREASON) VALUES (CAST(53 AS Numeric(18, 0)), CAST(0xF30D0B00 AS Date), CAST(0x0700C03AC26F0000 AS Time), CAST(20040 AS Numeric(18, 0)), 185, CAST(60000.00 AS Decimal(18, 2)), 1, CAST(60000.00 AS Decimal(18, 2)), 1, CAST(18037 AS Numeric(18, 0)), 1, NULL)
INSERT SALESTRANSACTION (TRANID, TRANDATE, TRANTIME, CUSTOMERID, VEHICLEID, PRICE, QUANTITY, AMOUNT, BRANCHID, STAFFID, STATUSID, STATUSREASON) VALUES (CAST(54 AS Numeric(18, 0)), CAST(0xF30D0B00 AS Date), CAST(0x070028FF23780000 AS Time), CAST(20041 AS Numeric(18, 0)), 201, CAST(70000.00 AS Decimal(18, 2)), 1, CAST(70000.00 AS Decimal(18, 2)), 6, CAST(19025 AS Numeric(18, 0)), 1, NULL)
INSERT SALESTRANSACTION (TRANID, TRANDATE, TRANTIME, CUSTOMERID, VEHICLEID, PRICE, QUANTITY, AMOUNT, BRANCHID, STAFFID, STATUSID, STATUSREASON) VALUES (CAST(55 AS Numeric(18, 0)), CAST(0x2E0E0B00 AS Date), CAST(0x0700C03AC26F0000 AS Time), CAST(20042 AS Numeric(18, 0)), 185, CAST(60000.00 AS Decimal(18, 2)), 1, CAST(60000.00 AS Decimal(18, 2)), 1, CAST(18037 AS Numeric(18, 0)), 1, NULL)
INSERT SALESTRANSACTION (TRANID, TRANDATE, TRANTIME, CUSTOMERID, VEHICLEID, PRICE, QUANTITY, AMOUNT, BRANCHID, STAFFID, STATUSID, STATUSREASON) VALUES (CAST(56 AS Numeric(18, 0)), CAST(0x2E0E0B00 AS Date), CAST(0x070028FF23780000 AS Time), CAST(20043 AS Numeric(18, 0)), 182, CAST(60000.00 AS Decimal(18, 2)), 1, CAST(60000.00 AS Decimal(18, 2)), 1, CAST(18016 AS Numeric(18, 0)), 1, NULL)
INSERT SALESTRANSACTION (TRANID, TRANDATE, TRANTIME, CUSTOMERID, VEHICLEID, PRICE, QUANTITY, AMOUNT, BRANCHID, STAFFID, STATUSID, STATUSREASON) VALUES (CAST(57 AS Numeric(18, 0)), CAST(0x4D0E0B00 AS Date), CAST(0x070028FF23780000 AS Time), CAST(20044 AS Numeric(18, 0)), 190, CAST(45000.00 AS Decimal(18, 2)), 1, CAST(45000.00 AS Decimal(18, 2)), 1, CAST(18012 AS Numeric(18, 0)), 1, NULL)
INSERT SALESTRANSACTION (TRANID, TRANDATE, TRANTIME, CUSTOMERID, VEHICLEID, PRICE, QUANTITY, AMOUNT, BRANCHID, STAFFID, STATUSID, STATUSREASON) VALUES (CAST(58 AS Numeric(18, 0)), CAST(0x4D0E0B00 AS Date), CAST(0x070090C385800000 AS Time), CAST(20045 AS Numeric(18, 0)), 195, CAST(60000.00 AS Decimal(18, 2)), 1, CAST(60000.00 AS Decimal(18, 2)), 6, CAST(18021 AS Numeric(18, 0)), 1, NULL)
INSERT SALESTRANSACTION (TRANID, TRANDATE, TRANTIME, CUSTOMERID, VEHICLEID, PRICE, QUANTITY, AMOUNT, BRANCHID, STAFFID, STATUSID, STATUSREASON) VALUES (CAST(59 AS Numeric(18, 0)), CAST(0x840E0B00 AS Date), CAST(0x0700F0B1FE5E0000 AS Time), CAST(20046 AS Numeric(18, 0)), 183, CAST(60000.00 AS Decimal(18, 2)), 1, CAST(60000.00 AS Decimal(18, 2)), 7, CAST(18017 AS Numeric(18, 0)), 1, NULL)
INSERT SALESTRANSACTION (TRANID, TRANDATE, TRANTIME, CUSTOMERID, VEHICLEID, PRICE, QUANTITY, AMOUNT, BRANCHID, STAFFID, STATUSID, STATUSREASON) VALUES (CAST(60 AS Numeric(18, 0)), CAST(0x840E0B00 AS Date), CAST(0x0700587660670000 AS Time), CAST(20047 AS Numeric(18, 0)), 187, CAST(90000.00 AS Decimal(18, 2)), 1, CAST(90000.00 AS Decimal(18, 2)), 1, CAST(19019 AS Numeric(18, 0)), 1, NULL)
INSERT SALESTRANSACTION (TRANID, TRANDATE, TRANTIME, CUSTOMERID, VEHICLEID, PRICE, QUANTITY, AMOUNT, BRANCHID, STAFFID, STATUSID, STATUSREASON) VALUES (CAST(61 AS Numeric(18, 0)), CAST(0x840E0B00 AS Date), CAST(0x0700C03AC26F0000 AS Time), CAST(20048 AS Numeric(18, 0)), 184, CAST(90000.00 AS Decimal(18, 2)), 1, CAST(90000.00 AS Decimal(18, 2)), 1, CAST(18019 AS Numeric(18, 0)), 1, NULL)
INSERT SALESTRANSACTION (TRANID, TRANDATE, TRANTIME, CUSTOMERID, VEHICLEID, PRICE, QUANTITY, AMOUNT, BRANCHID, STAFFID, STATUSID, STATUSREASON) VALUES (CAST(62 AS Numeric(18, 0)), CAST(0x840E0B00 AS Date), CAST(0x070028FF23780000 AS Time), CAST(20049 AS Numeric(18, 0)), 191, CAST(60000.00 AS Decimal(18, 2)), 1, CAST(60000.00 AS Decimal(18, 2)), 1, CAST(18014 AS Numeric(18, 0)), 1, NULL)
INSERT SALESTRANSACTION (TRANID, TRANDATE, TRANTIME, CUSTOMERID, VEHICLEID, PRICE, QUANTITY, AMOUNT, BRANCHID, STAFFID, STATUSID, STATUSREASON) VALUES (CAST(63 AS Numeric(18, 0)), CAST(0x8D0E0B00 AS Date), CAST(0x0700F0B1FE5E0000 AS Time), CAST(20050 AS Numeric(18, 0)), 194, CAST(60000.00 AS Decimal(18, 2)), 1, CAST(60000.00 AS Decimal(18, 2)), 1, CAST(18019 AS Numeric(18, 0)), 0, N'Engine Failure')
INSERT SALESTRANSACTION (TRANID, TRANDATE, TRANTIME, CUSTOMERID, VEHICLEID, PRICE, QUANTITY, AMOUNT, BRANCHID, STAFFID, STATUSID, STATUSREASON) VALUES (CAST(64 AS Numeric(18, 0)), CAST(0x8D0E0B00 AS Date), CAST(0x0700587660670000 AS Time), CAST(20051 AS Numeric(18, 0)), 188, CAST(100000.00 AS Decimal(18, 2)), 1, CAST(100000.00 AS Decimal(18, 2)), 1, CAST(19025 AS Numeric(18, 0)), 1, NULL)
INSERT SALESTRANSACTION (TRANID, TRANDATE, TRANTIME, CUSTOMERID, VEHICLEID, PRICE, QUANTITY, AMOUNT, BRANCHID, STAFFID, STATUSID, STATUSREASON) VALUES (CAST(65 AS Numeric(18, 0)), CAST(0xAA0E0B00 AS Date), CAST(0x0700587660670000 AS Time), CAST(20052 AS Numeric(18, 0)), 181, CAST(69000.00 AS Decimal(18, 2)), 1, CAST(69000.00 AS Decimal(18, 2)), 1, CAST(18014 AS Numeric(18, 0)), 1, NULL)
INSERT SALESTRANSACTION (TRANID, TRANDATE, TRANTIME, CUSTOMERID, VEHICLEID, PRICE, QUANTITY, AMOUNT, BRANCHID, STAFFID, STATUSID, STATUSREASON) VALUES (CAST(66 AS Numeric(18, 0)), CAST(0xC50E0B00 AS Date), CAST(0x0700F887E7880000 AS Time), CAST(20053 AS Numeric(18, 0)), 193, CAST(60000.00 AS Decimal(18, 2)), 1, CAST(60000.00 AS Decimal(18, 2)), 1, CAST(18017 AS Numeric(18, 0)), 1, NULL)
INSERT SALESTRANSACTION (TRANID, TRANDATE, TRANTIME, CUSTOMERID, VEHICLEID, PRICE, QUANTITY, AMOUNT, BRANCHID, STAFFID, STATUSID, STATUSREASON) VALUES (CAST(67 AS Numeric(18, 0)), CAST(0xC90E0B00 AS Date), CAST(0x070028FF23780000 AS Time), CAST(20056 AS Numeric(18, 0)), 185, CAST(60000.00 AS Decimal(18, 2)), 1, CAST(60000.00 AS Decimal(18, 2)), 1, CAST(18037 AS Numeric(18, 0)), 1, NULL)
INSERT SALESTRANSACTION (TRANID, TRANDATE, TRANTIME, CUSTOMERID, VEHICLEID, PRICE, QUANTITY, AMOUNT, BRANCHID, STAFFID, STATUSID, STATUSREASON) VALUES (CAST(68 AS Numeric(18, 0)), CAST(0x010F0B00 AS Date), CAST(0x0700F0B1FE5E0000 AS Time), CAST(20057 AS Numeric(18, 0)), 186, CAST(60000.00 AS Decimal(18, 2)), 1, CAST(60000.00 AS Decimal(18, 2)), 6, CAST(19015 AS Numeric(18, 0)), 1, NULL)
INSERT SALESTRANSACTION (TRANID, TRANDATE, TRANTIME, CUSTOMERID, VEHICLEID, PRICE, QUANTITY, AMOUNT, BRANCHID, STAFFID, STATUSID, STATUSREASON) VALUES (CAST(69 AS Numeric(18, 0)), CAST(0x050F0B00 AS Date), CAST(0x0700F0B1FE5E0000 AS Time), CAST(20058 AS Numeric(18, 0)), 180, CAST(60000.00 AS Decimal(18, 2)), 1, CAST(60000.00 AS Decimal(18, 2)), 7, CAST(18012 AS Numeric(18, 0)), 1, NULL)
INSERT SALESTRANSACTION (TRANID, TRANDATE, TRANTIME, CUSTOMERID, VEHICLEID, PRICE, QUANTITY, AMOUNT, BRANCHID, STAFFID, STATUSID, STATUSREASON) VALUES (CAST(70 AS Numeric(18, 0)), CAST(0x1A0F0B00 AS Date), CAST(0x0700587660670000 AS Time), CAST(20059 AS Numeric(18, 0)), 192, CAST(78000.00 AS Decimal(18, 2)), 1, CAST(78000.00 AS Decimal(18, 2)), 6, CAST(18016 AS Numeric(18, 0)), 1, NULL)
INSERT SALESTRANSACTION (TRANID, TRANDATE, TRANTIME, CUSTOMERID, VEHICLEID, PRICE, QUANTITY, AMOUNT, BRANCHID, STAFFID, STATUSID, STATUSREASON) VALUES (CAST(71 AS Numeric(18, 0)), CAST(0x1D0F0B00 AS Date), CAST(0x070090C385800000 AS Time), CAST(20060 AS Numeric(18, 0)), 189, CAST(60000.00 AS Decimal(18, 2)), 1, CAST(60000.00 AS Decimal(18, 2)), 7, CAST(20004 AS Numeric(18, 0)), 1, NULL)
INSERT SALESTRANSACTION (TRANID, TRANDATE, TRANTIME, CUSTOMERID, VEHICLEID, PRICE, QUANTITY, AMOUNT, BRANCHID, STAFFID, STATUSID, STATUSREASON) VALUES (CAST(72 AS Numeric(18, 0)), CAST(0x600F0B00 AS Date), CAST(0x070028FF23780000 AS Time), CAST(20062 AS Numeric(18, 0)), 197, CAST(60000.00 AS Decimal(18, 2)), 1, CAST(60000.00 AS Decimal(18, 2)), 1, CAST(18030 AS Numeric(18, 0)), 1, NULL)
INSERT SALESTRANSACTION (TRANID, TRANDATE, TRANTIME, CUSTOMERID, VEHICLEID, PRICE, QUANTITY, AMOUNT, BRANCHID, STAFFID, STATUSID, STATUSREASON) VALUES (CAST(73 AS Numeric(18, 0)), CAST(0x9B0F0B00 AS Date), CAST(0x0700587660670000 AS Time), CAST(20063 AS Numeric(18, 0)), 185, CAST(60000.00 AS Decimal(18, 2)), 1, CAST(60000.00 AS Decimal(18, 2)), 1, CAST(18037 AS Numeric(18, 0)), 1, NULL)
INSERT SALESTRANSACTION (TRANID, TRANDATE, TRANTIME, CUSTOMERID, VEHICLEID, PRICE, QUANTITY, AMOUNT, BRANCHID, STAFFID, STATUSID, STATUSREASON) VALUES (CAST(74 AS Numeric(18, 0)), CAST(0xBA0F0B00 AS Date), CAST(0x0700C03AC26F0000 AS Time), CAST(20064 AS Numeric(18, 0)), 202, CAST(60000.00 AS Decimal(18, 2)), 1, CAST(60000.00 AS Decimal(18, 2)), 6, CAST(20004 AS Numeric(18, 0)), 1, NULL)
INSERT SALESTRANSACTION (TRANID, TRANDATE, TRANTIME, CUSTOMERID, VEHICLEID, PRICE, QUANTITY, AMOUNT, BRANCHID, STAFFID, STATUSID, STATUSREASON) VALUES (CAST(75 AS Numeric(18, 0)), CAST(0xF10F0B00 AS Date), CAST(0x0700C03AC26F0000 AS Time), CAST(20065 AS Numeric(18, 0)), 185, CAST(60000.00 AS Decimal(18, 2)), 1, CAST(60000.00 AS Decimal(18, 2)), 1, CAST(18037 AS Numeric(18, 0)), 1, NULL)
INSERT SALESTRANSACTION (TRANID, TRANDATE, TRANTIME, CUSTOMERID, VEHICLEID, PRICE, QUANTITY, AMOUNT, BRANCHID, STAFFID, STATUSID, STATUSREASON) VALUES (CAST(76 AS Numeric(18, 0)), CAST(0xFA0F0B00 AS Date), CAST(0x0700F0B1FE5E0000 AS Time), CAST(20066 AS Numeric(18, 0)), 189, CAST(60000.00 AS Decimal(18, 2)), 1, CAST(60000.00 AS Decimal(18, 2)), 7, CAST(20004 AS Numeric(18, 0)), 1, NULL)
INSERT SALESTRANSACTION (TRANID, TRANDATE, TRANTIME, CUSTOMERID, VEHICLEID, PRICE, QUANTITY, AMOUNT, BRANCHID, STAFFID, STATUSID, STATUSREASON) VALUES (CAST(77 AS Numeric(18, 0)), CAST(0x12100B00 AS Date), CAST(0x0700587660670000 AS Time), CAST(20067 AS Numeric(18, 0)), 197, CAST(60000.00 AS Decimal(18, 2)), 1, CAST(60000.00 AS Decimal(18, 2)), 1, CAST(18030 AS Numeric(18, 0)), 0, N'Oil Leak, Returned')
INSERT SALESTRANSACTION (TRANID, TRANDATE, TRANTIME, CUSTOMERID, VEHICLEID, PRICE, QUANTITY, AMOUNT, BRANCHID, STAFFID, STATUSID, STATUSREASON) VALUES (CAST(78 AS Numeric(18, 0)), CAST(0x12100B00 AS Date), CAST(0x0700C03AC26F0000 AS Time), CAST(20068 AS Numeric(18, 0)), 185, CAST(60000.00 AS Decimal(18, 2)), 1, CAST(60000.00 AS Decimal(18, 2)), 1, CAST(18037 AS Numeric(18, 0)), 1, NULL)
INSERT SALESTRANSACTION (TRANID, TRANDATE, TRANTIME, CUSTOMERID, VEHICLEID, PRICE, QUANTITY, AMOUNT, BRANCHID, STAFFID, STATUSID, STATUSREASON) VALUES (CAST(79 AS Numeric(18, 0)), CAST(0x17100B00 AS Date), CAST(0x070090C385800000 AS Time), CAST(20069 AS Numeric(18, 0)), 202, CAST(60000.00 AS Decimal(18, 2)), 1, CAST(60000.00 AS Decimal(18, 2)), 6, CAST(20004 AS Numeric(18, 0)), 1, NULL)
INSERT SALESTRANSACTION (TRANID, TRANDATE, TRANTIME, CUSTOMERID, VEHICLEID, PRICE, QUANTITY, AMOUNT, BRANCHID, STAFFID, STATUSID, STATUSREASON) VALUES (CAST(80 AS Numeric(18, 0)), CAST(0x32100B00 AS Date), CAST(0x0700C03AC26F0000 AS Time), CAST(20072 AS Numeric(18, 0)), 185, CAST(60000.00 AS Decimal(18, 2)), 1, CAST(60000.00 AS Decimal(18, 2)), 1, CAST(18037 AS Numeric(18, 0)), 1, NULL)
INSERT SALESTRANSACTION (TRANID, TRANDATE, TRANTIME, CUSTOMERID, VEHICLEID, PRICE, QUANTITY, AMOUNT, BRANCHID, STAFFID, STATUSID, STATUSREASON) VALUES (CAST(81 AS Numeric(18, 0)), CAST(0x6E100B00 AS Date), CAST(0x070028FF23780000 AS Time), CAST(20073 AS Numeric(18, 0)), 201, CAST(70000.00 AS Decimal(18, 2)), 1, CAST(70000.00 AS Decimal(18, 2)), 6, CAST(19025 AS Numeric(18, 0)), 1, NULL)
INSERT SALESTRANSACTION (TRANID, TRANDATE, TRANTIME, CUSTOMERID, VEHICLEID, PRICE, QUANTITY, AMOUNT, BRANCHID, STAFFID, STATUSID, STATUSREASON) VALUES (CAST(82 AS Numeric(18, 0)), CAST(0x87100B00 AS Date), CAST(0x0700C03AC26F0000 AS Time), CAST(20074 AS Numeric(18, 0)), 185, CAST(60000.00 AS Decimal(18, 2)), 1, CAST(60000.00 AS Decimal(18, 2)), 1, CAST(18037 AS Numeric(18, 0)), 1, NULL)
INSERT SALESTRANSACTION (TRANID, TRANDATE, TRANTIME, CUSTOMERID, VEHICLEID, PRICE, QUANTITY, AMOUNT, BRANCHID, STAFFID, STATUSID, STATUSREASON) VALUES (CAST(83 AS Numeric(18, 0)), CAST(0x87100B00 AS Date), CAST(0x0700F887E7880000 AS Time), CAST(20076 AS Numeric(18, 0)), 182, CAST(60000.00 AS Decimal(18, 2)), 1, CAST(60000.00 AS Decimal(18, 2)), 1, CAST(18016 AS Numeric(18, 0)), 1, NULL)
INSERT SALESTRANSACTION (TRANID, TRANDATE, TRANTIME, CUSTOMERID, VEHICLEID, PRICE, QUANTITY, AMOUNT, BRANCHID, STAFFID, STATUSID, STATUSREASON) VALUES (CAST(84 AS Numeric(18, 0)), CAST(0xEC100B00 AS Date), CAST(0x0700587660670000 AS Time), CAST(20079 AS Numeric(18, 0)), 195, CAST(60000.00 AS Decimal(18, 2)), 1, CAST(60000.00 AS Decimal(18, 2)), 6, CAST(18021 AS Numeric(18, 0)), 1, NULL)
INSERT SALESTRANSACTION (TRANID, TRANDATE, TRANTIME, CUSTOMERID, VEHICLEID, PRICE, QUANTITY, AMOUNT, BRANCHID, STAFFID, STATUSID, STATUSREASON) VALUES (CAST(85 AS Numeric(18, 0)), CAST(0x5E110B00 AS Date), CAST(0x0700F0B1FE5E0000 AS Time), CAST(20086 AS Numeric(18, 0)), 183, CAST(60000.00 AS Decimal(18, 2)), 1, CAST(60000.00 AS Decimal(18, 2)), 7, CAST(18017 AS Numeric(18, 0)), 1, NULL)
INSERT SALESTRANSACTION (TRANID, TRANDATE, TRANTIME, CUSTOMERID, VEHICLEID, PRICE, QUANTITY, AMOUNT, BRANCHID, STAFFID, STATUSID, STATUSREASON) VALUES (CAST(86 AS Numeric(18, 0)), CAST(0x5E110B00 AS Date), CAST(0x070028FF23780000 AS Time), CAST(20088 AS Numeric(18, 0)), 187, CAST(90000.00 AS Decimal(18, 2)), 1, CAST(90000.00 AS Decimal(18, 2)), 1, CAST(19019 AS Numeric(18, 0)), 1, NULL)
INSERT SALESTRANSACTION (TRANID, TRANDATE, TRANTIME, CUSTOMERID, VEHICLEID, PRICE, QUANTITY, AMOUNT, BRANCHID, STAFFID, STATUSID, STATUSREASON) VALUES (CAST(87 AS Numeric(18, 0)), CAST(0x84110B00 AS Date), CAST(0x0700587660670000 AS Time), CAST(20090 AS Numeric(18, 0)), 184, CAST(90000.00 AS Decimal(18, 2)), 1, CAST(90000.00 AS Decimal(18, 2)), 1, CAST(18019 AS Numeric(18, 0)), 1, NULL)
INSERT SALESTRANSACTION (TRANID, TRANDATE, TRANTIME, CUSTOMERID, VEHICLEID, PRICE, QUANTITY, AMOUNT, BRANCHID, STAFFID, STATUSID, STATUSREASON) VALUES (CAST(88 AS Numeric(18, 0)), CAST(0x9F110B00 AS Date), CAST(0x070028FF23780000 AS Time), CAST(20091 AS Numeric(18, 0)), 191, CAST(60000.00 AS Decimal(18, 2)), 1, CAST(60000.00 AS Decimal(18, 2)), 1, CAST(18014 AS Numeric(18, 0)), 1, NULL)
INSERT SALESTRANSACTION (TRANID, TRANDATE, TRANTIME, CUSTOMERID, VEHICLEID, PRICE, QUANTITY, AMOUNT, BRANCHID, STAFFID, STATUSID, STATUSREASON) VALUES (CAST(89 AS Numeric(18, 0)), CAST(0xA3110B00 AS Date), CAST(0x0700C03AC26F0000 AS Time), CAST(20092 AS Numeric(18, 0)), 194, CAST(60000.00 AS Decimal(18, 2)), 1, CAST(60000.00 AS Decimal(18, 2)), 1, CAST(18019 AS Numeric(18, 0)), 1, NULL)
INSERT SALESTRANSACTION (TRANID, TRANDATE, TRANTIME, CUSTOMERID, VEHICLEID, PRICE, QUANTITY, AMOUNT, BRANCHID, STAFFID, STATUSID, STATUSREASON) VALUES (CAST(90 AS Numeric(18, 0)), CAST(0xDB110B00 AS Date), CAST(0x0700F0B1FE5E0000 AS Time), CAST(20093 AS Numeric(18, 0)), 188, CAST(100000.00 AS Decimal(18, 2)), 1, CAST(100000.00 AS Decimal(18, 2)), 1, CAST(19025 AS Numeric(18, 0)), 1, NULL)
INSERT SALESTRANSACTION (TRANID, TRANDATE, TRANTIME, CUSTOMERID, VEHICLEID, PRICE, QUANTITY, AMOUNT, BRANCHID, STAFFID, STATUSID, STATUSREASON) VALUES (CAST(91 AS Numeric(18, 0)), CAST(0xDF110B00 AS Date), CAST(0x070028FF23780000 AS Time), CAST(20094 AS Numeric(18, 0)), 181, CAST(69000.00 AS Decimal(18, 2)), 1, CAST(69000.00 AS Decimal(18, 2)), 1, CAST(18014 AS Numeric(18, 0)), 1, NULL)
INSERT SALESTRANSACTION (TRANID, TRANDATE, TRANTIME, CUSTOMERID, VEHICLEID, PRICE, QUANTITY, AMOUNT, BRANCHID, STAFFID, STATUSID, STATUSREASON) VALUES (CAST(92 AS Numeric(18, 0)), CAST(0xF4110B00 AS Date), CAST(0x0700C03AC26F0000 AS Time), CAST(20095 AS Numeric(18, 0)), 193, CAST(60000.00 AS Decimal(18, 2)), 1, CAST(60000.00 AS Decimal(18, 2)), 1, CAST(18017 AS Numeric(18, 0)), 1, NULL)
INSERT SALESTRANSACTION (TRANID, TRANDATE, TRANTIME, CUSTOMERID, VEHICLEID, PRICE, QUANTITY, AMOUNT, BRANCHID, STAFFID, STATUSID, STATUSREASON) VALUES (CAST(93 AS Numeric(18, 0)), CAST(0x75120B00 AS Date), CAST(0x0700F0B1FE5E0000 AS Time), CAST(19002 AS Numeric(18, 0)), 185, CAST(60000.00 AS Decimal(18, 2)), 1, CAST(60000.00 AS Decimal(18, 2)), 1, CAST(18037 AS Numeric(18, 0)), 1, NULL)
INSERT SALESTRANSACTION (TRANID, TRANDATE, TRANTIME, CUSTOMERID, VEHICLEID, PRICE, QUANTITY, AMOUNT, BRANCHID, STAFFID, STATUSID, STATUSREASON) VALUES (CAST(94 AS Numeric(18, 0)), CAST(0x94120B00 AS Date), CAST(0x0700587660670000 AS Time), CAST(20001 AS Numeric(18, 0)), 187, CAST(90000.00 AS Decimal(18, 2)), 1, CAST(90000.00 AS Decimal(18, 2)), 1, CAST(19019 AS Numeric(18, 0)), 1, NULL)
INSERT SALESTRANSACTION (TRANID, TRANDATE, TRANTIME, CUSTOMERID, VEHICLEID, PRICE, QUANTITY, AMOUNT, BRANCHID, STAFFID, STATUSID, STATUSREASON) VALUES (CAST(95 AS Numeric(18, 0)), CAST(0xCB120B00 AS Date), CAST(0x070028FF23780000 AS Time), CAST(20002 AS Numeric(18, 0)), 184, CAST(90000.00 AS Decimal(18, 2)), 1, CAST(90000.00 AS Decimal(18, 2)), 1, CAST(18019 AS Numeric(18, 0)), 1, NULL)
INSERT SALESTRANSACTION (TRANID, TRANDATE, TRANTIME, CUSTOMERID, VEHICLEID, PRICE, QUANTITY, AMOUNT, BRANCHID, STAFFID, STATUSID, STATUSREASON) VALUES (CAST(96 AS Numeric(18, 0)), CAST(0xD4120B00 AS Date), CAST(0x0700F0B1FE5E0000 AS Time), CAST(20004 AS Numeric(18, 0)), 191, CAST(60000.00 AS Decimal(18, 2)), 1, CAST(60000.00 AS Decimal(18, 2)), 1, CAST(18014 AS Numeric(18, 0)), 1, NULL)
INSERT SALESTRANSACTION (TRANID, TRANDATE, TRANTIME, CUSTOMERID, VEHICLEID, PRICE, QUANTITY, AMOUNT, BRANCHID, STAFFID, STATUSID, STATUSREASON) VALUES (CAST(97 AS Numeric(18, 0)), CAST(0xF1120B00 AS Date), CAST(0x0700F0B1FE5E0000 AS Time), CAST(20005 AS Numeric(18, 0)), 194, CAST(60000.00 AS Decimal(18, 2)), 1, CAST(60000.00 AS Decimal(18, 2)), 1, CAST(18019 AS Numeric(18, 0)), 1, NULL)
INSERT SALESTRANSACTION (TRANID, TRANDATE, TRANTIME, CUSTOMERID, VEHICLEID, PRICE, QUANTITY, AMOUNT, BRANCHID, STAFFID, STATUSID, STATUSREASON) VALUES (CAST(98 AS Numeric(18, 0)), CAST(0x0C130B00 AS Date), CAST(0x070028FF23780000 AS Time), CAST(20006 AS Numeric(18, 0)), 188, CAST(100000.00 AS Decimal(18, 2)), 1, CAST(100000.00 AS Decimal(18, 2)), 1, CAST(19025 AS Numeric(18, 0)), 1, NULL)
INSERT SALESTRANSACTION (TRANID, TRANDATE, TRANTIME, CUSTOMERID, VEHICLEID, PRICE, QUANTITY, AMOUNT, BRANCHID, STAFFID, STATUSID, STATUSREASON) VALUES (CAST(99 AS Numeric(18, 0)), CAST(0x10130B00 AS Date), CAST(0x070028FF23780000 AS Time), CAST(20007 AS Numeric(18, 0)), 181, CAST(69000.00 AS Decimal(18, 2)), 1, CAST(69000.00 AS Decimal(18, 2)), 1, CAST(18014 AS Numeric(18, 0)), 1, NULL)
INSERT SALESTRANSACTION (TRANID, TRANDATE, TRANTIME, CUSTOMERID, VEHICLEID, PRICE, QUANTITY, AMOUNT, BRANCHID, STAFFID, STATUSID, STATUSREASON) VALUES (CAST(100 AS Numeric(18, 0)), CAST(0x49130B00 AS Date), CAST(0x0700F0B1FE5E0000 AS Time), CAST(20008 AS Numeric(18, 0)), 193, CAST(60000.00 AS Decimal(18, 2)), 1, CAST(60000.00 AS Decimal(18, 2)), 1, CAST(18017 AS Numeric(18, 0)), 1, NULL)
INSERT SALESTRANSACTION (TRANID, TRANDATE, TRANTIME, CUSTOMERID, VEHICLEID, PRICE, QUANTITY, AMOUNT, BRANCHID, STAFFID, STATUSID, STATUSREASON) VALUES (CAST(101 AS Numeric(18, 0)), CAST(0x4D130B00 AS Date), CAST(0x070090C385800000 AS Time), CAST(20010 AS Numeric(18, 0)), 185, CAST(60000.00 AS Decimal(18, 2)), 1, CAST(60000.00 AS Decimal(18, 2)), 1, CAST(18037 AS Numeric(18, 0)), 1, NULL)
GO
print 'Processed 100 total records'
INSERT SALESTRANSACTION (TRANID, TRANDATE, TRANTIME, CUSTOMERID, VEHICLEID, PRICE, QUANTITY, AMOUNT, BRANCHID, STAFFID, STATUSID, STATUSREASON) VALUES (CAST(102 AS Numeric(18, 0)), CAST(0x62130B00 AS Date), CAST(0x0700587660670000 AS Time), CAST(20011 AS Numeric(18, 0)), 186, CAST(60000.00 AS Decimal(18, 2)), 1, CAST(60000.00 AS Decimal(18, 2)), 6, CAST(19015 AS Numeric(18, 0)), 1, NULL)
INSERT SALESTRANSACTION (TRANID, TRANDATE, TRANTIME, CUSTOMERID, VEHICLEID, PRICE, QUANTITY, AMOUNT, BRANCHID, STAFFID, STATUSID, STATUSREASON) VALUES (CAST(103 AS Numeric(18, 0)), CAST(0x62130B00 AS Date), CAST(0x070090C385800000 AS Time), CAST(20012 AS Numeric(18, 0)), 180, CAST(60000.00 AS Decimal(18, 2)), 1, CAST(60000.00 AS Decimal(18, 2)), 7, CAST(18012 AS Numeric(18, 0)), 1, NULL)
INSERT SALESTRANSACTION (TRANID, TRANDATE, TRANTIME, CUSTOMERID, VEHICLEID, PRICE, QUANTITY, AMOUNT, BRANCHID, STAFFID, STATUSID, STATUSREASON) VALUES (CAST(104 AS Numeric(18, 0)), CAST(0x65130B00 AS Date), CAST(0x0700C03AC26F0000 AS Time), CAST(20013 AS Numeric(18, 0)), 192, CAST(78000.00 AS Decimal(18, 2)), 1, CAST(78000.00 AS Decimal(18, 2)), 6, CAST(18016 AS Numeric(18, 0)), 1, NULL)
INSERT SALESTRANSACTION (TRANID, TRANDATE, TRANTIME, CUSTOMERID, VEHICLEID, PRICE, QUANTITY, AMOUNT, BRANCHID, STAFFID, STATUSID, STATUSREASON) VALUES (CAST(105 AS Numeric(18, 0)), CAST(0xC7130B00 AS Date), CAST(0x0700587660670000 AS Time), CAST(20014 AS Numeric(18, 0)), 189, CAST(60000.00 AS Decimal(18, 2)), 1, CAST(60000.00 AS Decimal(18, 2)), 7, CAST(20004 AS Numeric(18, 0)), 1, NULL)
INSERT SALESTRANSACTION (TRANID, TRANDATE, TRANTIME, CUSTOMERID, VEHICLEID, PRICE, QUANTITY, AMOUNT, BRANCHID, STAFFID, STATUSID, STATUSREASON) VALUES (CAST(106 AS Numeric(18, 0)), CAST(0xE3130B00 AS Date), CAST(0x0700587660670000 AS Time), CAST(20015 AS Numeric(18, 0)), 197, CAST(60000.00 AS Decimal(18, 2)), 1, CAST(60000.00 AS Decimal(18, 2)), 1, CAST(18030 AS Numeric(18, 0)), 1, NULL)
INSERT SALESTRANSACTION (TRANID, TRANDATE, TRANTIME, CUSTOMERID, VEHICLEID, PRICE, QUANTITY, AMOUNT, BRANCHID, STAFFID, STATUSID, STATUSREASON) VALUES (CAST(107 AS Numeric(18, 0)), CAST(0x02140B00 AS Date), CAST(0x0700C03AC26F0000 AS Time), CAST(20016 AS Numeric(18, 0)), 185, CAST(60000.00 AS Decimal(18, 2)), 1, CAST(60000.00 AS Decimal(18, 2)), 1, CAST(18037 AS Numeric(18, 0)), 1, NULL)
INSERT SALESTRANSACTION (TRANID, TRANDATE, TRANTIME, CUSTOMERID, VEHICLEID, PRICE, QUANTITY, AMOUNT, BRANCHID, STAFFID, STATUSID, STATUSREASON) VALUES (CAST(108 AS Numeric(18, 0)), CAST(0x39140B00 AS Date), CAST(0x0700F0B1FE5E0000 AS Time), CAST(20017 AS Numeric(18, 0)), 202, CAST(60000.00 AS Decimal(18, 2)), 1, CAST(60000.00 AS Decimal(18, 2)), 6, CAST(20004 AS Numeric(18, 0)), 1, NULL)
INSERT SALESTRANSACTION (TRANID, TRANDATE, TRANTIME, CUSTOMERID, VEHICLEID, PRICE, QUANTITY, AMOUNT, BRANCHID, STAFFID, STATUSID, STATUSREASON) VALUES (CAST(109 AS Numeric(18, 0)), CAST(0x42140B00 AS Date), CAST(0x0700F887E7880000 AS Time), CAST(20019 AS Numeric(18, 0)), 185, CAST(60000.00 AS Decimal(18, 2)), 1, CAST(60000.00 AS Decimal(18, 2)), 1, CAST(18037 AS Numeric(18, 0)), 1, NULL)
INSERT SALESTRANSACTION (TRANID, TRANDATE, TRANTIME, CUSTOMERID, VEHICLEID, PRICE, QUANTITY, AMOUNT, BRANCHID, STAFFID, STATUSID, STATUSREASON) VALUES (CAST(110 AS Numeric(18, 0)), CAST(0x5A140B00 AS Date), CAST(0x0700C03AC26F0000 AS Time), CAST(20020 AS Numeric(18, 0)), 201, CAST(70000.00 AS Decimal(18, 2)), 1, CAST(70000.00 AS Decimal(18, 2)), 6, CAST(19025 AS Numeric(18, 0)), 1, NULL)
INSERT SALESTRANSACTION (TRANID, TRANDATE, TRANTIME, CUSTOMERID, VEHICLEID, PRICE, QUANTITY, AMOUNT, BRANCHID, STAFFID, STATUSID, STATUSREASON) VALUES (CAST(111 AS Numeric(18, 0)), CAST(0x5F140B00 AS Date), CAST(0x0700C03AC26F0000 AS Time), CAST(20021 AS Numeric(18, 0)), 185, CAST(60000.00 AS Decimal(18, 2)), 1, CAST(60000.00 AS Decimal(18, 2)), 1, CAST(18037 AS Numeric(18, 0)), 1, NULL)
INSERT SALESTRANSACTION (TRANID, TRANDATE, TRANTIME, CUSTOMERID, VEHICLEID, PRICE, QUANTITY, AMOUNT, BRANCHID, STAFFID, STATUSID, STATUSREASON) VALUES (CAST(112 AS Numeric(18, 0)), CAST(0x7A140B00 AS Date), CAST(0x0700F0B1FE5E0000 AS Time), CAST(20022 AS Numeric(18, 0)), 185, CAST(60000.00 AS Decimal(18, 2)), 1, CAST(60000.00 AS Decimal(18, 2)), 1, CAST(18037 AS Numeric(18, 0)), 1, NULL)
INSERT SALESTRANSACTION (TRANID, TRANDATE, TRANTIME, CUSTOMERID, VEHICLEID, PRICE, QUANTITY, AMOUNT, BRANCHID, STAFFID, STATUSID, STATUSREASON) VALUES (CAST(113 AS Numeric(18, 0)), CAST(0x7A140B00 AS Date), CAST(0x070028FF23780000 AS Time), CAST(20023 AS Numeric(18, 0)), 202, CAST(60000.00 AS Decimal(18, 2)), 1, CAST(60000.00 AS Decimal(18, 2)), 6, CAST(20004 AS Numeric(18, 0)), 1, NULL)
INSERT SALESTRANSACTION (TRANID, TRANDATE, TRANTIME, CUSTOMERID, VEHICLEID, PRICE, QUANTITY, AMOUNT, BRANCHID, STAFFID, STATUSID, STATUSREASON) VALUES (CAST(114 AS Numeric(18, 0)), CAST(0xB6140B00 AS Date), CAST(0x0700587660670000 AS Time), CAST(20024 AS Numeric(18, 0)), 198, CAST(60000.00 AS Decimal(18, 2)), 1, CAST(60000.00 AS Decimal(18, 2)), 7, CAST(18037 AS Numeric(18, 0)), 1, NULL)
INSERT SALESTRANSACTION (TRANID, TRANDATE, TRANTIME, CUSTOMERID, VEHICLEID, PRICE, QUANTITY, AMOUNT, BRANCHID, STAFFID, STATUSID, STATUSREASON) VALUES (CAST(115 AS Numeric(18, 0)), CAST(0xB6140B00 AS Date), CAST(0x070090C385800000 AS Time), CAST(20025 AS Numeric(18, 0)), 200, CAST(60000.00 AS Decimal(18, 2)), 1, CAST(60000.00 AS Decimal(18, 2)), 1, CAST(19019 AS Numeric(18, 0)), 1, NULL)
INSERT SALESTRANSACTION (TRANID, TRANDATE, TRANTIME, CUSTOMERID, VEHICLEID, PRICE, QUANTITY, AMOUNT, BRANCHID, STAFFID, STATUSID, STATUSREASON) VALUES (CAST(116 AS Numeric(18, 0)), CAST(0xCF140B00 AS Date), CAST(0x070028FF23780000 AS Time), CAST(20026 AS Numeric(18, 0)), 185, CAST(60000.00 AS Decimal(18, 2)), 1, CAST(60000.00 AS Decimal(18, 2)), 1, CAST(18037 AS Numeric(18, 0)), 1, NULL)
INSERT SALESTRANSACTION (TRANID, TRANDATE, TRANTIME, CUSTOMERID, VEHICLEID, PRICE, QUANTITY, AMOUNT, BRANCHID, STAFFID, STATUSID, STATUSREASON) VALUES (CAST(117 AS Numeric(18, 0)), CAST(0xD2140B00 AS Date), CAST(0x0700F887E7880000 AS Time), CAST(20027 AS Numeric(18, 0)), 202, CAST(60000.00 AS Decimal(18, 2)), 1, CAST(60000.00 AS Decimal(18, 2)), 6, CAST(20004 AS Numeric(18, 0)), 1, NULL)
INSERT SALESTRANSACTION (TRANID, TRANDATE, TRANTIME, CUSTOMERID, VEHICLEID, PRICE, QUANTITY, AMOUNT, BRANCHID, STAFFID, STATUSID, STATUSREASON) VALUES (CAST(118 AS Numeric(18, 0)), CAST(0x34150B00 AS Date), CAST(0x0700587660670000 AS Time), CAST(20028 AS Numeric(18, 0)), 199, CAST(90000.00 AS Decimal(18, 2)), 1, CAST(90000.00 AS Decimal(18, 2)), 1, CAST(19015 AS Numeric(18, 0)), 1, NULL)
INSERT SALESTRANSACTION (TRANID, TRANDATE, TRANTIME, CUSTOMERID, VEHICLEID, PRICE, QUANTITY, AMOUNT, BRANCHID, STAFFID, STATUSID, STATUSREASON) VALUES (CAST(119 AS Numeric(18, 0)), CAST(0x34150B00 AS Date), CAST(0x070090C385800000 AS Time), CAST(20029 AS Numeric(18, 0)), 192, CAST(78000.00 AS Decimal(18, 2)), 1, CAST(78000.00 AS Decimal(18, 2)), 6, CAST(18016 AS Numeric(18, 0)), 1, NULL)
INSERT SALESTRANSACTION (TRANID, TRANDATE, TRANTIME, CUSTOMERID, VEHICLEID, PRICE, QUANTITY, AMOUNT, BRANCHID, STAFFID, STATUSID, STATUSREASON) VALUES (CAST(120 AS Numeric(18, 0)), CAST(0x50150B00 AS Date), CAST(0x0700F887E7880000 AS Time), CAST(20031 AS Numeric(18, 0)), 189, CAST(60000.00 AS Decimal(18, 2)), 1, CAST(60000.00 AS Decimal(18, 2)), 7, CAST(20004 AS Numeric(18, 0)), 1, NULL)
INSERT SALESTRANSACTION (TRANID, TRANDATE, TRANTIME, CUSTOMERID, VEHICLEID, PRICE, QUANTITY, AMOUNT, BRANCHID, STAFFID, STATUSID, STATUSREASON) VALUES (CAST(121 AS Numeric(18, 0)), CAST(0xA6150B00 AS Date), CAST(0x0700F0B1FE5E0000 AS Time), CAST(20032 AS Numeric(18, 0)), 197, CAST(60000.00 AS Decimal(18, 2)), 1, CAST(60000.00 AS Decimal(18, 2)), 1, CAST(18030 AS Numeric(18, 0)), 1, NULL)
INSERT SALESTRANSACTION (TRANID, TRANDATE, TRANTIME, CUSTOMERID, VEHICLEID, PRICE, QUANTITY, AMOUNT, BRANCHID, STAFFID, STATUSID, STATUSREASON) VALUES (CAST(122 AS Numeric(18, 0)), CAST(0xA6150B00 AS Date), CAST(0x0700C03AC26F0000 AS Time), CAST(20033 AS Numeric(18, 0)), 185, CAST(60000.00 AS Decimal(18, 2)), 1, CAST(60000.00 AS Decimal(18, 2)), 1, CAST(18037 AS Numeric(18, 0)), 1, NULL)
INSERT SALESTRANSACTION (TRANID, TRANDATE, TRANTIME, CUSTOMERID, VEHICLEID, PRICE, QUANTITY, AMOUNT, BRANCHID, STAFFID, STATUSID, STATUSREASON) VALUES (CAST(123 AS Numeric(18, 0)), CAST(0xCC150B00 AS Date), CAST(0x0700F0B1FE5E0000 AS Time), CAST(20034 AS Numeric(18, 0)), 182, CAST(60000.00 AS Decimal(18, 2)), 1, CAST(60000.00 AS Decimal(18, 2)), 1, CAST(18016 AS Numeric(18, 0)), 1, NULL)
INSERT SALESTRANSACTION (TRANID, TRANDATE, TRANTIME, CUSTOMERID, VEHICLEID, PRICE, QUANTITY, AMOUNT, BRANCHID, STAFFID, STATUSID, STATUSREASON) VALUES (CAST(124 AS Numeric(18, 0)), CAST(0x27160B00 AS Date), CAST(0x0700C03AC26F0000 AS Time), CAST(20036 AS Numeric(18, 0)), 195, CAST(60000.00 AS Decimal(18, 2)), 1, CAST(60000.00 AS Decimal(18, 2)), 6, CAST(18021 AS Numeric(18, 0)), 1, NULL)
INSERT SALESTRANSACTION (TRANID, TRANDATE, TRANTIME, CUSTOMERID, VEHICLEID, PRICE, QUANTITY, AMOUNT, BRANCHID, STAFFID, STATUSID, STATUSREASON) VALUES (CAST(125 AS Numeric(18, 0)), CAST(0x3C160B00 AS Date), CAST(0x0700587660670000 AS Time), CAST(20037 AS Numeric(18, 0)), 183, CAST(60000.00 AS Decimal(18, 2)), 1, CAST(60000.00 AS Decimal(18, 2)), 7, CAST(18017 AS Numeric(18, 0)), 1, NULL)
INSERT SALESTRANSACTION (TRANID, TRANDATE, TRANTIME, CUSTOMERID, VEHICLEID, PRICE, QUANTITY, AMOUNT, BRANCHID, STAFFID, STATUSID, STATUSREASON) VALUES (CAST(126 AS Numeric(18, 0)), CAST(0x3C160B00 AS Date), CAST(0x070090C385800000 AS Time), CAST(20038 AS Numeric(18, 0)), 187, CAST(90000.00 AS Decimal(18, 2)), 1, CAST(90000.00 AS Decimal(18, 2)), 1, CAST(19019 AS Numeric(18, 0)), 1, NULL)
INSERT SALESTRANSACTION (TRANID, TRANDATE, TRANTIME, CUSTOMERID, VEHICLEID, PRICE, QUANTITY, AMOUNT, BRANCHID, STAFFID, STATUSID, STATUSREASON) VALUES (CAST(127 AS Numeric(18, 0)), CAST(0xA1160B00 AS Date), CAST(0x0700F0B1FE5E0000 AS Time), CAST(20039 AS Numeric(18, 0)), 184, CAST(90000.00 AS Decimal(18, 2)), 1, CAST(90000.00 AS Decimal(18, 2)), 1, CAST(18019 AS Numeric(18, 0)), 1, NULL)
INSERT SALESTRANSACTION (TRANID, TRANDATE, TRANTIME, CUSTOMERID, VEHICLEID, PRICE, QUANTITY, AMOUNT, BRANCHID, STAFFID, STATUSID, STATUSREASON) VALUES (CAST(128 AS Numeric(18, 0)), CAST(0xC0160B00 AS Date), CAST(0x070028FF23780000 AS Time), CAST(20040 AS Numeric(18, 0)), 191, CAST(60000.00 AS Decimal(18, 2)), 1, CAST(60000.00 AS Decimal(18, 2)), 1, CAST(18014 AS Numeric(18, 0)), 1, NULL)
INSERT SALESTRANSACTION (TRANID, TRANDATE, TRANTIME, CUSTOMERID, VEHICLEID, PRICE, QUANTITY, AMOUNT, BRANCHID, STAFFID, STATUSID, STATUSREASON) VALUES (CAST(129 AS Numeric(18, 0)), CAST(0xDC160B00 AS Date), CAST(0x0700F0B1FE5E0000 AS Time), CAST(20041 AS Numeric(18, 0)), 194, CAST(60000.00 AS Decimal(18, 2)), 1, CAST(60000.00 AS Decimal(18, 2)), 1, CAST(18019 AS Numeric(18, 0)), 1, NULL)
INSERT SALESTRANSACTION (TRANID, TRANDATE, TRANTIME, CUSTOMERID, VEHICLEID, PRICE, QUANTITY, AMOUNT, BRANCHID, STAFFID, STATUSID, STATUSREASON) VALUES (CAST(130 AS Numeric(18, 0)), CAST(0x13170B00 AS Date), CAST(0x0700C03AC26F0000 AS Time), CAST(20042 AS Numeric(18, 0)), 188, CAST(100000.00 AS Decimal(18, 2)), 1, CAST(100000.00 AS Decimal(18, 2)), 1, CAST(19025 AS Numeric(18, 0)), 1, NULL)
INSERT SALESTRANSACTION (TRANID, TRANDATE, TRANTIME, CUSTOMERID, VEHICLEID, PRICE, QUANTITY, AMOUNT, BRANCHID, STAFFID, STATUSID, STATUSREASON) VALUES (CAST(131 AS Numeric(18, 0)), CAST(0x13170B00 AS Date), CAST(0x0700F887E7880000 AS Time), CAST(20043 AS Numeric(18, 0)), 181, CAST(69000.00 AS Decimal(18, 2)), 1, CAST(69000.00 AS Decimal(18, 2)), 1, CAST(18014 AS Numeric(18, 0)), 1, NULL)
INSERT SALESTRANSACTION (TRANID, TRANDATE, TRANTIME, CUSTOMERID, VEHICLEID, PRICE, QUANTITY, AMOUNT, BRANCHID, STAFFID, STATUSID, STATUSREASON) VALUES (CAST(132 AS Numeric(18, 0)), CAST(0x1C170B00 AS Date), CAST(0x070028FF23780000 AS Time), CAST(20044 AS Numeric(18, 0)), 193, CAST(60000.00 AS Decimal(18, 2)), 1, CAST(60000.00 AS Decimal(18, 2)), 1, CAST(18017 AS Numeric(18, 0)), 1, NULL)
INSERT SALESTRANSACTION (TRANID, TRANDATE, TRANTIME, CUSTOMERID, VEHICLEID, PRICE, QUANTITY, AMOUNT, BRANCHID, STAFFID, STATUSID, STATUSREASON) VALUES (CAST(133 AS Numeric(18, 0)), CAST(0x54170B00 AS Date), CAST(0x0700C03AC26F0000 AS Time), CAST(20045 AS Numeric(18, 0)), 185, CAST(60000.00 AS Decimal(18, 2)), 1, CAST(60000.00 AS Decimal(18, 2)), 1, CAST(18037 AS Numeric(18, 0)), 1, NULL)
INSERT SALESTRANSACTION (TRANID, TRANDATE, TRANTIME, CUSTOMERID, VEHICLEID, PRICE, QUANTITY, AMOUNT, BRANCHID, STAFFID, STATUSID, STATUSREASON) VALUES (CAST(134 AS Numeric(18, 0)), CAST(0x90170B00 AS Date), CAST(0x070028FF23780000 AS Time), CAST(20046 AS Numeric(18, 0)), 186, CAST(60000.00 AS Decimal(18, 2)), 1, CAST(60000.00 AS Decimal(18, 2)), 6, CAST(19015 AS Numeric(18, 0)), 1, NULL)
INSERT SALESTRANSACTION (TRANID, TRANDATE, TRANTIME, CUSTOMERID, VEHICLEID, PRICE, QUANTITY, AMOUNT, BRANCHID, STAFFID, STATUSID, STATUSREASON) VALUES (CAST(135 AS Numeric(18, 0)), CAST(0xAC170B00 AS Date), CAST(0x0700587660670000 AS Time), CAST(20047 AS Numeric(18, 0)), 180, CAST(60000.00 AS Decimal(18, 2)), 1, CAST(60000.00 AS Decimal(18, 2)), 7, CAST(18012 AS Numeric(18, 0)), 1, NULL)
INSERT SALESTRANSACTION (TRANID, TRANDATE, TRANTIME, CUSTOMERID, VEHICLEID, PRICE, QUANTITY, AMOUNT, BRANCHID, STAFFID, STATUSID, STATUSREASON) VALUES (CAST(136 AS Numeric(18, 0)), CAST(0x2A180B00 AS Date), CAST(0x0700F0B1FE5E0000 AS Time), CAST(20048 AS Numeric(18, 0)), 192, CAST(78000.00 AS Decimal(18, 2)), 1, CAST(78000.00 AS Decimal(18, 2)), 6, CAST(18016 AS Numeric(18, 0)), 1, NULL)
INSERT SALESTRANSACTION (TRANID, TRANDATE, TRANTIME, CUSTOMERID, VEHICLEID, PRICE, QUANTITY, AMOUNT, BRANCHID, STAFFID, STATUSID, STATUSREASON) VALUES (CAST(137 AS Numeric(18, 0)), CAST(0x49180B00 AS Date), CAST(0x0700587660670000 AS Time), CAST(20049 AS Numeric(18, 0)), 189, CAST(60000.00 AS Decimal(18, 2)), 1, CAST(60000.00 AS Decimal(18, 2)), 7, CAST(20004 AS Numeric(18, 0)), 1, NULL)
INSERT SALESTRANSACTION (TRANID, TRANDATE, TRANTIME, CUSTOMERID, VEHICLEID, PRICE, QUANTITY, AMOUNT, BRANCHID, STAFFID, STATUSID, STATUSREASON) VALUES (CAST(138 AS Numeric(18, 0)), CAST(0xA6180B00 AS Date), CAST(0x0700F887E7880000 AS Time), CAST(20050 AS Numeric(18, 0)), 197, CAST(60000.00 AS Decimal(18, 2)), 1, CAST(60000.00 AS Decimal(18, 2)), 1, CAST(18030 AS Numeric(18, 0)), 1, NULL)
INSERT SALESTRANSACTION (TRANID, TRANDATE, TRANTIME, CUSTOMERID, VEHICLEID, PRICE, QUANTITY, AMOUNT, BRANCHID, STAFFID, STATUSID, STATUSREASON) VALUES (CAST(139 AS Numeric(18, 0)), CAST(0xC1180B00 AS Date), CAST(0x0700587660670000 AS Time), CAST(20051 AS Numeric(18, 0)), 185, CAST(60000.00 AS Decimal(18, 2)), 1, CAST(60000.00 AS Decimal(18, 2)), 1, CAST(18037 AS Numeric(18, 0)), 1, NULL)
INSERT SALESTRANSACTION (TRANID, TRANDATE, TRANTIME, CUSTOMERID, VEHICLEID, PRICE, QUANTITY, AMOUNT, BRANCHID, STAFFID, STATUSID, STATUSREASON) VALUES (CAST(140 AS Numeric(18, 0)), CAST(0xC5180B00 AS Date), CAST(0x0700C03AC26F0000 AS Time), CAST(20052 AS Numeric(18, 0)), 202, CAST(60000.00 AS Decimal(18, 2)), 1, CAST(60000.00 AS Decimal(18, 2)), 6, CAST(20004 AS Numeric(18, 0)), 1, NULL)
INSERT SALESTRANSACTION (TRANID, TRANDATE, TRANTIME, CUSTOMERID, VEHICLEID, PRICE, QUANTITY, AMOUNT, BRANCHID, STAFFID, STATUSID, STATUSREASON) VALUES (CAST(141 AS Numeric(18, 0)), CAST(0xDD180B00 AS Date), CAST(0x0700F0B1FE5E0000 AS Time), CAST(20053 AS Numeric(18, 0)), 185, CAST(60000.00 AS Decimal(18, 2)), 1, CAST(60000.00 AS Decimal(18, 2)), 1, CAST(18037 AS Numeric(18, 0)), 1, NULL)
INSERT SALESTRANSACTION (TRANID, TRANDATE, TRANTIME, CUSTOMERID, VEHICLEID, PRICE, QUANTITY, AMOUNT, BRANCHID, STAFFID, STATUSID, STATUSREASON) VALUES (CAST(142 AS Numeric(18, 0)), CAST(0xFE180B00 AS Date), CAST(0x0700C03AC26F0000 AS Time), CAST(20056 AS Numeric(18, 0)), 201, CAST(70000.00 AS Decimal(18, 2)), 1, CAST(70000.00 AS Decimal(18, 2)), 6, CAST(19025 AS Numeric(18, 0)), 1, NULL)
INSERT SALESTRANSACTION (TRANID, TRANDATE, TRANTIME, CUSTOMERID, VEHICLEID, PRICE, QUANTITY, AMOUNT, BRANCHID, STAFFID, STATUSID, STATUSREASON) VALUES (CAST(143 AS Numeric(18, 0)), CAST(0x02190B00 AS Date), CAST(0x070028FF23780000 AS Time), CAST(20057 AS Numeric(18, 0)), 185, CAST(60000.00 AS Decimal(18, 2)), 1, CAST(60000.00 AS Decimal(18, 2)), 1, CAST(18037 AS Numeric(18, 0)), 1, NULL)
INSERT SALESTRANSACTION (TRANID, TRANDATE, TRANTIME, CUSTOMERID, VEHICLEID, PRICE, QUANTITY, AMOUNT, BRANCHID, STAFFID, STATUSID, STATUSREASON) VALUES (CAST(144 AS Numeric(18, 0)), CAST(0x17190B00 AS Date), CAST(0x0700F0B1FE5E0000 AS Time), CAST(20058 AS Numeric(18, 0)), 182, CAST(60000.00 AS Decimal(18, 2)), 1, CAST(60000.00 AS Decimal(18, 2)), 1, CAST(18016 AS Numeric(18, 0)), 1, NULL)
INSERT SALESTRANSACTION (TRANID, TRANDATE, TRANTIME, CUSTOMERID, VEHICLEID, PRICE, QUANTITY, AMOUNT, BRANCHID, STAFFID, STATUSID, STATUSREASON) VALUES (CAST(145 AS Numeric(18, 0)), CAST(0xEE190B00 AS Date), CAST(0x070090C385800000 AS Time), CAST(20060 AS Numeric(18, 0)), 195, CAST(60000.00 AS Decimal(18, 2)), 1, CAST(60000.00 AS Decimal(18, 2)), 6, CAST(18021 AS Numeric(18, 0)), 1, NULL)
INSERT SALESTRANSACTION (TRANID, TRANDATE, TRANTIME, CUSTOMERID, VEHICLEID, PRICE, QUANTITY, AMOUNT, BRANCHID, STAFFID, STATUSID, STATUSREASON) VALUES (CAST(146 AS Numeric(18, 0)), CAST(0xF7190B00 AS Date), CAST(0x070090C385800000 AS Time), CAST(20062 AS Numeric(18, 0)), 183, CAST(60000.00 AS Decimal(18, 2)), 1, CAST(60000.00 AS Decimal(18, 2)), 7, CAST(18017 AS Numeric(18, 0)), 1, NULL)
INSERT SALESTRANSACTION (TRANID, TRANDATE, TRANTIME, CUSTOMERID, VEHICLEID, PRICE, QUANTITY, AMOUNT, BRANCHID, STAFFID, STATUSID, STATUSREASON) VALUES (CAST(147 AS Numeric(18, 0)), CAST(0x141A0B00 AS Date), CAST(0x070028FF23780000 AS Time), CAST(20063 AS Numeric(18, 0)), 187, CAST(90000.00 AS Decimal(18, 2)), 1, CAST(90000.00 AS Decimal(18, 2)), 1, CAST(19019 AS Numeric(18, 0)), 1, NULL)
INSERT SALESTRANSACTION (TRANID, TRANDATE, TRANTIME, CUSTOMERID, VEHICLEID, PRICE, QUANTITY, AMOUNT, BRANCHID, STAFFID, STATUSID, STATUSREASON) VALUES (CAST(148 AS Numeric(18, 0)), CAST(0x2E1A0B00 AS Date), CAST(0x070028FF23780000 AS Time), CAST(20064 AS Numeric(18, 0)), 184, CAST(90000.00 AS Decimal(18, 2)), 1, CAST(90000.00 AS Decimal(18, 2)), 1, CAST(18019 AS Numeric(18, 0)), 1, NULL)
INSERT SALESTRANSACTION (TRANID, TRANDATE, TRANTIME, CUSTOMERID, VEHICLEID, PRICE, QUANTITY, AMOUNT, BRANCHID, STAFFID, STATUSID, STATUSREASON) VALUES (CAST(149 AS Numeric(18, 0)), CAST(0x2F1A0B00 AS Date), CAST(0x070090C385800000 AS Time), CAST(20065 AS Numeric(18, 0)), 191, CAST(60000.00 AS Decimal(18, 2)), 1, CAST(60000.00 AS Decimal(18, 2)), 1, CAST(18014 AS Numeric(18, 0)), 1, NULL)
INSERT SALESTRANSACTION (TRANID, TRANDATE, TRANTIME, CUSTOMERID, VEHICLEID, PRICE, QUANTITY, AMOUNT, BRANCHID, STAFFID, STATUSID, STATUSREASON) VALUES (CAST(150 AS Numeric(18, 0)), CAST(0x331A0B00 AS Date), CAST(0x0700C03AC26F0000 AS Time), CAST(20066 AS Numeric(18, 0)), 194, CAST(60000.00 AS Decimal(18, 2)), 1, CAST(60000.00 AS Decimal(18, 2)), 1, CAST(18019 AS Numeric(18, 0)), 1, NULL)
INSERT SALESTRANSACTION (TRANID, TRANDATE, TRANTIME, CUSTOMERID, VEHICLEID, PRICE, QUANTITY, AMOUNT, BRANCHID, STAFFID, STATUSID, STATUSREASON) VALUES (CAST(151 AS Numeric(18, 0)), CAST(0x6B1A0B00 AS Date), CAST(0x0700F887E7880000 AS Time), CAST(20067 AS Numeric(18, 0)), 188, CAST(100000.00 AS Decimal(18, 2)), 1, CAST(100000.00 AS Decimal(18, 2)), 1, CAST(19025 AS Numeric(18, 0)), 0, N'Gearbox Problem')
INSERT SALESTRANSACTION (TRANID, TRANDATE, TRANTIME, CUSTOMERID, VEHICLEID, PRICE, QUANTITY, AMOUNT, BRANCHID, STAFFID, STATUSID, STATUSREASON) VALUES (CAST(152 AS Numeric(18, 0)), CAST(0x841A0B00 AS Date), CAST(0x0700F0B1FE5E0000 AS Time), CAST(20068 AS Numeric(18, 0)), 181, CAST(69000.00 AS Decimal(18, 2)), 1, CAST(69000.00 AS Decimal(18, 2)), 1, CAST(18014 AS Numeric(18, 0)), 1, NULL)
INSERT SALESTRANSACTION (TRANID, TRANDATE, TRANTIME, CUSTOMERID, VEHICLEID, PRICE, QUANTITY, AMOUNT, BRANCHID, STAFFID, STATUSID, STATUSREASON) VALUES (CAST(153 AS Numeric(18, 0)), CAST(0x051B0B00 AS Date), CAST(0x0700F0B1FE5E0000 AS Time), CAST(20069 AS Numeric(18, 0)), 193, CAST(60000.00 AS Decimal(18, 2)), 1, CAST(60000.00 AS Decimal(18, 2)), 1, CAST(18017 AS Numeric(18, 0)), 1, NULL)
INSERT SALESTRANSACTION (TRANID, TRANDATE, TRANTIME, CUSTOMERID, VEHICLEID, PRICE, QUANTITY, AMOUNT, BRANCHID, STAFFID, STATUSID, STATUSREASON) VALUES (CAST(154 AS Numeric(18, 0)), CAST(0x081B0B00 AS Date), CAST(0x0700C03AC26F0000 AS Time), CAST(20072 AS Numeric(18, 0)), 185, CAST(60000.00 AS Decimal(18, 2)), 1, CAST(60000.00 AS Decimal(18, 2)), 1, CAST(18037 AS Numeric(18, 0)), 1, NULL)
INSERT SALESTRANSACTION (TRANID, TRANDATE, TRANTIME, CUSTOMERID, VEHICLEID, PRICE, QUANTITY, AMOUNT, BRANCHID, STAFFID, STATUSID, STATUSREASON) VALUES (CAST(155 AS Numeric(18, 0)), CAST(0x241B0B00 AS Date), CAST(0x0700587660670000 AS Time), CAST(20073 AS Numeric(18, 0)), 186, CAST(60000.00 AS Decimal(18, 2)), 1, CAST(60000.00 AS Decimal(18, 2)), 6, CAST(19015 AS Numeric(18, 0)), 1, NULL)
INSERT SALESTRANSACTION (TRANID, TRANDATE, TRANTIME, CUSTOMERID, VEHICLEID, PRICE, QUANTITY, AMOUNT, BRANCHID, STAFFID, STATUSID, STATUSREASON) VALUES (CAST(156 AS Numeric(18, 0)), CAST(0x5B1B0B00 AS Date), CAST(0x0700587660670000 AS Time), CAST(20074 AS Numeric(18, 0)), 180, CAST(60000.00 AS Decimal(18, 2)), 1, CAST(60000.00 AS Decimal(18, 2)), 7, CAST(18012 AS Numeric(18, 0)), 1, NULL)
INSERT SALESTRANSACTION (TRANID, TRANDATE, TRANTIME, CUSTOMERID, VEHICLEID, PRICE, QUANTITY, AMOUNT, BRANCHID, STAFFID, STATUSID, STATUSREASON) VALUES (CAST(157 AS Numeric(18, 0)), CAST(0x811B0B00 AS Date), CAST(0x0700587660670000 AS Time), CAST(20076 AS Numeric(18, 0)), 192, CAST(78000.00 AS Decimal(18, 2)), 1, CAST(78000.00 AS Decimal(18, 2)), 6, CAST(18016 AS Numeric(18, 0)), 1, NULL)
INSERT SALESTRANSACTION (TRANID, TRANDATE, TRANTIME, CUSTOMERID, VEHICLEID, PRICE, QUANTITY, AMOUNT, BRANCHID, STAFFID, STATUSID, STATUSREASON) VALUES (CAST(158 AS Numeric(18, 0)), CAST(0xDC1B0B00 AS Date), CAST(0x070028FF23780000 AS Time), CAST(20077 AS Numeric(18, 0)), 189, CAST(60000.00 AS Decimal(18, 2)), 1, CAST(60000.00 AS Decimal(18, 2)), 7, CAST(20004 AS Numeric(18, 0)), 1, NULL)
INSERT SALESTRANSACTION (TRANID, TRANDATE, TRANTIME, CUSTOMERID, VEHICLEID, PRICE, QUANTITY, AMOUNT, BRANCHID, STAFFID, STATUSID, STATUSREASON) VALUES (CAST(159 AS Numeric(18, 0)), CAST(0xF11B0B00 AS Date), CAST(0x0700C03AC26F0000 AS Time), CAST(20079 AS Numeric(18, 0)), 197, CAST(60000.00 AS Decimal(18, 2)), 1, CAST(60000.00 AS Decimal(18, 2)), 1, CAST(18030 AS Numeric(18, 0)), 1, NULL)
INSERT SALESTRANSACTION (TRANID, TRANDATE, TRANTIME, CUSTOMERID, VEHICLEID, PRICE, QUANTITY, AMOUNT, BRANCHID, STAFFID, STATUSID, STATUSREASON) VALUES (CAST(160 AS Numeric(18, 0)), CAST(0x751C0B00 AS Date), CAST(0x070090C385800000 AS Time), CAST(20086 AS Numeric(18, 0)), 185, CAST(60000.00 AS Decimal(18, 2)), 1, CAST(60000.00 AS Decimal(18, 2)), 1, CAST(18037 AS Numeric(18, 0)), 1, NULL)
INSERT SALESTRANSACTION (TRANID, TRANDATE, TRANTIME, CUSTOMERID, VEHICLEID, PRICE, QUANTITY, AMOUNT, BRANCHID, STAFFID, STATUSID, STATUSREASON) VALUES (CAST(161 AS Numeric(18, 0)), CAST(0xC81C0B00 AS Date), CAST(0x070028FF23780000 AS Time), CAST(20088 AS Numeric(18, 0)), 202, CAST(60000.00 AS Decimal(18, 2)), 1, CAST(60000.00 AS Decimal(18, 2)), 6, CAST(20004 AS Numeric(18, 0)), 1, NULL)
INSERT SALESTRANSACTION (TRANID, TRANDATE, TRANTIME, CUSTOMERID, VEHICLEID, PRICE, QUANTITY, AMOUNT, BRANCHID, STAFFID, STATUSID, STATUSREASON) VALUES (CAST(162 AS Numeric(18, 0)), CAST(0xD11C0B00 AS Date), CAST(0x0700F0B1FE5E0000 AS Time), CAST(20090 AS Numeric(18, 0)), 185, CAST(60000.00 AS Decimal(18, 2)), 1, CAST(60000.00 AS Decimal(18, 2)), 1, CAST(18037 AS Numeric(18, 0)), 1, NULL)
INSERT SALESTRANSACTION (TRANID, TRANDATE, TRANTIME, CUSTOMERID, VEHICLEID, PRICE, QUANTITY, AMOUNT, BRANCHID, STAFFID, STATUSID, STATUSREASON) VALUES (CAST(163 AS Numeric(18, 0)), CAST(0xEE1C0B00 AS Date), CAST(0x0700F0B1FE5E0000 AS Time), CAST(20091 AS Numeric(18, 0)), 189, CAST(60000.00 AS Decimal(18, 2)), 1, CAST(60000.00 AS Decimal(18, 2)), 7, CAST(20004 AS Numeric(18, 0)), 1, NULL)
INSERT SALESTRANSACTION (TRANID, TRANDATE, TRANTIME, CUSTOMERID, VEHICLEID, PRICE, QUANTITY, AMOUNT, BRANCHID, STAFFID, STATUSID, STATUSREASON) VALUES (CAST(164 AS Numeric(18, 0)), CAST(0x091D0B00 AS Date), CAST(0x070028FF23780000 AS Time), CAST(20092 AS Numeric(18, 0)), 197, CAST(60000.00 AS Decimal(18, 2)), 1, CAST(60000.00 AS Decimal(18, 2)), 1, CAST(18030 AS Numeric(18, 0)), 1, NULL)
INSERT SALESTRANSACTION (TRANID, TRANDATE, TRANTIME, CUSTOMERID, VEHICLEID, PRICE, QUANTITY, AMOUNT, BRANCHID, STAFFID, STATUSID, STATUSREASON) VALUES (CAST(165 AS Numeric(18, 0)), CAST(0x0D1D0B00 AS Date), CAST(0x070028FF23780000 AS Time), CAST(20093 AS Numeric(18, 0)), 185, CAST(60000.00 AS Decimal(18, 2)), 1, CAST(60000.00 AS Decimal(18, 2)), 1, CAST(18037 AS Numeric(18, 0)), 1, NULL)
INSERT SALESTRANSACTION (TRANID, TRANDATE, TRANTIME, CUSTOMERID, VEHICLEID, PRICE, QUANTITY, AMOUNT, BRANCHID, STAFFID, STATUSID, STATUSREASON) VALUES (CAST(166 AS Numeric(18, 0)), CAST(0x451D0B00 AS Date), CAST(0x0700F0B1FE5E0000 AS Time), CAST(19002 AS Numeric(18, 0)), 202, CAST(60000.00 AS Decimal(18, 2)), 1, CAST(60000.00 AS Decimal(18, 2)), 6, CAST(20004 AS Numeric(18, 0)), 1, NULL)
INSERT SALESTRANSACTION (TRANID, TRANDATE, TRANTIME, CUSTOMERID, VEHICLEID, PRICE, QUANTITY, AMOUNT, BRANCHID, STAFFID, STATUSID, STATUSREASON) VALUES (CAST(167 AS Numeric(18, 0)), CAST(0x491D0B00 AS Date), CAST(0x070090C385800000 AS Time), CAST(20001 AS Numeric(18, 0)), 185, CAST(60000.00 AS Decimal(18, 2)), 1, CAST(60000.00 AS Decimal(18, 2)), 1, CAST(18037 AS Numeric(18, 0)), 1, NULL)
INSERT SALESTRANSACTION (TRANID, TRANDATE, TRANTIME, CUSTOMERID, VEHICLEID, PRICE, QUANTITY, AMOUNT, BRANCHID, STAFFID, STATUSID, STATUSREASON) VALUES (CAST(168 AS Numeric(18, 0)), CAST(0x5E1D0B00 AS Date), CAST(0x070090C385800000 AS Time), CAST(20002 AS Numeric(18, 0)), 201, CAST(70000.00 AS Decimal(18, 2)), 1, CAST(70000.00 AS Decimal(18, 2)), 6, CAST(19025 AS Numeric(18, 0)), 1, NULL)
INSERT SALESTRANSACTION (TRANID, TRANDATE, TRANTIME, CUSTOMERID, VEHICLEID, PRICE, QUANTITY, AMOUNT, BRANCHID, STAFFID, STATUSID, STATUSREASON) VALUES (CAST(169 AS Numeric(18, 0)), CAST(0x5E1D0B00 AS Date), CAST(0x0700F887E7880000 AS Time), CAST(20004 AS Numeric(18, 0)), 185, CAST(60000.00 AS Decimal(18, 2)), 1, CAST(60000.00 AS Decimal(18, 2)), 1, CAST(18037 AS Numeric(18, 0)), 1, NULL)
INSERT SALESTRANSACTION (TRANID, TRANDATE, TRANTIME, CUSTOMERID, VEHICLEID, PRICE, QUANTITY, AMOUNT, BRANCHID, STAFFID, STATUSID, STATUSREASON) VALUES (CAST(170 AS Numeric(18, 0)), CAST(0x9E1D0B00 AS Date), CAST(0x0700C03AC26F0000 AS Time), CAST(20005 AS Numeric(18, 0)), 187, CAST(90000.00 AS Decimal(18, 2)), 1, CAST(90000.00 AS Decimal(18, 2)), 1, CAST(19019 AS Numeric(18, 0)), 1, NULL)
INSERT SALESTRANSACTION (TRANID, TRANDATE, TRANTIME, CUSTOMERID, VEHICLEID, PRICE, QUANTITY, AMOUNT, BRANCHID, STAFFID, STATUSID, STATUSREASON) VALUES (CAST(171 AS Numeric(18, 0)), CAST(0xDF1D0B00 AS Date), CAST(0x0700587660670000 AS Time), CAST(20006 AS Numeric(18, 0)), 184, CAST(90000.00 AS Decimal(18, 2)), 1, CAST(90000.00 AS Decimal(18, 2)), 1, CAST(18019 AS Numeric(18, 0)), 1, NULL)
INSERT SALESTRANSACTION (TRANID, TRANDATE, TRANTIME, CUSTOMERID, VEHICLEID, PRICE, QUANTITY, AMOUNT, BRANCHID, STAFFID, STATUSID, STATUSREASON) VALUES (CAST(172 AS Numeric(18, 0)), CAST(0xE21D0B00 AS Date), CAST(0x0700587660670000 AS Time), CAST(20007 AS Numeric(18, 0)), 191, CAST(60000.00 AS Decimal(18, 2)), 1, CAST(60000.00 AS Decimal(18, 2)), 1, CAST(18014 AS Numeric(18, 0)), 1, NULL)
INSERT SALESTRANSACTION (TRANID, TRANDATE, TRANTIME, CUSTOMERID, VEHICLEID, PRICE, QUANTITY, AMOUNT, BRANCHID, STAFFID, STATUSID, STATUSREASON) VALUES (CAST(173 AS Numeric(18, 0)), CAST(0xFE1D0B00 AS Date), CAST(0x0700C03AC26F0000 AS Time), CAST(20008 AS Numeric(18, 0)), 194, CAST(60000.00 AS Decimal(18, 2)), 1, CAST(60000.00 AS Decimal(18, 2)), 1, CAST(18019 AS Numeric(18, 0)), 1, NULL)
INSERT SALESTRANSACTION (TRANID, TRANDATE, TRANTIME, CUSTOMERID, VEHICLEID, PRICE, QUANTITY, AMOUNT, BRANCHID, STAFFID, STATUSID, STATUSREASON) VALUES (CAST(174 AS Numeric(18, 0)), CAST(0x351E0B00 AS Date), CAST(0x0700F0B1FE5E0000 AS Time), CAST(20010 AS Numeric(18, 0)), 188, CAST(100000.00 AS Decimal(18, 2)), 1, CAST(100000.00 AS Decimal(18, 2)), 1, CAST(19025 AS Numeric(18, 0)), 1, NULL)
INSERT SALESTRANSACTION (TRANID, TRANDATE, TRANTIME, CUSTOMERID, VEHICLEID, PRICE, QUANTITY, AMOUNT, BRANCHID, STAFFID, STATUSID, STATUSREASON) VALUES (CAST(175 AS Numeric(18, 0)), CAST(0x3E1E0B00 AS Date), CAST(0x0700F887E7880000 AS Time), CAST(20011 AS Numeric(18, 0)), 181, CAST(69000.00 AS Decimal(18, 2)), 1, CAST(69000.00 AS Decimal(18, 2)), 1, CAST(18014 AS Numeric(18, 0)), 1, NULL)
INSERT SALESTRANSACTION (TRANID, TRANDATE, TRANTIME, CUSTOMERID, VEHICLEID, PRICE, QUANTITY, AMOUNT, BRANCHID, STAFFID, STATUSID, STATUSREASON) VALUES (CAST(176 AS Numeric(18, 0)), CAST(0x761E0B00 AS Date), CAST(0x0700C03AC26F0000 AS Time), CAST(20012 AS Numeric(18, 0)), 193, CAST(60000.00 AS Decimal(18, 2)), 1, CAST(60000.00 AS Decimal(18, 2)), 1, CAST(18017 AS Numeric(18, 0)), 1, NULL)
INSERT SALESTRANSACTION (TRANID, TRANDATE, TRANTIME, CUSTOMERID, VEHICLEID, PRICE, QUANTITY, AMOUNT, BRANCHID, STAFFID, STATUSID, STATUSREASON) VALUES (CAST(177 AS Numeric(18, 0)), CAST(0xB31E0B00 AS Date), CAST(0x070028FF23780000 AS Time), CAST(20013 AS Numeric(18, 0)), 185, CAST(60000.00 AS Decimal(18, 2)), 1, CAST(60000.00 AS Decimal(18, 2)), 1, CAST(18037 AS Numeric(18, 0)), 1, NULL)
INSERT SALESTRANSACTION (TRANID, TRANDATE, TRANTIME, CUSTOMERID, VEHICLEID, PRICE, QUANTITY, AMOUNT, BRANCHID, STAFFID, STATUSID, STATUSREASON) VALUES (CAST(178 AS Numeric(18, 0)), CAST(0x2B1F0B00 AS Date), CAST(0x0700587660670000 AS Time), CAST(20014 AS Numeric(18, 0)), 186, CAST(60000.00 AS Decimal(18, 2)), 1, CAST(60000.00 AS Decimal(18, 2)), 6, CAST(19015 AS Numeric(18, 0)), 1, NULL)
INSERT SALESTRANSACTION (TRANID, TRANDATE, TRANTIME, CUSTOMERID, VEHICLEID, PRICE, QUANTITY, AMOUNT, BRANCHID, STAFFID, STATUSID, STATUSREASON) VALUES (CAST(179 AS Numeric(18, 0)), CAST(0x501F0B00 AS Date), CAST(0x0700F0B1FE5E0000 AS Time), CAST(20015 AS Numeric(18, 0)), 180, CAST(60000.00 AS Decimal(18, 2)), 1, CAST(60000.00 AS Decimal(18, 2)), 7, CAST(18012 AS Numeric(18, 0)), 1, NULL)
INSERT SALESTRANSACTION (TRANID, TRANDATE, TRANTIME, CUSTOMERID, VEHICLEID, PRICE, QUANTITY, AMOUNT, BRANCHID, STAFFID, STATUSID, STATUSREASON) VALUES (CAST(180 AS Numeric(18, 0)), CAST(0xA31F0B00 AS Date), CAST(0x0700F887E7880000 AS Time), CAST(20016 AS Numeric(18, 0)), 192, CAST(78000.00 AS Decimal(18, 2)), 1, CAST(78000.00 AS Decimal(18, 2)), 6, CAST(18016 AS Numeric(18, 0)), 1, NULL)
INSERT SALESTRANSACTION (TRANID, TRANDATE, TRANTIME, CUSTOMERID, VEHICLEID, PRICE, QUANTITY, AMOUNT, BRANCHID, STAFFID, STATUSID, STATUSREASON) VALUES (CAST(181 AS Numeric(18, 0)), CAST(0xC91F0B00 AS Date), CAST(0x0700F0B1FE5E0000 AS Time), CAST(20017 AS Numeric(18, 0)), 189, CAST(60000.00 AS Decimal(18, 2)), 1, CAST(60000.00 AS Decimal(18, 2)), 7, CAST(20004 AS Numeric(18, 0)), 1, NULL)
INSERT SALESTRANSACTION (TRANID, TRANDATE, TRANTIME, CUSTOMERID, VEHICLEID, PRICE, QUANTITY, AMOUNT, BRANCHID, STAFFID, STATUSID, STATUSREASON) VALUES (CAST(182 AS Numeric(18, 0)), CAST(0xE41F0B00 AS Date), CAST(0x0700F887E7880000 AS Time), CAST(20019 AS Numeric(18, 0)), 197, CAST(60000.00 AS Decimal(18, 2)), 1, CAST(60000.00 AS Decimal(18, 2)), 1, CAST(18030 AS Numeric(18, 0)), 1, NULL)
INSERT SALESTRANSACTION (TRANID, TRANDATE, TRANTIME, CUSTOMERID, VEHICLEID, PRICE, QUANTITY, AMOUNT, BRANCHID, STAFFID, STATUSID, STATUSREASON) VALUES (CAST(183 AS Numeric(18, 0)), CAST(0x1E200B00 AS Date), CAST(0x070090C385800000 AS Time), CAST(20020 AS Numeric(18, 0)), 185, CAST(60000.00 AS Decimal(18, 2)), 1, CAST(60000.00 AS Decimal(18, 2)), 1, CAST(18037 AS Numeric(18, 0)), 1, NULL)
INSERT SALESTRANSACTION (TRANID, TRANDATE, TRANTIME, CUSTOMERID, VEHICLEID, PRICE, QUANTITY, AMOUNT, BRANCHID, STAFFID, STATUSID, STATUSREASON) VALUES (CAST(184 AS Numeric(18, 0)), CAST(0x20200B00 AS Date), CAST(0x0700F0B1FE5E0000 AS Time), CAST(20021 AS Numeric(18, 0)), 202, CAST(60000.00 AS Decimal(18, 2)), 1, CAST(60000.00 AS Decimal(18, 2)), 6, CAST(20004 AS Numeric(18, 0)), 1, NULL)
INSERT SALESTRANSACTION (TRANID, TRANDATE, TRANTIME, CUSTOMERID, VEHICLEID, PRICE, QUANTITY, AMOUNT, BRANCHID, STAFFID, STATUSID, STATUSREASON) VALUES (CAST(185 AS Numeric(18, 0)), CAST(0x39200B00 AS Date), CAST(0x0700587660670000 AS Time), CAST(20022 AS Numeric(18, 0)), 185, CAST(60000.00 AS Decimal(18, 2)), 1, CAST(60000.00 AS Decimal(18, 2)), 1, CAST(18037 AS Numeric(18, 0)), 1, NULL)
INSERT SALESTRANSACTION (TRANID, TRANDATE, TRANTIME, CUSTOMERID, VEHICLEID, PRICE, QUANTITY, AMOUNT, BRANCHID, STAFFID, STATUSID, STATUSREASON) VALUES (CAST(186 AS Numeric(18, 0)), CAST(0xBA200B00 AS Date), CAST(0x0700587660670000 AS Time), CAST(20023 AS Numeric(18, 0)), 201, CAST(70000.00 AS Decimal(18, 2)), 1, CAST(70000.00 AS Decimal(18, 2)), 6, CAST(19025 AS Numeric(18, 0)), 1, NULL)
INSERT SALESTRANSACTION (TRANID, TRANDATE, TRANTIME, CUSTOMERID, VEHICLEID, PRICE, QUANTITY, AMOUNT, BRANCHID, STAFFID, STATUSID, STATUSREASON) VALUES (CAST(187 AS Numeric(18, 0)), CAST(0xBD200B00 AS Date), CAST(0x070028FF23780000 AS Time), CAST(20024 AS Numeric(18, 0)), 185, CAST(60000.00 AS Decimal(18, 2)), 1, CAST(60000.00 AS Decimal(18, 2)), 1, CAST(18037 AS Numeric(18, 0)), 1, NULL)
INSERT SALESTRANSACTION (TRANID, TRANDATE, TRANTIME, CUSTOMERID, VEHICLEID, PRICE, QUANTITY, AMOUNT, BRANCHID, STAFFID, STATUSID, STATUSREASON) VALUES (CAST(188 AS Numeric(18, 0)), CAST(0x10210B00 AS Date), CAST(0x0700C03AC26F0000 AS Time), CAST(20025 AS Numeric(18, 0)), 185, CAST(60000.00 AS Decimal(18, 2)), 1, CAST(60000.00 AS Decimal(18, 2)), 1, CAST(18037 AS Numeric(18, 0)), 1, NULL)
INSERT SALESTRANSACTION (TRANID, TRANDATE, TRANTIME, CUSTOMERID, VEHICLEID, PRICE, QUANTITY, AMOUNT, BRANCHID, STAFFID, STATUSID, STATUSREASON) VALUES (CAST(189 AS Numeric(18, 0)), CAST(0x36210B00 AS Date), CAST(0x0700C03AC26F0000 AS Time), CAST(20026 AS Numeric(18, 0)), 187, CAST(90000.00 AS Decimal(18, 2)), 1, CAST(90000.00 AS Decimal(18, 2)), 1, CAST(19019 AS Numeric(18, 0)), 1, NULL)
INSERT SALESTRANSACTION (TRANID, TRANDATE, TRANTIME, CUSTOMERID, VEHICLEID, PRICE, QUANTITY, AMOUNT, BRANCHID, STAFFID, STATUSID, STATUSREASON) VALUES (CAST(190 AS Numeric(18, 0)), CAST(0x55210B00 AS Date), CAST(0x070028FF23780000 AS Time), CAST(20027 AS Numeric(18, 0)), 184, CAST(90000.00 AS Decimal(18, 2)), 1, CAST(90000.00 AS Decimal(18, 2)), 1, CAST(18019 AS Numeric(18, 0)), 1, NULL)
INSERT SALESTRANSACTION (TRANID, TRANDATE, TRANTIME, CUSTOMERID, VEHICLEID, PRICE, QUANTITY, AMOUNT, BRANCHID, STAFFID, STATUSID, STATUSREASON) VALUES (CAST(191 AS Numeric(18, 0)), CAST(0x91210B00 AS Date), CAST(0x0700F0B1FE5E0000 AS Time), CAST(20028 AS Numeric(18, 0)), 191, CAST(60000.00 AS Decimal(18, 2)), 1, CAST(60000.00 AS Decimal(18, 2)), 1, CAST(18014 AS Numeric(18, 0)), 1, NULL)
INSERT SALESTRANSACTION (TRANID, TRANDATE, TRANTIME, CUSTOMERID, VEHICLEID, PRICE, QUANTITY, AMOUNT, BRANCHID, STAFFID, STATUSID, STATUSREASON) VALUES (CAST(192 AS Numeric(18, 0)), CAST(0xA6210B00 AS Date), CAST(0x070028FF23780000 AS Time), CAST(20029 AS Numeric(18, 0)), 194, CAST(60000.00 AS Decimal(18, 2)), 1, CAST(60000.00 AS Decimal(18, 2)), 1, CAST(18019 AS Numeric(18, 0)), 1, NULL)
INSERT SALESTRANSACTION (TRANID, TRANDATE, TRANTIME, CUSTOMERID, VEHICLEID, PRICE, QUANTITY, AMOUNT, BRANCHID, STAFFID, STATUSID, STATUSREASON) VALUES (CAST(193 AS Numeric(18, 0)), CAST(0xAF210B00 AS Date), CAST(0x0700F887E7880000 AS Time), CAST(20031 AS Numeric(18, 0)), 188, CAST(100000.00 AS Decimal(18, 2)), 1, CAST(100000.00 AS Decimal(18, 2)), 1, CAST(19025 AS Numeric(18, 0)), 1, NULL)
INSERT SALESTRANSACTION (TRANID, TRANDATE, TRANTIME, CUSTOMERID, VEHICLEID, PRICE, QUANTITY, AMOUNT, BRANCHID, STAFFID, STATUSID, STATUSREASON) VALUES (CAST(194 AS Numeric(18, 0)), CAST(0x46220B00 AS Date), CAST(0x0700C03AC26F0000 AS Time), CAST(20032 AS Numeric(18, 0)), 181, CAST(69000.00 AS Decimal(18, 2)), 1, CAST(69000.00 AS Decimal(18, 2)), 1, CAST(18014 AS Numeric(18, 0)), 1, NULL)
INSERT SALESTRANSACTION (TRANID, TRANDATE, TRANTIME, CUSTOMERID, VEHICLEID, PRICE, QUANTITY, AMOUNT, BRANCHID, STAFFID, STATUSID, STATUSREASON) VALUES (CAST(195 AS Numeric(18, 0)), CAST(0x7D220B00 AS Date), CAST(0x070090C385800000 AS Time), CAST(20033 AS Numeric(18, 0)), 193, CAST(60000.00 AS Decimal(18, 2)), 1, CAST(60000.00 AS Decimal(18, 2)), 1, CAST(18017 AS Numeric(18, 0)), 1, NULL)
INSERT SALESTRANSACTION (TRANID, TRANDATE, TRANTIME, CUSTOMERID, VEHICLEID, PRICE, QUANTITY, AMOUNT, BRANCHID, STAFFID, STATUSID, STATUSREASON) VALUES (CAST(196 AS Numeric(18, 0)), CAST(0x86220B00 AS Date), CAST(0x0700587660670000 AS Time), CAST(20034 AS Numeric(18, 0)), 185, CAST(60000.00 AS Decimal(18, 2)), 1, CAST(60000.00 AS Decimal(18, 2)), 1, CAST(18037 AS Numeric(18, 0)), 1, NULL)
INSERT SALESTRANSACTION (TRANID, TRANDATE, TRANTIME, CUSTOMERID, VEHICLEID, PRICE, QUANTITY, AMOUNT, BRANCHID, STAFFID, STATUSID, STATUSREASON) VALUES (CAST(197 AS Numeric(18, 0)), CAST(0x9E220B00 AS Date), CAST(0x070028FF23780000 AS Time), CAST(20035 AS Numeric(18, 0)), 186, CAST(60000.00 AS Decimal(18, 2)), 1, CAST(60000.00 AS Decimal(18, 2)), 6, CAST(19015 AS Numeric(18, 0)), 1, NULL)
INSERT SALESTRANSACTION (TRANID, TRANDATE, TRANTIME, CUSTOMERID, VEHICLEID, PRICE, QUANTITY, AMOUNT, BRANCHID, STAFFID, STATUSID, STATUSREASON) VALUES (CAST(198 AS Numeric(18, 0)), CAST(0xBE220B00 AS Date), CAST(0x0700F0B1FE5E0000 AS Time), CAST(20036 AS Numeric(18, 0)), 180, CAST(60000.00 AS Decimal(18, 2)), 1, CAST(60000.00 AS Decimal(18, 2)), 7, CAST(18012 AS Numeric(18, 0)), 1, NULL)
INSERT SALESTRANSACTION (TRANID, TRANDATE, TRANTIME, CUSTOMERID, VEHICLEID, PRICE, QUANTITY, AMOUNT, BRANCHID, STAFFID, STATUSID, STATUSREASON) VALUES (CAST(199 AS Numeric(18, 0)), CAST(0xC2220B00 AS Date), CAST(0x070090C385800000 AS Time), CAST(20037 AS Numeric(18, 0)), 192, CAST(78000.00 AS Decimal(18, 2)), 1, CAST(78000.00 AS Decimal(18, 2)), 6, CAST(18016 AS Numeric(18, 0)), 1, NULL)
INSERT SALESTRANSACTION (TRANID, TRANDATE, TRANTIME, CUSTOMERID, VEHICLEID, PRICE, QUANTITY, AMOUNT, BRANCHID, STAFFID, STATUSID, STATUSREASON) VALUES (CAST(200 AS Numeric(18, 0)), CAST(0xFA220B00 AS Date), CAST(0x0700587660670000 AS Time), CAST(20038 AS Numeric(18, 0)), 189, CAST(60000.00 AS Decimal(18, 2)), 1, CAST(60000.00 AS Decimal(18, 2)), 7, CAST(20004 AS Numeric(18, 0)), 1, NULL)
INSERT SALESTRANSACTION (TRANID, TRANDATE, TRANTIME, CUSTOMERID, VEHICLEID, PRICE, QUANTITY, AMOUNT, BRANCHID, STAFFID, STATUSID, STATUSREASON) VALUES (CAST(201 AS Numeric(18, 0)), CAST(0x13230B00 AS Date), CAST(0x0700F0B1FE5E0000 AS Time), CAST(20039 AS Numeric(18, 0)), 197, CAST(60000.00 AS Decimal(18, 2)), 1, CAST(60000.00 AS Decimal(18, 2)), 1, CAST(18030 AS Numeric(18, 0)), 1, NULL)
INSERT SALESTRANSACTION (TRANID, TRANDATE, TRANTIME, CUSTOMERID, VEHICLEID, PRICE, QUANTITY, AMOUNT, BRANCHID, STAFFID, STATUSID, STATUSREASON) VALUES (CAST(202 AS Numeric(18, 0)), CAST(0x1C230B00 AS Date), CAST(0x0700C03AC26F0000 AS Time), CAST(20040 AS Numeric(18, 0)), 185, CAST(60000.00 AS Decimal(18, 2)), 1, CAST(60000.00 AS Decimal(18, 2)), 1, CAST(18037 AS Numeric(18, 0)), 1, NULL)
GO
print 'Processed 200 total records'
INSERT SALESTRANSACTION (TRANID, TRANDATE, TRANTIME, CUSTOMERID, VEHICLEID, PRICE, QUANTITY, AMOUNT, BRANCHID, STAFFID, STATUSID, STATUSREASON) VALUES (CAST(203 AS Numeric(18, 0)), CAST(0x94230B00 AS Date), CAST(0x0700C03AC26F0000 AS Time), CAST(20041 AS Numeric(18, 0)), 202, CAST(60000.00 AS Decimal(18, 2)), 1, CAST(60000.00 AS Decimal(18, 2)), 6, CAST(20004 AS Numeric(18, 0)), 1, NULL)
INSERT SALESTRANSACTION (TRANID, TRANDATE, TRANTIME, CUSTOMERID, VEHICLEID, PRICE, QUANTITY, AMOUNT, BRANCHID, STAFFID, STATUSID, STATUSREASON) VALUES (CAST(204 AS Numeric(18, 0)), CAST(0xB3230B00 AS Date), CAST(0x070028FF23780000 AS Time), CAST(20042 AS Numeric(18, 0)), 185, CAST(60000.00 AS Decimal(18, 2)), 1, CAST(60000.00 AS Decimal(18, 2)), 1, CAST(18037 AS Numeric(18, 0)), 1, NULL)
INSERT SALESTRANSACTION (TRANID, TRANDATE, TRANTIME, CUSTOMERID, VEHICLEID, PRICE, QUANTITY, AMOUNT, BRANCHID, STAFFID, STATUSID, STATUSREASON) VALUES (CAST(205 AS Numeric(18, 0)), CAST(0xEA230B00 AS Date), CAST(0x0700587660670000 AS Time), CAST(20043 AS Numeric(18, 0)), 201, CAST(70000.00 AS Decimal(18, 2)), 1, CAST(70000.00 AS Decimal(18, 2)), 6, CAST(19025 AS Numeric(18, 0)), 1, NULL)
INSERT SALESTRANSACTION (TRANID, TRANDATE, TRANTIME, CUSTOMERID, VEHICLEID, PRICE, QUANTITY, AMOUNT, BRANCHID, STAFFID, STATUSID, STATUSREASON) VALUES (CAST(206 AS Numeric(18, 0)), CAST(0x0B240B00 AS Date), CAST(0x0700C03AC26F0000 AS Time), CAST(20044 AS Numeric(18, 0)), 185, CAST(60000.00 AS Decimal(18, 2)), 1, CAST(60000.00 AS Decimal(18, 2)), 1, CAST(18037 AS Numeric(18, 0)), 1, NULL)
INSERT SALESTRANSACTION (TRANID, TRANDATE, TRANTIME, CUSTOMERID, VEHICLEID, PRICE, QUANTITY, AMOUNT, BRANCHID, STAFFID, STATUSID, STATUSREASON) VALUES (CAST(207 AS Numeric(18, 0)), CAST(0x10240B00 AS Date), CAST(0x0700587660670000 AS Time), CAST(20045 AS Numeric(18, 0)), 185, CAST(60000.00 AS Decimal(18, 2)), 1, CAST(60000.00 AS Decimal(18, 2)), 1, CAST(18037 AS Numeric(18, 0)), 1, NULL)
INSERT SALESTRANSACTION (TRANID, TRANDATE, TRANTIME, CUSTOMERID, VEHICLEID, PRICE, QUANTITY, AMOUNT, BRANCHID, STAFFID, STATUSID, STATUSREASON) VALUES (CAST(208 AS Numeric(18, 0)), CAST(0x10240B00 AS Date), CAST(0x070090C385800000 AS Time), CAST(20046 AS Numeric(18, 0)), 202, CAST(60000.00 AS Decimal(18, 2)), 1, CAST(60000.00 AS Decimal(18, 2)), 6, CAST(20004 AS Numeric(18, 0)), 1, NULL)
INSERT SALESTRANSACTION (TRANID, TRANDATE, TRANTIME, CUSTOMERID, VEHICLEID, PRICE, QUANTITY, AMOUNT, BRANCHID, STAFFID, STATUSID, STATUSREASON) VALUES (CAST(209 AS Numeric(18, 0)), CAST(0x2B240B00 AS Date), CAST(0x070028FF23780000 AS Time), CAST(20047 AS Numeric(18, 0)), 198, CAST(60000.00 AS Decimal(18, 2)), 1, CAST(60000.00 AS Decimal(18, 2)), 7, CAST(18037 AS Numeric(18, 0)), 1, NULL)
INSERT SALESTRANSACTION (TRANID, TRANDATE, TRANTIME, CUSTOMERID, VEHICLEID, PRICE, QUANTITY, AMOUNT, BRANCHID, STAFFID, STATUSID, STATUSREASON) VALUES (CAST(210 AS Numeric(18, 0)), CAST(0x68240B00 AS Date), CAST(0x0700F0B1FE5E0000 AS Time), CAST(20048 AS Numeric(18, 0)), 200, CAST(60000.00 AS Decimal(18, 2)), 1, CAST(60000.00 AS Decimal(18, 2)), 1, CAST(19019 AS Numeric(18, 0)), 1, NULL)
INSERT SALESTRANSACTION (TRANID, TRANDATE, TRANTIME, CUSTOMERID, VEHICLEID, PRICE, QUANTITY, AMOUNT, BRANCHID, STAFFID, STATUSID, STATUSREASON) VALUES (CAST(211 AS Numeric(18, 0)), CAST(0x6C240B00 AS Date), CAST(0x0700F887E7880000 AS Time), CAST(20049 AS Numeric(18, 0)), 185, CAST(60000.00 AS Decimal(18, 2)), 1, CAST(60000.00 AS Decimal(18, 2)), 1, CAST(18037 AS Numeric(18, 0)), 1, NULL)
INSERT SALESTRANSACTION (TRANID, TRANDATE, TRANTIME, CUSTOMERID, VEHICLEID, PRICE, QUANTITY, AMOUNT, BRANCHID, STAFFID, STATUSID, STATUSREASON) VALUES (CAST(212 AS Numeric(18, 0)), CAST(0x81240B00 AS Date), CAST(0x0700C03AC26F0000 AS Time), CAST(20050 AS Numeric(18, 0)), 202, CAST(60000.00 AS Decimal(18, 2)), 1, CAST(60000.00 AS Decimal(18, 2)), 6, CAST(20004 AS Numeric(18, 0)), 1, NULL)
INSERT SALESTRANSACTION (TRANID, TRANDATE, TRANTIME, CUSTOMERID, VEHICLEID, PRICE, QUANTITY, AMOUNT, BRANCHID, STAFFID, STATUSID, STATUSREASON) VALUES (CAST(213 AS Numeric(18, 0)), CAST(0x81240B00 AS Date), CAST(0x0700F887E7880000 AS Time), CAST(20051 AS Numeric(18, 0)), 199, CAST(90000.00 AS Decimal(18, 2)), 1, CAST(90000.00 AS Decimal(18, 2)), 1, CAST(19015 AS Numeric(18, 0)), 1, NULL)
INSERT SALESTRANSACTION (TRANID, TRANDATE, TRANTIME, CUSTOMERID, VEHICLEID, PRICE, QUANTITY, AMOUNT, BRANCHID, STAFFID, STATUSID, STATUSREASON) VALUES (CAST(214 AS Numeric(18, 0)), CAST(0x8A240B00 AS Date), CAST(0x0700587660670000 AS Time), CAST(20052 AS Numeric(18, 0)), 192, CAST(78000.00 AS Decimal(18, 2)), 1, CAST(78000.00 AS Decimal(18, 2)), 6, CAST(18016 AS Numeric(18, 0)), 1, NULL)
INSERT SALESTRANSACTION (TRANID, TRANDATE, TRANTIME, CUSTOMERID, VEHICLEID, PRICE, QUANTITY, AMOUNT, BRANCHID, STAFFID, STATUSID, STATUSREASON) VALUES (CAST(215 AS Numeric(18, 0)), CAST(0x58250B00 AS Date), CAST(0x0700F0B1FE5E0000 AS Time), CAST(20053 AS Numeric(18, 0)), 189, CAST(60000.00 AS Decimal(18, 2)), 1, CAST(60000.00 AS Decimal(18, 2)), 7, CAST(20004 AS Numeric(18, 0)), 1, NULL)
INSERT SALESTRANSACTION (TRANID, TRANDATE, TRANTIME, CUSTOMERID, VEHICLEID, PRICE, QUANTITY, AMOUNT, BRANCHID, STAFFID, STATUSID, STATUSREASON) VALUES (CAST(216 AS Numeric(18, 0)), CAST(0x58250B00 AS Date), CAST(0x070028FF23780000 AS Time), CAST(20056 AS Numeric(18, 0)), 197, CAST(60000.00 AS Decimal(18, 2)), 1, CAST(60000.00 AS Decimal(18, 2)), 1, CAST(18030 AS Numeric(18, 0)), 1, NULL)
INSERT SALESTRANSACTION (TRANID, TRANDATE, TRANTIME, CUSTOMERID, VEHICLEID, PRICE, QUANTITY, AMOUNT, BRANCHID, STAFFID, STATUSID, STATUSREASON) VALUES (CAST(217 AS Numeric(18, 0)), CAST(0x61250B00 AS Date), CAST(0x0700F0B1FE5E0000 AS Time), CAST(20057 AS Numeric(18, 0)), 185, CAST(60000.00 AS Decimal(18, 2)), 1, CAST(60000.00 AS Decimal(18, 2)), 1, CAST(18037 AS Numeric(18, 0)), 1, NULL)
INSERT SALESTRANSACTION (TRANID, TRANDATE, TRANTIME, CUSTOMERID, VEHICLEID, PRICE, QUANTITY, AMOUNT, BRANCHID, STAFFID, STATUSID, STATUSREASON) VALUES (CAST(218 AS Numeric(18, 0)), CAST(0x79250B00 AS Date), CAST(0x0700F887E7880000 AS Time), CAST(20058 AS Numeric(18, 0)), 182, CAST(60000.00 AS Decimal(18, 2)), 1, CAST(60000.00 AS Decimal(18, 2)), 1, CAST(18016 AS Numeric(18, 0)), 1, NULL)
INSERT SALESTRANSACTION (TRANID, TRANDATE, TRANTIME, CUSTOMERID, VEHICLEID, PRICE, QUANTITY, AMOUNT, BRANCHID, STAFFID, STATUSID, STATUSREASON) VALUES (CAST(219 AS Numeric(18, 0)), CAST(0xD5250B00 AS Date), CAST(0x0700587660670000 AS Time), CAST(20060 AS Numeric(18, 0)), 195, CAST(60000.00 AS Decimal(18, 2)), 1, CAST(60000.00 AS Decimal(18, 2)), 6, CAST(18021 AS Numeric(18, 0)), 1, NULL)
INSERT SALESTRANSACTION (TRANID, TRANDATE, TRANTIME, CUSTOMERID, VEHICLEID, PRICE, QUANTITY, AMOUNT, BRANCHID, STAFFID, STATUSID, STATUSREASON) VALUES (CAST(220 AS Numeric(18, 0)), CAST(0xF7250B00 AS Date), CAST(0x070090C385800000 AS Time), CAST(20062 AS Numeric(18, 0)), 183, CAST(60000.00 AS Decimal(18, 2)), 1, CAST(60000.00 AS Decimal(18, 2)), 7, CAST(18017 AS Numeric(18, 0)), 1, NULL)
INSERT SALESTRANSACTION (TRANID, TRANDATE, TRANTIME, CUSTOMERID, VEHICLEID, PRICE, QUANTITY, AMOUNT, BRANCHID, STAFFID, STATUSID, STATUSREASON) VALUES (CAST(221 AS Numeric(18, 0)), CAST(0x6F260B00 AS Date), CAST(0x0700C03AC26F0000 AS Time), CAST(20063 AS Numeric(18, 0)), 187, CAST(90000.00 AS Decimal(18, 2)), 1, CAST(90000.00 AS Decimal(18, 2)), 1, CAST(19019 AS Numeric(18, 0)), 1, NULL)
INSERT SALESTRANSACTION (TRANID, TRANDATE, TRANTIME, CUSTOMERID, VEHICLEID, PRICE, QUANTITY, AMOUNT, BRANCHID, STAFFID, STATUSID, STATUSREASON) VALUES (CAST(222 AS Numeric(18, 0)), CAST(0x8E260B00 AS Date), CAST(0x070028FF23780000 AS Time), CAST(20064 AS Numeric(18, 0)), 184, CAST(90000.00 AS Decimal(18, 2)), 1, CAST(90000.00 AS Decimal(18, 2)), 1, CAST(18019 AS Numeric(18, 0)), 1, NULL)
INSERT SALESTRANSACTION (TRANID, TRANDATE, TRANTIME, CUSTOMERID, VEHICLEID, PRICE, QUANTITY, AMOUNT, BRANCHID, STAFFID, STATUSID, STATUSREASON) VALUES (CAST(223 AS Numeric(18, 0)), CAST(0xEB260B00 AS Date), CAST(0x070028FF23780000 AS Time), CAST(20065 AS Numeric(18, 0)), 191, CAST(60000.00 AS Decimal(18, 2)), 1, CAST(60000.00 AS Decimal(18, 2)), 1, CAST(18014 AS Numeric(18, 0)), 1, NULL)
INSERT SALESTRANSACTION (TRANID, TRANDATE, TRANTIME, CUSTOMERID, VEHICLEID, PRICE, QUANTITY, AMOUNT, BRANCHID, STAFFID, STATUSID, STATUSREASON) VALUES (CAST(224 AS Numeric(18, 0)), CAST(0x0A270B00 AS Date), CAST(0x0700F0B1FE5E0000 AS Time), CAST(20066 AS Numeric(18, 0)), 194, CAST(60000.00 AS Decimal(18, 2)), 1, CAST(60000.00 AS Decimal(18, 2)), 1, CAST(18019 AS Numeric(18, 0)), 1, NULL)
INSERT SALESTRANSACTION (TRANID, TRANDATE, TRANTIME, CUSTOMERID, VEHICLEID, PRICE, QUANTITY, AMOUNT, BRANCHID, STAFFID, STATUSID, STATUSREASON) VALUES (CAST(225 AS Numeric(18, 0)), CAST(0x46270B00 AS Date), CAST(0x0700587660670000 AS Time), CAST(20067 AS Numeric(18, 0)), 188, CAST(100000.00 AS Decimal(18, 2)), 1, CAST(100000.00 AS Decimal(18, 2)), 1, CAST(19025 AS Numeric(18, 0)), 1, NULL)
INSERT SALESTRANSACTION (TRANID, TRANDATE, TRANTIME, CUSTOMERID, VEHICLEID, PRICE, QUANTITY, AMOUNT, BRANCHID, STAFFID, STATUSID, STATUSREASON) VALUES (CAST(226 AS Numeric(18, 0)), CAST(0x5B270B00 AS Date), CAST(0x070090C385800000 AS Time), CAST(20068 AS Numeric(18, 0)), 181, CAST(69000.00 AS Decimal(18, 2)), 1, CAST(69000.00 AS Decimal(18, 2)), 1, CAST(18014 AS Numeric(18, 0)), 1, NULL)
INSERT SALESTRANSACTION (TRANID, TRANDATE, TRANTIME, CUSTOMERID, VEHICLEID, PRICE, QUANTITY, AMOUNT, BRANCHID, STAFFID, STATUSID, STATUSREASON) VALUES (CAST(227 AS Numeric(18, 0)), CAST(0x64270B00 AS Date), CAST(0x0700F0B1FE5E0000 AS Time), CAST(20069 AS Numeric(18, 0)), 193, CAST(60000.00 AS Decimal(18, 2)), 1, CAST(60000.00 AS Decimal(18, 2)), 1, CAST(18017 AS Numeric(18, 0)), 1, NULL)
INSERT SALESTRANSACTION (TRANID, TRANDATE, TRANTIME, CUSTOMERID, VEHICLEID, PRICE, QUANTITY, AMOUNT, BRANCHID, STAFFID, STATUSID, STATUSREASON) VALUES (CAST(228 AS Numeric(18, 0)), CAST(0x32280B00 AS Date), CAST(0x0700F887E7880000 AS Time), CAST(20072 AS Numeric(18, 0)), 185, CAST(60000.00 AS Decimal(18, 2)), 1, CAST(60000.00 AS Decimal(18, 2)), 1, CAST(18037 AS Numeric(18, 0)), 1, NULL)
INSERT SALESTRANSACTION (TRANID, TRANDATE, TRANTIME, CUSTOMERID, VEHICLEID, PRICE, QUANTITY, AMOUNT, BRANCHID, STAFFID, STATUSID, STATUSREASON) VALUES (CAST(229 AS Numeric(18, 0)), CAST(0x3B280B00 AS Date), CAST(0x0700C03AC26F0000 AS Time), CAST(20073 AS Numeric(18, 0)), 186, CAST(60000.00 AS Decimal(18, 2)), 1, CAST(60000.00 AS Decimal(18, 2)), 6, CAST(19015 AS Numeric(18, 0)), 0, N'Engine Failure')
INSERT SALESTRANSACTION (TRANID, TRANDATE, TRANTIME, CUSTOMERID, VEHICLEID, PRICE, QUANTITY, AMOUNT, BRANCHID, STAFFID, STATUSID, STATUSREASON) VALUES (CAST(230 AS Numeric(18, 0)), CAST(0x53280B00 AS Date), CAST(0x070028FF23780000 AS Time), CAST(20074 AS Numeric(18, 0)), 180, CAST(60000.00 AS Decimal(18, 2)), 1, CAST(60000.00 AS Decimal(18, 2)), 7, CAST(18012 AS Numeric(18, 0)), 1, NULL)
INSERT SALESTRANSACTION (TRANID, TRANDATE, TRANTIME, CUSTOMERID, VEHICLEID, PRICE, QUANTITY, AMOUNT, BRANCHID, STAFFID, STATUSID, STATUSREASON) VALUES (CAST(231 AS Numeric(18, 0)), CAST(0x58280B00 AS Date), CAST(0x0700F887E7880000 AS Time), CAST(20076 AS Numeric(18, 0)), 192, CAST(78000.00 AS Decimal(18, 2)), 1, CAST(78000.00 AS Decimal(18, 2)), 6, CAST(18016 AS Numeric(18, 0)), 1, NULL)
INSERT SALESTRANSACTION (TRANID, TRANDATE, TRANTIME, CUSTOMERID, VEHICLEID, PRICE, QUANTITY, AMOUNT, BRANCHID, STAFFID, STATUSID, STATUSREASON) VALUES (CAST(232 AS Numeric(18, 0)), CAST(0x73280B00 AS Date), CAST(0x0700587660670000 AS Time), CAST(20077 AS Numeric(18, 0)), 189, CAST(60000.00 AS Decimal(18, 2)), 1, CAST(60000.00 AS Decimal(18, 2)), 7, CAST(20004 AS Numeric(18, 0)), 1, NULL)
INSERT SALESTRANSACTION (TRANID, TRANDATE, TRANTIME, CUSTOMERID, VEHICLEID, PRICE, QUANTITY, AMOUNT, BRANCHID, STAFFID, STATUSID, STATUSREASON) VALUES (CAST(233 AS Numeric(18, 0)), CAST(0x77280B00 AS Date), CAST(0x0700F887E7880000 AS Time), CAST(20079 AS Numeric(18, 0)), 197, CAST(60000.00 AS Decimal(18, 2)), 1, CAST(60000.00 AS Decimal(18, 2)), 1, CAST(18030 AS Numeric(18, 0)), 1, NULL)
INSERT SALESTRANSACTION (TRANID, TRANDATE, TRANTIME, CUSTOMERID, VEHICLEID, PRICE, QUANTITY, AMOUNT, BRANCHID, STAFFID, STATUSID, STATUSREASON) VALUES (CAST(234 AS Numeric(18, 0)), CAST(0xAF280B00 AS Date), CAST(0x0700C03AC26F0000 AS Time), CAST(20086 AS Numeric(18, 0)), 185, CAST(60000.00 AS Decimal(18, 2)), 1, CAST(60000.00 AS Decimal(18, 2)), 1, CAST(18037 AS Numeric(18, 0)), 1, NULL)
INSERT SALESTRANSACTION (TRANID, TRANDATE, TRANTIME, CUSTOMERID, VEHICLEID, PRICE, QUANTITY, AMOUNT, BRANCHID, STAFFID, STATUSID, STATUSREASON) VALUES (CAST(235 AS Numeric(18, 0)), CAST(0xB3280B00 AS Date), CAST(0x0700F0B1FE5E0000 AS Time), CAST(20088 AS Numeric(18, 0)), 202, CAST(60000.00 AS Decimal(18, 2)), 1, CAST(60000.00 AS Decimal(18, 2)), 6, CAST(20004 AS Numeric(18, 0)), 1, NULL)
INSERT SALESTRANSACTION (TRANID, TRANDATE, TRANTIME, CUSTOMERID, VEHICLEID, PRICE, QUANTITY, AMOUNT, BRANCHID, STAFFID, STATUSID, STATUSREASON) VALUES (CAST(236 AS Numeric(18, 0)), CAST(0xC8280B00 AS Date), CAST(0x0700F0B1FE5E0000 AS Time), CAST(20090 AS Numeric(18, 0)), 185, CAST(60000.00 AS Decimal(18, 2)), 1, CAST(60000.00 AS Decimal(18, 2)), 1, CAST(18037 AS Numeric(18, 0)), 1, NULL)
INSERT SALESTRANSACTION (TRANID, TRANDATE, TRANTIME, CUSTOMERID, VEHICLEID, PRICE, QUANTITY, AMOUNT, BRANCHID, STAFFID, STATUSID, STATUSREASON) VALUES (CAST(237 AS Numeric(18, 0)), CAST(0xC8280B00 AS Date), CAST(0x0700587660670000 AS Time), CAST(20091 AS Numeric(18, 0)), 201, CAST(70000.00 AS Decimal(18, 2)), 1, CAST(70000.00 AS Decimal(18, 2)), 6, CAST(19025 AS Numeric(18, 0)), 1, NULL)
INSERT SALESTRANSACTION (TRANID, TRANDATE, TRANTIME, CUSTOMERID, VEHICLEID, PRICE, QUANTITY, AMOUNT, BRANCHID, STAFFID, STATUSID, STATUSREASON) VALUES (CAST(238 AS Numeric(18, 0)), CAST(0xCB280B00 AS Date), CAST(0x0700F0B1FE5E0000 AS Time), CAST(20092 AS Numeric(18, 0)), 185, CAST(60000.00 AS Decimal(18, 2)), 1, CAST(60000.00 AS Decimal(18, 2)), 1, CAST(18037 AS Numeric(18, 0)), 1, NULL)
INSERT SALESTRANSACTION (TRANID, TRANDATE, TRANTIME, CUSTOMERID, VEHICLEID, PRICE, QUANTITY, AMOUNT, BRANCHID, STAFFID, STATUSID, STATUSREASON) VALUES (CAST(239 AS Numeric(18, 0)), CAST(0xD1280B00 AS Date), CAST(0x0700C03AC26F0000 AS Time), CAST(20093 AS Numeric(18, 0)), 182, CAST(60000.00 AS Decimal(18, 2)), 1, CAST(60000.00 AS Decimal(18, 2)), 1, CAST(18016 AS Numeric(18, 0)), 1, NULL)
INSERT SALESTRANSACTION (TRANID, TRANDATE, TRANTIME, CUSTOMERID, VEHICLEID, PRICE, QUANTITY, AMOUNT, BRANCHID, STAFFID, STATUSID, STATUSREASON) VALUES (CAST(240 AS Numeric(18, 0)), CAST(0xD1280B00 AS Date), CAST(0x070028FF23780000 AS Time), CAST(20094 AS Numeric(18, 0)), 190, CAST(45000.00 AS Decimal(18, 2)), 1, CAST(45000.00 AS Decimal(18, 2)), 1, CAST(18012 AS Numeric(18, 0)), 1, NULL)
INSERT SALESTRANSACTION (TRANID, TRANDATE, TRANTIME, CUSTOMERID, VEHICLEID, PRICE, QUANTITY, AMOUNT, BRANCHID, STAFFID, STATUSID, STATUSREASON) VALUES (CAST(241 AS Numeric(18, 0)), CAST(0x49290B00 AS Date), CAST(0x070028FF23780000 AS Time), CAST(20095 AS Numeric(18, 0)), 195, CAST(60000.00 AS Decimal(18, 2)), 1, CAST(60000.00 AS Decimal(18, 2)), 6, CAST(18021 AS Numeric(18, 0)), 1, NULL)
INSERT SALESTRANSACTION (TRANID, TRANDATE, TRANTIME, CUSTOMERID, VEHICLEID, PRICE, QUANTITY, AMOUNT, BRANCHID, STAFFID, STATUSID, STATUSREASON) VALUES (CAST(242 AS Numeric(18, 0)), CAST(0x68290B00 AS Date), CAST(0x070090C385800000 AS Time), CAST(20096 AS Numeric(18, 0)), 183, CAST(60000.00 AS Decimal(18, 2)), 1, CAST(60000.00 AS Decimal(18, 2)), 7, CAST(18017 AS Numeric(18, 0)), 1, NULL)
INSERT SALESTRANSACTION (TRANID, TRANDATE, TRANTIME, CUSTOMERID, VEHICLEID, PRICE, QUANTITY, AMOUNT, BRANCHID, STAFFID, STATUSID, STATUSREASON) VALUES (CAST(243 AS Numeric(18, 0)), CAST(0x9F290B00 AS Date), CAST(0x0700587660670000 AS Time), CAST(19002 AS Numeric(18, 0)), 187, CAST(90000.00 AS Decimal(18, 2)), 1, CAST(90000.00 AS Decimal(18, 2)), 1, CAST(19019 AS Numeric(18, 0)), 1, NULL)
INSERT SALESTRANSACTION (TRANID, TRANDATE, TRANTIME, CUSTOMERID, VEHICLEID, PRICE, QUANTITY, AMOUNT, BRANCHID, STAFFID, STATUSID, STATUSREASON) VALUES (CAST(244 AS Numeric(18, 0)), CAST(0x9F290B00 AS Date), CAST(0x0700C03AC26F0000 AS Time), CAST(20001 AS Numeric(18, 0)), 184, CAST(90000.00 AS Decimal(18, 2)), 1, CAST(90000.00 AS Decimal(18, 2)), 1, CAST(18019 AS Numeric(18, 0)), 1, NULL)
INSERT SALESTRANSACTION (TRANID, TRANDATE, TRANTIME, CUSTOMERID, VEHICLEID, PRICE, QUANTITY, AMOUNT, BRANCHID, STAFFID, STATUSID, STATUSREASON) VALUES (CAST(245 AS Numeric(18, 0)), CAST(0xA8290B00 AS Date), CAST(0x070090C385800000 AS Time), CAST(20002 AS Numeric(18, 0)), 191, CAST(60000.00 AS Decimal(18, 2)), 1, CAST(60000.00 AS Decimal(18, 2)), 1, CAST(18014 AS Numeric(18, 0)), 1, NULL)
INSERT SALESTRANSACTION (TRANID, TRANDATE, TRANTIME, CUSTOMERID, VEHICLEID, PRICE, QUANTITY, AMOUNT, BRANCHID, STAFFID, STATUSID, STATUSREASON) VALUES (CAST(246 AS Numeric(18, 0)), CAST(0xC0290B00 AS Date), CAST(0x0700F0B1FE5E0000 AS Time), CAST(20004 AS Numeric(18, 0)), 194, CAST(60000.00 AS Decimal(18, 2)), 1, CAST(60000.00 AS Decimal(18, 2)), 1, CAST(18019 AS Numeric(18, 0)), 1, NULL)
INSERT SALESTRANSACTION (TRANID, TRANDATE, TRANTIME, CUSTOMERID, VEHICLEID, PRICE, QUANTITY, AMOUNT, BRANCHID, STAFFID, STATUSID, STATUSREASON) VALUES (CAST(247 AS Numeric(18, 0)), CAST(0xC5290B00 AS Date), CAST(0x0700C03AC26F0000 AS Time), CAST(20005 AS Numeric(18, 0)), 188, CAST(100000.00 AS Decimal(18, 2)), 1, CAST(100000.00 AS Decimal(18, 2)), 1, CAST(19025 AS Numeric(18, 0)), 1, NULL)
INSERT SALESTRANSACTION (TRANID, TRANDATE, TRANTIME, CUSTOMERID, VEHICLEID, PRICE, QUANTITY, AMOUNT, BRANCHID, STAFFID, STATUSID, STATUSREASON) VALUES (CAST(248 AS Numeric(18, 0)), CAST(0xE0290B00 AS Date), CAST(0x0700F0B1FE5E0000 AS Time), CAST(20006 AS Numeric(18, 0)), 181, CAST(69000.00 AS Decimal(18, 2)), 1, CAST(69000.00 AS Decimal(18, 2)), 1, CAST(18014 AS Numeric(18, 0)), 1, NULL)
INSERT SALESTRANSACTION (TRANID, TRANDATE, TRANTIME, CUSTOMERID, VEHICLEID, PRICE, QUANTITY, AMOUNT, BRANCHID, STAFFID, STATUSID, STATUSREASON) VALUES (CAST(249 AS Numeric(18, 0)), CAST(0xE0290B00 AS Date), CAST(0x0700587660670000 AS Time), CAST(20007 AS Numeric(18, 0)), 193, CAST(60000.00 AS Decimal(18, 2)), 1, CAST(60000.00 AS Decimal(18, 2)), 1, CAST(18017 AS Numeric(18, 0)), 1, NULL)
INSERT SALESTRANSACTION (TRANID, TRANDATE, TRANTIME, CUSTOMERID, VEHICLEID, PRICE, QUANTITY, AMOUNT, BRANCHID, STAFFID, STATUSID, STATUSREASON) VALUES (CAST(250 AS Numeric(18, 0)), CAST(0xE4290B00 AS Date), CAST(0x0700587660670000 AS Time), CAST(20008 AS Numeric(18, 0)), 185, CAST(60000.00 AS Decimal(18, 2)), 1, CAST(60000.00 AS Decimal(18, 2)), 1, CAST(18037 AS Numeric(18, 0)), 1, NULL)
INSERT SALESTRANSACTION (TRANID, TRANDATE, TRANTIME, CUSTOMERID, VEHICLEID, PRICE, QUANTITY, AMOUNT, BRANCHID, STAFFID, STATUSID, STATUSREASON) VALUES (CAST(251 AS Numeric(18, 0)), CAST(0x1D2A0B00 AS Date), CAST(0x0700587660670000 AS Time), CAST(20010 AS Numeric(18, 0)), 186, CAST(60000.00 AS Decimal(18, 2)), 1, CAST(60000.00 AS Decimal(18, 2)), 6, CAST(19015 AS Numeric(18, 0)), 1, NULL)
INSERT SALESTRANSACTION (TRANID, TRANDATE, TRANTIME, CUSTOMERID, VEHICLEID, PRICE, QUANTITY, AMOUNT, BRANCHID, STAFFID, STATUSID, STATUSREASON) VALUES (CAST(252 AS Numeric(18, 0)), CAST(0x1D2A0B00 AS Date), CAST(0x0700C03AC26F0000 AS Time), CAST(20011 AS Numeric(18, 0)), 180, CAST(60000.00 AS Decimal(18, 2)), 1, CAST(60000.00 AS Decimal(18, 2)), 7, CAST(18012 AS Numeric(18, 0)), 1, NULL)
INSERT SALESTRANSACTION (TRANID, TRANDATE, TRANTIME, CUSTOMERID, VEHICLEID, PRICE, QUANTITY, AMOUNT, BRANCHID, STAFFID, STATUSID, STATUSREASON) VALUES (CAST(253 AS Numeric(18, 0)), CAST(0x212A0B00 AS Date), CAST(0x0700C03AC26F0000 AS Time), CAST(20012 AS Numeric(18, 0)), 192, CAST(78000.00 AS Decimal(18, 2)), 1, CAST(78000.00 AS Decimal(18, 2)), 6, CAST(18016 AS Numeric(18, 0)), 1, NULL)
INSERT SALESTRANSACTION (TRANID, TRANDATE, TRANTIME, CUSTOMERID, VEHICLEID, PRICE, QUANTITY, AMOUNT, BRANCHID, STAFFID, STATUSID, STATUSREASON) VALUES (CAST(254 AS Numeric(18, 0)), CAST(0x362A0B00 AS Date), CAST(0x070028FF23780000 AS Time), CAST(20013 AS Numeric(18, 0)), 189, CAST(60000.00 AS Decimal(18, 2)), 1, CAST(60000.00 AS Decimal(18, 2)), 7, CAST(20004 AS Numeric(18, 0)), 1, NULL)
INSERT SALESTRANSACTION (TRANID, TRANDATE, TRANTIME, CUSTOMERID, VEHICLEID, PRICE, QUANTITY, AMOUNT, BRANCHID, STAFFID, STATUSID, STATUSREASON) VALUES (CAST(255 AS Numeric(18, 0)), CAST(0x3F2A0B00 AS Date), CAST(0x0700F887E7880000 AS Time), CAST(20014 AS Numeric(18, 0)), 197, CAST(60000.00 AS Decimal(18, 2)), 1, CAST(60000.00 AS Decimal(18, 2)), 1, CAST(18030 AS Numeric(18, 0)), 1, NULL)
INSERT SALESTRANSACTION (TRANID, TRANDATE, TRANTIME, CUSTOMERID, VEHICLEID, PRICE, QUANTITY, AMOUNT, BRANCHID, STAFFID, STATUSID, STATUSREASON) VALUES (CAST(256 AS Numeric(18, 0)), CAST(0xB72A0B00 AS Date), CAST(0x070028FF23780000 AS Time), CAST(20015 AS Numeric(18, 0)), 185, CAST(60000.00 AS Decimal(18, 2)), 1, CAST(60000.00 AS Decimal(18, 2)), 1, CAST(18037 AS Numeric(18, 0)), 1, NULL)
INSERT SALESTRANSACTION (TRANID, TRANDATE, TRANTIME, CUSTOMERID, VEHICLEID, PRICE, QUANTITY, AMOUNT, BRANCHID, STAFFID, STATUSID, STATUSREASON) VALUES (CAST(257 AS Numeric(18, 0)), CAST(0xD62A0B00 AS Date), CAST(0x0700F0B1FE5E0000 AS Time), CAST(20016 AS Numeric(18, 0)), 202, CAST(60000.00 AS Decimal(18, 2)), 1, CAST(60000.00 AS Decimal(18, 2)), 6, CAST(20004 AS Numeric(18, 0)), 1, NULL)
INSERT SALESTRANSACTION (TRANID, TRANDATE, TRANTIME, CUSTOMERID, VEHICLEID, PRICE, QUANTITY, AMOUNT, BRANCHID, STAFFID, STATUSID, STATUSREASON) VALUES (CAST(258 AS Numeric(18, 0)), CAST(0x0D2B0B00 AS Date), CAST(0x070090C385800000 AS Time), CAST(20017 AS Numeric(18, 0)), 185, CAST(60000.00 AS Decimal(18, 2)), 1, CAST(60000.00 AS Decimal(18, 2)), 1, CAST(18037 AS Numeric(18, 0)), 1, NULL)
INSERT SALESTRANSACTION (TRANID, TRANDATE, TRANTIME, CUSTOMERID, VEHICLEID, PRICE, QUANTITY, AMOUNT, BRANCHID, STAFFID, STATUSID, STATUSREASON) VALUES (CAST(259 AS Numeric(18, 0)), CAST(0x162B0B00 AS Date), CAST(0x070028FF23780000 AS Time), CAST(20019 AS Numeric(18, 0)), 189, CAST(60000.00 AS Decimal(18, 2)), 1, CAST(60000.00 AS Decimal(18, 2)), 7, CAST(20004 AS Numeric(18, 0)), 1, NULL)
INSERT SALESTRANSACTION (TRANID, TRANDATE, TRANTIME, CUSTOMERID, VEHICLEID, PRICE, QUANTITY, AMOUNT, BRANCHID, STAFFID, STATUSID, STATUSREASON) VALUES (CAST(260 AS Numeric(18, 0)), CAST(0x332B0B00 AS Date), CAST(0x070090C385800000 AS Time), CAST(20020 AS Numeric(18, 0)), 197, CAST(60000.00 AS Decimal(18, 2)), 1, CAST(60000.00 AS Decimal(18, 2)), 1, CAST(18030 AS Numeric(18, 0)), 1, NULL)
INSERT SALESTRANSACTION (TRANID, TRANDATE, TRANTIME, CUSTOMERID, VEHICLEID, PRICE, QUANTITY, AMOUNT, BRANCHID, STAFFID, STATUSID, STATUSREASON) VALUES (CAST(261 AS Numeric(18, 0)), CAST(0x4E2B0B00 AS Date), CAST(0x0700C03AC26F0000 AS Time), CAST(20021 AS Numeric(18, 0)), 185, CAST(60000.00 AS Decimal(18, 2)), 1, CAST(60000.00 AS Decimal(18, 2)), 1, CAST(18037 AS Numeric(18, 0)), 1, NULL)
INSERT SALESTRANSACTION (TRANID, TRANDATE, TRANTIME, CUSTOMERID, VEHICLEID, PRICE, QUANTITY, AMOUNT, BRANCHID, STAFFID, STATUSID, STATUSREASON) VALUES (CAST(262 AS Numeric(18, 0)), CAST(0x8A2B0B00 AS Date), CAST(0x070028FF23780000 AS Time), CAST(20022 AS Numeric(18, 0)), 202, CAST(60000.00 AS Decimal(18, 2)), 1, CAST(60000.00 AS Decimal(18, 2)), 6, CAST(20004 AS Numeric(18, 0)), 1, NULL)
INSERT SALESTRANSACTION (TRANID, TRANDATE, TRANTIME, CUSTOMERID, VEHICLEID, PRICE, QUANTITY, AMOUNT, BRANCHID, STAFFID, STATUSID, STATUSREASON) VALUES (CAST(263 AS Numeric(18, 0)), CAST(0xA32B0B00 AS Date), CAST(0x0700C03AC26F0000 AS Time), CAST(20023 AS Numeric(18, 0)), 185, CAST(60000.00 AS Decimal(18, 2)), 1, CAST(60000.00 AS Decimal(18, 2)), 1, CAST(18037 AS Numeric(18, 0)), 1, NULL)
INSERT SALESTRANSACTION (TRANID, TRANDATE, TRANTIME, CUSTOMERID, VEHICLEID, PRICE, QUANTITY, AMOUNT, BRANCHID, STAFFID, STATUSID, STATUSREASON) VALUES (CAST(264 AS Numeric(18, 0)), CAST(0xA32B0B00 AS Date), CAST(0x0700F887E7880000 AS Time), CAST(20024 AS Numeric(18, 0)), 201, CAST(70000.00 AS Decimal(18, 2)), 1, CAST(70000.00 AS Decimal(18, 2)), 6, CAST(19025 AS Numeric(18, 0)), 1, NULL)
INSERT SALESTRANSACTION (TRANID, TRANDATE, TRANTIME, CUSTOMERID, VEHICLEID, PRICE, QUANTITY, AMOUNT, BRANCHID, STAFFID, STATUSID, STATUSREASON) VALUES (CAST(265 AS Numeric(18, 0)), CAST(0xA62B0B00 AS Date), CAST(0x0700587660670000 AS Time), CAST(20025 AS Numeric(18, 0)), 185, CAST(60000.00 AS Decimal(18, 2)), 1, CAST(60000.00 AS Decimal(18, 2)), 1, CAST(18037 AS Numeric(18, 0)), 1, NULL)
INSERT SALESTRANSACTION (TRANID, TRANDATE, TRANTIME, CUSTOMERID, VEHICLEID, PRICE, QUANTITY, AMOUNT, BRANCHID, STAFFID, STATUSID, STATUSREASON) VALUES (CAST(266 AS Numeric(18, 0)), CAST(0xAC2B0B00 AS Date), CAST(0x0700F0B1FE5E0000 AS Time), CAST(20026 AS Numeric(18, 0)), 182, CAST(60000.00 AS Decimal(18, 2)), 1, CAST(60000.00 AS Decimal(18, 2)), 1, CAST(18016 AS Numeric(18, 0)), 1, NULL)
INSERT SALESTRANSACTION (TRANID, TRANDATE, TRANTIME, CUSTOMERID, VEHICLEID, PRICE, QUANTITY, AMOUNT, BRANCHID, STAFFID, STATUSID, STATUSREASON) VALUES (CAST(267 AS Numeric(18, 0)), CAST(0xAC2B0B00 AS Date), CAST(0x0700587660670000 AS Time), CAST(20027 AS Numeric(18, 0)), 190, CAST(45000.00 AS Decimal(18, 2)), 1, CAST(45000.00 AS Decimal(18, 2)), 1, CAST(18012 AS Numeric(18, 0)), 1, NULL)
INSERT SALESTRANSACTION (TRANID, TRANDATE, TRANTIME, CUSTOMERID, VEHICLEID, PRICE, QUANTITY, AMOUNT, BRANCHID, STAFFID, STATUSID, STATUSREASON) VALUES (CAST(268 AS Numeric(18, 0)), CAST(0x242C0B00 AS Date), CAST(0x070090C385800000 AS Time), CAST(20028 AS Numeric(18, 0)), 195, CAST(60000.00 AS Decimal(18, 2)), 1, CAST(60000.00 AS Decimal(18, 2)), 6, CAST(18021 AS Numeric(18, 0)), 1, NULL)
INSERT SALESTRANSACTION (TRANID, TRANDATE, TRANTIME, CUSTOMERID, VEHICLEID, PRICE, QUANTITY, AMOUNT, BRANCHID, STAFFID, STATUSID, STATUSREASON) VALUES (CAST(269 AS Numeric(18, 0)), CAST(0x7A2C0B00 AS Date), CAST(0x0700F0B1FE5E0000 AS Time), CAST(20029 AS Numeric(18, 0)), 183, CAST(60000.00 AS Decimal(18, 2)), 1, CAST(60000.00 AS Decimal(18, 2)), 7, CAST(18017 AS Numeric(18, 0)), 1, NULL)
INSERT SALESTRANSACTION (TRANID, TRANDATE, TRANTIME, CUSTOMERID, VEHICLEID, PRICE, QUANTITY, AMOUNT, BRANCHID, STAFFID, STATUSID, STATUSREASON) VALUES (CAST(270 AS Numeric(18, 0)), CAST(0x7A2C0B00 AS Date), CAST(0x070028FF23780000 AS Time), CAST(20031 AS Numeric(18, 0)), 187, CAST(90000.00 AS Decimal(18, 2)), 1, CAST(90000.00 AS Decimal(18, 2)), 1, CAST(19019 AS Numeric(18, 0)), 1, NULL)
INSERT SALESTRANSACTION (TRANID, TRANDATE, TRANTIME, CUSTOMERID, VEHICLEID, PRICE, QUANTITY, AMOUNT, BRANCHID, STAFFID, STATUSID, STATUSREASON) VALUES (CAST(271 AS Numeric(18, 0)), CAST(0x9B2C0B00 AS Date), CAST(0x0700F0B1FE5E0000 AS Time), CAST(20032 AS Numeric(18, 0)), 184, CAST(90000.00 AS Decimal(18, 2)), 1, CAST(90000.00 AS Decimal(18, 2)), 1, CAST(18019 AS Numeric(18, 0)), 1, NULL)
INSERT SALESTRANSACTION (TRANID, TRANDATE, TRANTIME, CUSTOMERID, VEHICLEID, PRICE, QUANTITY, AMOUNT, BRANCHID, STAFFID, STATUSID, STATUSREASON) VALUES (CAST(272 AS Numeric(18, 0)), CAST(0xA02C0B00 AS Date), CAST(0x0700F0B1FE5E0000 AS Time), CAST(20033 AS Numeric(18, 0)), 191, CAST(60000.00 AS Decimal(18, 2)), 1, CAST(60000.00 AS Decimal(18, 2)), 1, CAST(18014 AS Numeric(18, 0)), 1, NULL)
INSERT SALESTRANSACTION (TRANID, TRANDATE, TRANTIME, CUSTOMERID, VEHICLEID, PRICE, QUANTITY, AMOUNT, BRANCHID, STAFFID, STATUSID, STATUSREASON) VALUES (CAST(273 AS Numeric(18, 0)), CAST(0xA02C0B00 AS Date), CAST(0x070028FF23780000 AS Time), CAST(20034 AS Numeric(18, 0)), 194, CAST(60000.00 AS Decimal(18, 2)), 1, CAST(60000.00 AS Decimal(18, 2)), 1, CAST(18019 AS Numeric(18, 0)), 1, NULL)
INSERT SALESTRANSACTION (TRANID, TRANDATE, TRANTIME, CUSTOMERID, VEHICLEID, PRICE, QUANTITY, AMOUNT, BRANCHID, STAFFID, STATUSID, STATUSREASON) VALUES (CAST(274 AS Numeric(18, 0)), CAST(0xBB2C0B00 AS Date), CAST(0x0700587660670000 AS Time), CAST(20035 AS Numeric(18, 0)), 188, CAST(100000.00 AS Decimal(18, 2)), 1, CAST(100000.00 AS Decimal(18, 2)), 1, CAST(19025 AS Numeric(18, 0)), 1, NULL)
INSERT SALESTRANSACTION (TRANID, TRANDATE, TRANTIME, CUSTOMERID, VEHICLEID, PRICE, QUANTITY, AMOUNT, BRANCHID, STAFFID, STATUSID, STATUSREASON) VALUES (CAST(275 AS Numeric(18, 0)), CAST(0xBF2C0B00 AS Date), CAST(0x0700F0B1FE5E0000 AS Time), CAST(20036 AS Numeric(18, 0)), 181, CAST(69000.00 AS Decimal(18, 2)), 1, CAST(69000.00 AS Decimal(18, 2)), 1, CAST(18014 AS Numeric(18, 0)), 1, NULL)
INSERT SALESTRANSACTION (TRANID, TRANDATE, TRANTIME, CUSTOMERID, VEHICLEID, PRICE, QUANTITY, AMOUNT, BRANCHID, STAFFID, STATUSID, STATUSREASON) VALUES (CAST(276 AS Numeric(18, 0)), CAST(0xF72C0B00 AS Date), CAST(0x0700C03AC26F0000 AS Time), CAST(20037 AS Numeric(18, 0)), 187, CAST(90000.00 AS Decimal(18, 2)), 1, CAST(90000.00 AS Decimal(18, 2)), 1, CAST(19019 AS Numeric(18, 0)), 1, NULL)
INSERT SALESTRANSACTION (TRANID, TRANDATE, TRANTIME, CUSTOMERID, VEHICLEID, PRICE, QUANTITY, AMOUNT, BRANCHID, STAFFID, STATUSID, STATUSREASON) VALUES (CAST(277 AS Numeric(18, 0)), CAST(0xFB2C0B00 AS Date), CAST(0x070090C385800000 AS Time), CAST(20038 AS Numeric(18, 0)), 184, CAST(90000.00 AS Decimal(18, 2)), 1, CAST(90000.00 AS Decimal(18, 2)), 1, CAST(18019 AS Numeric(18, 0)), 1, NULL)
INSERT SALESTRANSACTION (TRANID, TRANDATE, TRANTIME, CUSTOMERID, VEHICLEID, PRICE, QUANTITY, AMOUNT, BRANCHID, STAFFID, STATUSID, STATUSREASON) VALUES (CAST(278 AS Numeric(18, 0)), CAST(0x102D0B00 AS Date), CAST(0x0700587660670000 AS Time), CAST(20039 AS Numeric(18, 0)), 191, CAST(60000.00 AS Decimal(18, 2)), 1, CAST(60000.00 AS Decimal(18, 2)), 1, CAST(18014 AS Numeric(18, 0)), 1, NULL)
INSERT SALESTRANSACTION (TRANID, TRANDATE, TRANTIME, CUSTOMERID, VEHICLEID, PRICE, QUANTITY, AMOUNT, BRANCHID, STAFFID, STATUSID, STATUSREASON) VALUES (CAST(279 AS Numeric(18, 0)), CAST(0x192D0B00 AS Date), CAST(0x070028FF23780000 AS Time), CAST(20040 AS Numeric(18, 0)), 194, CAST(60000.00 AS Decimal(18, 2)), 1, CAST(60000.00 AS Decimal(18, 2)), 1, CAST(18019 AS Numeric(18, 0)), 1, NULL)
INSERT SALESTRANSACTION (TRANID, TRANDATE, TRANTIME, CUSTOMERID, VEHICLEID, PRICE, QUANTITY, AMOUNT, BRANCHID, STAFFID, STATUSID, STATUSREASON) VALUES (CAST(280 AS Numeric(18, 0)), CAST(0xB02D0B00 AS Date), CAST(0x0700F887E7880000 AS Time), CAST(20041 AS Numeric(18, 0)), 188, CAST(100000.00 AS Decimal(18, 2)), 1, CAST(100000.00 AS Decimal(18, 2)), 1, CAST(19025 AS Numeric(18, 0)), 1, NULL)
INSERT SALESTRANSACTION (TRANID, TRANDATE, TRANTIME, CUSTOMERID, VEHICLEID, PRICE, QUANTITY, AMOUNT, BRANCHID, STAFFID, STATUSID, STATUSREASON) VALUES (CAST(281 AS Numeric(18, 0)), CAST(0xE72D0B00 AS Date), CAST(0x0700C03AC26F0000 AS Time), CAST(20042 AS Numeric(18, 0)), 181, CAST(69000.00 AS Decimal(18, 2)), 1, CAST(69000.00 AS Decimal(18, 2)), 1, CAST(18014 AS Numeric(18, 0)), 1, NULL)
INSERT SALESTRANSACTION (TRANID, TRANDATE, TRANTIME, CUSTOMERID, VEHICLEID, PRICE, QUANTITY, AMOUNT, BRANCHID, STAFFID, STATUSID, STATUSREASON) VALUES (CAST(282 AS Numeric(18, 0)), CAST(0xF02D0B00 AS Date), CAST(0x0700F887E7880000 AS Time), CAST(20043 AS Numeric(18, 0)), 193, CAST(60000.00 AS Decimal(18, 2)), 1, CAST(60000.00 AS Decimal(18, 2)), 1, CAST(18017 AS Numeric(18, 0)), 1, NULL)
INSERT SALESTRANSACTION (TRANID, TRANDATE, TRANTIME, CUSTOMERID, VEHICLEID, PRICE, QUANTITY, AMOUNT, BRANCHID, STAFFID, STATUSID, STATUSREASON) VALUES (CAST(283 AS Numeric(18, 0)), CAST(0x082E0B00 AS Date), CAST(0x0700587660670000 AS Time), CAST(20044 AS Numeric(18, 0)), 185, CAST(60000.00 AS Decimal(18, 2)), 1, CAST(60000.00 AS Decimal(18, 2)), 1, CAST(18037 AS Numeric(18, 0)), 1, NULL)
INSERT SALESTRANSACTION (TRANID, TRANDATE, TRANTIME, CUSTOMERID, VEHICLEID, PRICE, QUANTITY, AMOUNT, BRANCHID, STAFFID, STATUSID, STATUSREASON) VALUES (CAST(284 AS Numeric(18, 0)), CAST(0x282E0B00 AS Date), CAST(0x0700C03AC26F0000 AS Time), CAST(20045 AS Numeric(18, 0)), 186, CAST(60000.00 AS Decimal(18, 2)), 1, CAST(60000.00 AS Decimal(18, 2)), 6, CAST(19015 AS Numeric(18, 0)), 1, NULL)
INSERT SALESTRANSACTION (TRANID, TRANDATE, TRANTIME, CUSTOMERID, VEHICLEID, PRICE, QUANTITY, AMOUNT, BRANCHID, STAFFID, STATUSID, STATUSREASON) VALUES (CAST(285 AS Numeric(18, 0)), CAST(0x2C2E0B00 AS Date), CAST(0x0700C03AC26F0000 AS Time), CAST(20046 AS Numeric(18, 0)), 180, CAST(60000.00 AS Decimal(18, 2)), 1, CAST(60000.00 AS Decimal(18, 2)), 7, CAST(18012 AS Numeric(18, 0)), 1, NULL)
INSERT SALESTRANSACTION (TRANID, TRANDATE, TRANTIME, CUSTOMERID, VEHICLEID, PRICE, QUANTITY, AMOUNT, BRANCHID, STAFFID, STATUSID, STATUSREASON) VALUES (CAST(286 AS Numeric(18, 0)), CAST(0x642E0B00 AS Date), CAST(0x070028FF23780000 AS Time), CAST(20047 AS Numeric(18, 0)), 192, CAST(78000.00 AS Decimal(18, 2)), 1, CAST(78000.00 AS Decimal(18, 2)), 6, CAST(18016 AS Numeric(18, 0)), 1, NULL)
INSERT SALESTRANSACTION (TRANID, TRANDATE, TRANTIME, CUSTOMERID, VEHICLEID, PRICE, QUANTITY, AMOUNT, BRANCHID, STAFFID, STATUSID, STATUSREASON) VALUES (CAST(287 AS Numeric(18, 0)), CAST(0x7D2E0B00 AS Date), CAST(0x070090C385800000 AS Time), CAST(20048 AS Numeric(18, 0)), 189, CAST(60000.00 AS Decimal(18, 2)), 1, CAST(60000.00 AS Decimal(18, 2)), 7, CAST(20004 AS Numeric(18, 0)), 1, NULL)
INSERT SALESTRANSACTION (TRANID, TRANDATE, TRANTIME, CUSTOMERID, VEHICLEID, PRICE, QUANTITY, AMOUNT, BRANCHID, STAFFID, STATUSID, STATUSREASON) VALUES (CAST(288 AS Numeric(18, 0)), CAST(0x862E0B00 AS Date), CAST(0x0700F0B1FE5E0000 AS Time), CAST(20049 AS Numeric(18, 0)), 197, CAST(60000.00 AS Decimal(18, 2)), 1, CAST(60000.00 AS Decimal(18, 2)), 1, CAST(18030 AS Numeric(18, 0)), 1, NULL)
INSERT SALESTRANSACTION (TRANID, TRANDATE, TRANTIME, CUSTOMERID, VEHICLEID, PRICE, QUANTITY, AMOUNT, BRANCHID, STAFFID, STATUSID, STATUSREASON) VALUES (CAST(289 AS Numeric(18, 0)), CAST(0xFE2E0B00 AS Date), CAST(0x0700F0B1FE5E0000 AS Time), CAST(20050 AS Numeric(18, 0)), 185, CAST(60000.00 AS Decimal(18, 2)), 1, CAST(60000.00 AS Decimal(18, 2)), 1, CAST(18037 AS Numeric(18, 0)), 1, NULL)
INSERT SALESTRANSACTION (TRANID, TRANDATE, TRANTIME, CUSTOMERID, VEHICLEID, PRICE, QUANTITY, AMOUNT, BRANCHID, STAFFID, STATUSID, STATUSREASON) VALUES (CAST(290 AS Numeric(18, 0)), CAST(0x1D2F0B00 AS Date), CAST(0x0700587660670000 AS Time), CAST(20051 AS Numeric(18, 0)), 202, CAST(60000.00 AS Decimal(18, 2)), 1, CAST(60000.00 AS Decimal(18, 2)), 6, CAST(20004 AS Numeric(18, 0)), 1, NULL)
INSERT SALESTRANSACTION (TRANID, TRANDATE, TRANTIME, CUSTOMERID, VEHICLEID, PRICE, QUANTITY, AMOUNT, BRANCHID, STAFFID, STATUSID, STATUSREASON) VALUES (CAST(291 AS Numeric(18, 0)), CAST(0x542F0B00 AS Date), CAST(0x0700F887E7880000 AS Time), CAST(20052 AS Numeric(18, 0)), 185, CAST(60000.00 AS Decimal(18, 2)), 1, CAST(60000.00 AS Decimal(18, 2)), 1, CAST(18037 AS Numeric(18, 0)), 1, NULL)
INSERT SALESTRANSACTION (TRANID, TRANDATE, TRANTIME, CUSTOMERID, VEHICLEID, PRICE, QUANTITY, AMOUNT, BRANCHID, STAFFID, STATUSID, STATUSREASON) VALUES (CAST(292 AS Numeric(18, 0)), CAST(0x7A2F0B00 AS Date), CAST(0x0700F887E7880000 AS Time), CAST(20053 AS Numeric(18, 0)), 201, CAST(70000.00 AS Decimal(18, 2)), 1, CAST(70000.00 AS Decimal(18, 2)), 6, CAST(19025 AS Numeric(18, 0)), 1, NULL)
INSERT SALESTRANSACTION (TRANID, TRANDATE, TRANTIME, CUSTOMERID, VEHICLEID, PRICE, QUANTITY, AMOUNT, BRANCHID, STAFFID, STATUSID, STATUSREASON) VALUES (CAST(293 AS Numeric(18, 0)), CAST(0xD62F0B00 AS Date), CAST(0x070028FF23780000 AS Time), CAST(20056 AS Numeric(18, 0)), 185, CAST(60000.00 AS Decimal(18, 2)), 1, CAST(60000.00 AS Decimal(18, 2)), 1, CAST(18037 AS Numeric(18, 0)), 1, NULL)
INSERT SALESTRANSACTION (TRANID, TRANDATE, TRANTIME, CUSTOMERID, VEHICLEID, PRICE, QUANTITY, AMOUNT, BRANCHID, STAFFID, STATUSID, STATUSREASON) VALUES (CAST(294 AS Numeric(18, 0)), CAST(0xEB2F0B00 AS Date), CAST(0x0700F0B1FE5E0000 AS Time), CAST(20057 AS Numeric(18, 0)), 185, CAST(60000.00 AS Decimal(18, 2)), 1, CAST(60000.00 AS Decimal(18, 2)), 1, CAST(18037 AS Numeric(18, 0)), 1, NULL)
INSERT SALESTRANSACTION (TRANID, TRANDATE, TRANTIME, CUSTOMERID, VEHICLEID, PRICE, QUANTITY, AMOUNT, BRANCHID, STAFFID, STATUSID, STATUSREASON) VALUES (CAST(295 AS Numeric(18, 0)), CAST(0xC2300B00 AS Date), CAST(0x0700587660670000 AS Time), CAST(20058 AS Numeric(18, 0)), 202, CAST(60000.00 AS Decimal(18, 2)), 1, CAST(60000.00 AS Decimal(18, 2)), 6, CAST(20004 AS Numeric(18, 0)), 1, NULL)
INSERT SALESTRANSACTION (TRANID, TRANDATE, TRANTIME, CUSTOMERID, VEHICLEID, PRICE, QUANTITY, AMOUNT, BRANCHID, STAFFID, STATUSID, STATUSREASON) VALUES (CAST(296 AS Numeric(18, 0)), CAST(0xCB300B00 AS Date), CAST(0x070090C385800000 AS Time), CAST(20059 AS Numeric(18, 0)), 198, CAST(60000.00 AS Decimal(18, 2)), 1, CAST(60000.00 AS Decimal(18, 2)), 7, CAST(18037 AS Numeric(18, 0)), 1, NULL)
INSERT SALESTRANSACTION (TRANID, TRANDATE, TRANTIME, CUSTOMERID, VEHICLEID, PRICE, QUANTITY, AMOUNT, BRANCHID, STAFFID, STATUSID, STATUSREASON) VALUES (CAST(297 AS Numeric(18, 0)), CAST(0xE3300B00 AS Date), CAST(0x0700C03AC26F0000 AS Time), CAST(20060 AS Numeric(18, 0)), 200, CAST(60000.00 AS Decimal(18, 2)), 1, CAST(60000.00 AS Decimal(18, 2)), 1, CAST(19019 AS Numeric(18, 0)), 1, NULL)
INSERT SALESTRANSACTION (TRANID, TRANDATE, TRANTIME, CUSTOMERID, VEHICLEID, PRICE, QUANTITY, AMOUNT, BRANCHID, STAFFID, STATUSID, STATUSREASON) VALUES (CAST(298 AS Numeric(18, 0)), CAST(0xE8300B00 AS Date), CAST(0x0700587660670000 AS Time), CAST(20062 AS Numeric(18, 0)), 185, CAST(60000.00 AS Decimal(18, 2)), 1, CAST(60000.00 AS Decimal(18, 2)), 1, CAST(18037 AS Numeric(18, 0)), 1, NULL)
INSERT SALESTRANSACTION (TRANID, TRANDATE, TRANTIME, CUSTOMERID, VEHICLEID, PRICE, QUANTITY, AMOUNT, BRANCHID, STAFFID, STATUSID, STATUSREASON) VALUES (CAST(299 AS Numeric(18, 0)), CAST(0x03310B00 AS Date), CAST(0x070028FF23780000 AS Time), CAST(20063 AS Numeric(18, 0)), 202, CAST(60000.00 AS Decimal(18, 2)), 1, CAST(60000.00 AS Decimal(18, 2)), 6, CAST(20004 AS Numeric(18, 0)), 1, NULL)
INSERT SALESTRANSACTION (TRANID, TRANDATE, TRANTIME, CUSTOMERID, VEHICLEID, PRICE, QUANTITY, AMOUNT, BRANCHID, STAFFID, STATUSID, STATUSREASON) VALUES (CAST(300 AS Numeric(18, 0)), CAST(0x07310B00 AS Date), CAST(0x070090C385800000 AS Time), CAST(20064 AS Numeric(18, 0)), 199, CAST(90000.00 AS Decimal(18, 2)), 1, CAST(90000.00 AS Decimal(18, 2)), 1, CAST(19015 AS Numeric(18, 0)), 1, NULL)
INSERT SALESTRANSACTION (TRANID, TRANDATE, TRANTIME, CUSTOMERID, VEHICLEID, PRICE, QUANTITY, AMOUNT, BRANCHID, STAFFID, STATUSID, STATUSREASON) VALUES (CAST(301 AS Numeric(18, 0)), CAST(0x3F310B00 AS Date), CAST(0x070090C385800000 AS Time), CAST(20065 AS Numeric(18, 0)), 192, CAST(78000.00 AS Decimal(18, 2)), 1, CAST(78000.00 AS Decimal(18, 2)), 6, CAST(18016 AS Numeric(18, 0)), 1, NULL)
INSERT SALESTRANSACTION (TRANID, TRANDATE, TRANTIME, CUSTOMERID, VEHICLEID, PRICE, QUANTITY, AMOUNT, BRANCHID, STAFFID, STATUSID, STATUSREASON) VALUES (CAST(302 AS Numeric(18, 0)), CAST(0x58310B00 AS Date), CAST(0x070028FF23780000 AS Time), CAST(20066 AS Numeric(18, 0)), 189, CAST(60000.00 AS Decimal(18, 2)), 1, CAST(60000.00 AS Decimal(18, 2)), 7, CAST(20004 AS Numeric(18, 0)), 1, NULL)
INSERT SALESTRANSACTION (TRANID, TRANDATE, TRANTIME, CUSTOMERID, VEHICLEID, PRICE, QUANTITY, AMOUNT, BRANCHID, STAFFID, STATUSID, STATUSREASON) VALUES (CAST(303 AS Numeric(18, 0)), CAST(0x61310B00 AS Date), CAST(0x0700587660670000 AS Time), CAST(20067 AS Numeric(18, 0)), 197, CAST(60000.00 AS Decimal(18, 2)), 1, CAST(60000.00 AS Decimal(18, 2)), 1, CAST(18030 AS Numeric(18, 0)), 1, NULL)
GO
print 'Processed 300 total records'
INSERT SALESTRANSACTION (TRANID, TRANDATE, TRANTIME, CUSTOMERID, VEHICLEID, PRICE, QUANTITY, AMOUNT, BRANCHID, STAFFID, STATUSID, STATUSREASON) VALUES (CAST(304 AS Numeric(18, 0)), CAST(0x61310B00 AS Date), CAST(0x0700C03AC26F0000 AS Time), CAST(20068 AS Numeric(18, 0)), 185, CAST(60000.00 AS Decimal(18, 2)), 1, CAST(60000.00 AS Decimal(18, 2)), 1, CAST(18037 AS Numeric(18, 0)), 1, NULL)
INSERT SALESTRANSACTION (TRANID, TRANDATE, TRANTIME, CUSTOMERID, VEHICLEID, PRICE, QUANTITY, AMOUNT, BRANCHID, STAFFID, STATUSID, STATUSREASON) VALUES (CAST(305 AS Numeric(18, 0)), CAST(0x80310B00 AS Date), CAST(0x0700F887E7880000 AS Time), CAST(20069 AS Numeric(18, 0)), 182, CAST(60000.00 AS Decimal(18, 2)), 1, CAST(60000.00 AS Decimal(18, 2)), 1, CAST(18016 AS Numeric(18, 0)), 1, NULL)
INSERT SALESTRANSACTION (TRANID, TRANDATE, TRANTIME, CUSTOMERID, VEHICLEID, PRICE, QUANTITY, AMOUNT, BRANCHID, STAFFID, STATUSID, STATUSREASON) VALUES (CAST(306 AS Numeric(18, 0)), CAST(0xD9310B00 AS Date), CAST(0x0700F887E7880000 AS Time), CAST(20072 AS Numeric(18, 0)), 190, CAST(45000.00 AS Decimal(18, 2)), 1, CAST(45000.00 AS Decimal(18, 2)), 1, CAST(18012 AS Numeric(18, 0)), 1, NULL)
INSERT SALESTRANSACTION (TRANID, TRANDATE, TRANTIME, CUSTOMERID, VEHICLEID, PRICE, QUANTITY, AMOUNT, BRANCHID, STAFFID, STATUSID, STATUSREASON) VALUES (CAST(307 AS Numeric(18, 0)), CAST(0xF8310B00 AS Date), CAST(0x0700F0B1FE5E0000 AS Time), CAST(20073 AS Numeric(18, 0)), 195, CAST(60000.00 AS Decimal(18, 2)), 1, CAST(60000.00 AS Decimal(18, 2)), 6, CAST(18021 AS Numeric(18, 0)), 1, NULL)
INSERT SALESTRANSACTION (TRANID, TRANDATE, TRANTIME, CUSTOMERID, VEHICLEID, PRICE, QUANTITY, AMOUNT, BRANCHID, STAFFID, STATUSID, STATUSREASON) VALUES (CAST(308 AS Numeric(18, 0)), CAST(0x2F320B00 AS Date), CAST(0x0700F0B1FE5E0000 AS Time), CAST(20074 AS Numeric(18, 0)), 183, CAST(60000.00 AS Decimal(18, 2)), 1, CAST(60000.00 AS Decimal(18, 2)), 7, CAST(18017 AS Numeric(18, 0)), 1, NULL)
INSERT SALESTRANSACTION (TRANID, TRANDATE, TRANTIME, CUSTOMERID, VEHICLEID, PRICE, QUANTITY, AMOUNT, BRANCHID, STAFFID, STATUSID, STATUSREASON) VALUES (CAST(309 AS Numeric(18, 0)), CAST(0x38320B00 AS Date), CAST(0x0700F0B1FE5E0000 AS Time), CAST(20076 AS Numeric(18, 0)), 187, CAST(90000.00 AS Decimal(18, 2)), 1, CAST(90000.00 AS Decimal(18, 2)), 1, CAST(19019 AS Numeric(18, 0)), 1, NULL)
INSERT SALESTRANSACTION (TRANID, TRANDATE, TRANTIME, CUSTOMERID, VEHICLEID, PRICE, QUANTITY, AMOUNT, BRANCHID, STAFFID, STATUSID, STATUSREASON) VALUES (CAST(310 AS Numeric(18, 0)), CAST(0x50320B00 AS Date), CAST(0x0700C03AC26F0000 AS Time), CAST(20077 AS Numeric(18, 0)), 184, CAST(90000.00 AS Decimal(18, 2)), 1, CAST(90000.00 AS Decimal(18, 2)), 1, CAST(18019 AS Numeric(18, 0)), 1, NULL)
INSERT SALESTRANSACTION (TRANID, TRANDATE, TRANTIME, CUSTOMERID, VEHICLEID, PRICE, QUANTITY, AMOUNT, BRANCHID, STAFFID, STATUSID, STATUSREASON) VALUES (CAST(311 AS Numeric(18, 0)), CAST(0x55320B00 AS Date), CAST(0x070090C385800000 AS Time), CAST(20079 AS Numeric(18, 0)), 191, CAST(60000.00 AS Decimal(18, 2)), 1, CAST(60000.00 AS Decimal(18, 2)), 1, CAST(18014 AS Numeric(18, 0)), 1, NULL)
INSERT SALESTRANSACTION (TRANID, TRANDATE, TRANTIME, CUSTOMERID, VEHICLEID, PRICE, QUANTITY, AMOUNT, BRANCHID, STAFFID, STATUSID, STATUSREASON) VALUES (CAST(312 AS Numeric(18, 0)), CAST(0x70320B00 AS Date), CAST(0x0700C03AC26F0000 AS Time), CAST(20086 AS Numeric(18, 0)), 194, CAST(60000.00 AS Decimal(18, 2)), 1, CAST(60000.00 AS Decimal(18, 2)), 1, CAST(18019 AS Numeric(18, 0)), 1, NULL)
INSERT SALESTRANSACTION (TRANID, TRANDATE, TRANTIME, CUSTOMERID, VEHICLEID, PRICE, QUANTITY, AMOUNT, BRANCHID, STAFFID, STATUSID, STATUSREASON) VALUES (CAST(313 AS Numeric(18, 0)), CAST(0x70320B00 AS Date), CAST(0x070028FF23780000 AS Time), CAST(20088 AS Numeric(18, 0)), 188, CAST(100000.00 AS Decimal(18, 2)), 1, CAST(100000.00 AS Decimal(18, 2)), 1, CAST(19025 AS Numeric(18, 0)), 1, NULL)
INSERT SALESTRANSACTION (TRANID, TRANDATE, TRANTIME, CUSTOMERID, VEHICLEID, PRICE, QUANTITY, AMOUNT, BRANCHID, STAFFID, STATUSID, STATUSREASON) VALUES (CAST(314 AS Numeric(18, 0)), CAST(0x74320B00 AS Date), CAST(0x070028FF23780000 AS Time), CAST(20090 AS Numeric(18, 0)), 181, CAST(69000.00 AS Decimal(18, 2)), 1, CAST(69000.00 AS Decimal(18, 2)), 1, CAST(18014 AS Numeric(18, 0)), 1, NULL)
INSERT SALESTRANSACTION (TRANID, TRANDATE, TRANTIME, CUSTOMERID, VEHICLEID, PRICE, QUANTITY, AMOUNT, BRANCHID, STAFFID, STATUSID, STATUSREASON) VALUES (CAST(315 AS Numeric(18, 0)), CAST(0xAC320B00 AS Date), CAST(0x0700F0B1FE5E0000 AS Time), CAST(20091 AS Numeric(18, 0)), 193, CAST(60000.00 AS Decimal(18, 2)), 1, CAST(60000.00 AS Decimal(18, 2)), 1, CAST(18017 AS Numeric(18, 0)), 1, NULL)
INSERT SALESTRANSACTION (TRANID, TRANDATE, TRANTIME, CUSTOMERID, VEHICLEID, PRICE, QUANTITY, AMOUNT, BRANCHID, STAFFID, STATUSID, STATUSREASON) VALUES (CAST(316 AS Numeric(18, 0)), CAST(0xAC320B00 AS Date), CAST(0x070028FF23780000 AS Time), CAST(20092 AS Numeric(18, 0)), 185, CAST(60000.00 AS Decimal(18, 2)), 1, CAST(60000.00 AS Decimal(18, 2)), 1, CAST(18037 AS Numeric(18, 0)), 1, NULL)
INSERT SALESTRANSACTION (TRANID, TRANDATE, TRANTIME, CUSTOMERID, VEHICLEID, PRICE, QUANTITY, AMOUNT, BRANCHID, STAFFID, STATUSID, STATUSREASON) VALUES (CAST(317 AS Numeric(18, 0)), CAST(0xC5320B00 AS Date), CAST(0x0700C03AC26F0000 AS Time), CAST(20093 AS Numeric(18, 0)), 186, CAST(60000.00 AS Decimal(18, 2)), 1, CAST(60000.00 AS Decimal(18, 2)), 6, CAST(19015 AS Numeric(18, 0)), 1, NULL)
INSERT SALESTRANSACTION (TRANID, TRANDATE, TRANTIME, CUSTOMERID, VEHICLEID, PRICE, QUANTITY, AMOUNT, BRANCHID, STAFFID, STATUSID, STATUSREASON) VALUES (CAST(318 AS Numeric(18, 0)), CAST(0xC5320B00 AS Date), CAST(0x0700F887E7880000 AS Time), CAST(20094 AS Numeric(18, 0)), 180, CAST(60000.00 AS Decimal(18, 2)), 1, CAST(60000.00 AS Decimal(18, 2)), 7, CAST(18012 AS Numeric(18, 0)), 1, NULL)
INSERT SALESTRANSACTION (TRANID, TRANDATE, TRANTIME, CUSTOMERID, VEHICLEID, PRICE, QUANTITY, AMOUNT, BRANCHID, STAFFID, STATUSID, STATUSREASON) VALUES (CAST(319 AS Numeric(18, 0)), CAST(0xC8320B00 AS Date), CAST(0x0700587660670000 AS Time), CAST(20095 AS Numeric(18, 0)), 192, CAST(78000.00 AS Decimal(18, 2)), 1, CAST(78000.00 AS Decimal(18, 2)), 6, CAST(18016 AS Numeric(18, 0)), 1, NULL)
INSERT SALESTRANSACTION (TRANID, TRANDATE, TRANTIME, CUSTOMERID, VEHICLEID, PRICE, QUANTITY, AMOUNT, BRANCHID, STAFFID, STATUSID, STATUSREASON) VALUES (CAST(320 AS Numeric(18, 0)), CAST(0xCE320B00 AS Date), CAST(0x0700F0B1FE5E0000 AS Time), CAST(20096 AS Numeric(18, 0)), 189, CAST(60000.00 AS Decimal(18, 2)), 1, CAST(60000.00 AS Decimal(18, 2)), 7, CAST(20004 AS Numeric(18, 0)), 1, NULL)
INSERT SALESTRANSACTION (TRANID, TRANDATE, TRANTIME, CUSTOMERID, VEHICLEID, PRICE, QUANTITY, AMOUNT, BRANCHID, STAFFID, STATUSID, STATUSREASON) VALUES (CAST(321 AS Numeric(18, 0)), CAST(0xCE320B00 AS Date), CAST(0x0700587660670000 AS Time), CAST(20097 AS Numeric(18, 0)), 197, CAST(60000.00 AS Decimal(18, 2)), 1, CAST(60000.00 AS Decimal(18, 2)), 1, CAST(18030 AS Numeric(18, 0)), 1, NULL)
INSERT SALESTRANSACTION (TRANID, TRANDATE, TRANTIME, CUSTOMERID, VEHICLEID, PRICE, QUANTITY, AMOUNT, BRANCHID, STAFFID, STATUSID, STATUSREASON) VALUES (CAST(322 AS Numeric(18, 0)), CAST(0xED320B00 AS Date), CAST(0x070090C385800000 AS Time), CAST(19002 AS Numeric(18, 0)), 185, CAST(60000.00 AS Decimal(18, 2)), 1, CAST(60000.00 AS Decimal(18, 2)), 1, CAST(18037 AS Numeric(18, 0)), 1, NULL)
INSERT SALESTRANSACTION (TRANID, TRANDATE, TRANTIME, CUSTOMERID, VEHICLEID, PRICE, QUANTITY, AMOUNT, BRANCHID, STAFFID, STATUSID, STATUSREASON) VALUES (CAST(323 AS Numeric(18, 0)), CAST(0x46330B00 AS Date), CAST(0x0700587660670000 AS Time), CAST(20001 AS Numeric(18, 0)), 202, CAST(60000.00 AS Decimal(18, 2)), 1, CAST(60000.00 AS Decimal(18, 2)), 6, CAST(20004 AS Numeric(18, 0)), 1, NULL)
INSERT SALESTRANSACTION (TRANID, TRANDATE, TRANTIME, CUSTOMERID, VEHICLEID, PRICE, QUANTITY, AMOUNT, BRANCHID, STAFFID, STATUSID, STATUSREASON) VALUES (CAST(324 AS Numeric(18, 0)), CAST(0x65330B00 AS Date), CAST(0x0700C03AC26F0000 AS Time), CAST(20002 AS Numeric(18, 0)), 185, CAST(60000.00 AS Decimal(18, 2)), 1, CAST(60000.00 AS Decimal(18, 2)), 1, CAST(18037 AS Numeric(18, 0)), 1, NULL)
INSERT SALESTRANSACTION (TRANID, TRANDATE, TRANTIME, CUSTOMERID, VEHICLEID, PRICE, QUANTITY, AMOUNT, BRANCHID, STAFFID, STATUSID, STATUSREASON) VALUES (CAST(325 AS Numeric(18, 0)), CAST(0x9C330B00 AS Date), CAST(0x0700F0B1FE5E0000 AS Time), CAST(20004 AS Numeric(18, 0)), 201, CAST(70000.00 AS Decimal(18, 2)), 1, CAST(70000.00 AS Decimal(18, 2)), 6, CAST(19025 AS Numeric(18, 0)), 1, NULL)
INSERT SALESTRANSACTION (TRANID, TRANDATE, TRANTIME, CUSTOMERID, VEHICLEID, PRICE, QUANTITY, AMOUNT, BRANCHID, STAFFID, STATUSID, STATUSREASON) VALUES (CAST(326 AS Numeric(18, 0)), CAST(0x9C330B00 AS Date), CAST(0x070028FF23780000 AS Time), CAST(20005 AS Numeric(18, 0)), 185, CAST(60000.00 AS Decimal(18, 2)), 1, CAST(60000.00 AS Decimal(18, 2)), 1, CAST(18037 AS Numeric(18, 0)), 1, NULL)
INSERT SALESTRANSACTION (TRANID, TRANDATE, TRANTIME, CUSTOMERID, VEHICLEID, PRICE, QUANTITY, AMOUNT, BRANCHID, STAFFID, STATUSID, STATUSREASON) VALUES (CAST(327 AS Numeric(18, 0)), CAST(0xBD330B00 AS Date), CAST(0x070028FF23780000 AS Time), CAST(20006 AS Numeric(18, 0)), 182, CAST(60000.00 AS Decimal(18, 2)), 1, CAST(60000.00 AS Decimal(18, 2)), 1, CAST(18016 AS Numeric(18, 0)), 1, NULL)
INSERT SALESTRANSACTION (TRANID, TRANDATE, TRANTIME, CUSTOMERID, VEHICLEID, PRICE, QUANTITY, AMOUNT, BRANCHID, STAFFID, STATUSID, STATUSREASON) VALUES (CAST(328 AS Numeric(18, 0)), CAST(0xC2330B00 AS Date), CAST(0x0700F0B1FE5E0000 AS Time), CAST(20007 AS Numeric(18, 0)), 190, CAST(45000.00 AS Decimal(18, 2)), 1, CAST(45000.00 AS Decimal(18, 2)), 1, CAST(18012 AS Numeric(18, 0)), 1, NULL)
INSERT SALESTRANSACTION (TRANID, TRANDATE, TRANTIME, CUSTOMERID, VEHICLEID, PRICE, QUANTITY, AMOUNT, BRANCHID, STAFFID, STATUSID, STATUSREASON) VALUES (CAST(329 AS Numeric(18, 0)), CAST(0xDD330B00 AS Date), CAST(0x070090C385800000 AS Time), CAST(20008 AS Numeric(18, 0)), 195, CAST(60000.00 AS Decimal(18, 2)), 1, CAST(60000.00 AS Decimal(18, 2)), 6, CAST(18021 AS Numeric(18, 0)), 1, NULL)
INSERT SALESTRANSACTION (TRANID, TRANDATE, TRANTIME, CUSTOMERID, VEHICLEID, PRICE, QUANTITY, AMOUNT, BRANCHID, STAFFID, STATUSID, STATUSREASON) VALUES (CAST(330 AS Numeric(18, 0)), CAST(0xE1330B00 AS Date), CAST(0x0700F887E7880000 AS Time), CAST(20010 AS Numeric(18, 0)), 183, CAST(60000.00 AS Decimal(18, 2)), 1, CAST(60000.00 AS Decimal(18, 2)), 7, CAST(18017 AS Numeric(18, 0)), 1, NULL)
INSERT SALESTRANSACTION (TRANID, TRANDATE, TRANTIME, CUSTOMERID, VEHICLEID, PRICE, QUANTITY, AMOUNT, BRANCHID, STAFFID, STATUSID, STATUSREASON) VALUES (CAST(331 AS Numeric(18, 0)), CAST(0x19340B00 AS Date), CAST(0x0700F887E7880000 AS Time), CAST(20011 AS Numeric(18, 0)), 187, CAST(90000.00 AS Decimal(18, 2)), 1, CAST(90000.00 AS Decimal(18, 2)), 1, CAST(19019 AS Numeric(18, 0)), 1, NULL)
INSERT SALESTRANSACTION (TRANID, TRANDATE, TRANTIME, CUSTOMERID, VEHICLEID, PRICE, QUANTITY, AMOUNT, BRANCHID, STAFFID, STATUSID, STATUSREASON) VALUES (CAST(332 AS Numeric(18, 0)), CAST(0x32340B00 AS Date), CAST(0x0700F0B1FE5E0000 AS Time), CAST(20012 AS Numeric(18, 0)), 184, CAST(90000.00 AS Decimal(18, 2)), 1, CAST(90000.00 AS Decimal(18, 2)), 1, CAST(18019 AS Numeric(18, 0)), 1, NULL)
INSERT SALESTRANSACTION (TRANID, TRANDATE, TRANTIME, CUSTOMERID, VEHICLEID, PRICE, QUANTITY, AMOUNT, BRANCHID, STAFFID, STATUSID, STATUSREASON) VALUES (CAST(333 AS Numeric(18, 0)), CAST(0x32340B00 AS Date), CAST(0x0700587660670000 AS Time), CAST(20013 AS Numeric(18, 0)), 191, CAST(60000.00 AS Decimal(18, 2)), 1, CAST(60000.00 AS Decimal(18, 2)), 1, CAST(18014 AS Numeric(18, 0)), 1, NULL)
INSERT SALESTRANSACTION (TRANID, TRANDATE, TRANTIME, CUSTOMERID, VEHICLEID, PRICE, QUANTITY, AMOUNT, BRANCHID, STAFFID, STATUSID, STATUSREASON) VALUES (CAST(334 AS Numeric(18, 0)), CAST(0x3B340B00 AS Date), CAST(0x0700C03AC26F0000 AS Time), CAST(20014 AS Numeric(18, 0)), 194, CAST(60000.00 AS Decimal(18, 2)), 1, CAST(60000.00 AS Decimal(18, 2)), 1, CAST(18019 AS Numeric(18, 0)), 1, NULL)
INSERT SALESTRANSACTION (TRANID, TRANDATE, TRANTIME, CUSTOMERID, VEHICLEID, PRICE, QUANTITY, AMOUNT, BRANCHID, STAFFID, STATUSID, STATUSREASON) VALUES (CAST(335 AS Numeric(18, 0)), CAST(0x3B340B00 AS Date), CAST(0x070028FF23780000 AS Time), CAST(20015 AS Numeric(18, 0)), 188, CAST(100000.00 AS Decimal(18, 2)), 1, CAST(100000.00 AS Decimal(18, 2)), 1, CAST(19025 AS Numeric(18, 0)), 1, NULL)
INSERT SALESTRANSACTION (TRANID, TRANDATE, TRANTIME, CUSTOMERID, VEHICLEID, PRICE, QUANTITY, AMOUNT, BRANCHID, STAFFID, STATUSID, STATUSREASON) VALUES (CAST(336 AS Numeric(18, 0)), CAST(0xB3340B00 AS Date), CAST(0x0700F0B1FE5E0000 AS Time), CAST(20016 AS Numeric(18, 0)), 181, CAST(69000.00 AS Decimal(18, 2)), 1, CAST(69000.00 AS Decimal(18, 2)), 1, CAST(18014 AS Numeric(18, 0)), 1, NULL)
INSERT SALESTRANSACTION (TRANID, TRANDATE, TRANTIME, CUSTOMERID, VEHICLEID, PRICE, QUANTITY, AMOUNT, BRANCHID, STAFFID, STATUSID, STATUSREASON) VALUES (CAST(337 AS Numeric(18, 0)), CAST(0xD2340B00 AS Date), CAST(0x070090C385800000 AS Time), CAST(19002 AS Numeric(18, 0)), 193, CAST(60000.00 AS Decimal(18, 2)), 1, CAST(60000.00 AS Decimal(18, 2)), 1, CAST(18017 AS Numeric(18, 0)), 1, NULL)
INSERT SALESTRANSACTION (TRANID, TRANDATE, TRANTIME, CUSTOMERID, VEHICLEID, PRICE, QUANTITY, AMOUNT, BRANCHID, STAFFID, STATUSID, STATUSREASON) VALUES (CAST(338 AS Numeric(18, 0)), CAST(0x09350B00 AS Date), CAST(0x0700587660670000 AS Time), CAST(20001 AS Numeric(18, 0)), 185, CAST(60000.00 AS Decimal(18, 2)), 1, CAST(60000.00 AS Decimal(18, 2)), 1, CAST(18037 AS Numeric(18, 0)), 1, NULL)
INSERT SALESTRANSACTION (TRANID, TRANDATE, TRANTIME, CUSTOMERID, VEHICLEID, PRICE, QUANTITY, AMOUNT, BRANCHID, STAFFID, STATUSID, STATUSREASON) VALUES (CAST(339 AS Numeric(18, 0)), CAST(0x09350B00 AS Date), CAST(0x0700C03AC26F0000 AS Time), CAST(20002 AS Numeric(18, 0)), 186, CAST(60000.00 AS Decimal(18, 2)), 1, CAST(60000.00 AS Decimal(18, 2)), 6, CAST(19015 AS Numeric(18, 0)), 1, NULL)
INSERT SALESTRANSACTION (TRANID, TRANDATE, TRANTIME, CUSTOMERID, VEHICLEID, PRICE, QUANTITY, AMOUNT, BRANCHID, STAFFID, STATUSID, STATUSREASON) VALUES (CAST(340 AS Numeric(18, 0)), CAST(0x12350B00 AS Date), CAST(0x0700F887E7880000 AS Time), CAST(20004 AS Numeric(18, 0)), 180, CAST(60000.00 AS Decimal(18, 2)), 1, CAST(60000.00 AS Decimal(18, 2)), 7, CAST(18012 AS Numeric(18, 0)), 1, NULL)
INSERT SALESTRANSACTION (TRANID, TRANDATE, TRANTIME, CUSTOMERID, VEHICLEID, PRICE, QUANTITY, AMOUNT, BRANCHID, STAFFID, STATUSID, STATUSREASON) VALUES (CAST(341 AS Numeric(18, 0)), CAST(0x2F350B00 AS Date), CAST(0x0700C03AC26F0000 AS Time), CAST(20005 AS Numeric(18, 0)), 192, CAST(78000.00 AS Decimal(18, 2)), 1, CAST(78000.00 AS Decimal(18, 2)), 6, CAST(18016 AS Numeric(18, 0)), 1, NULL)
INSERT SALESTRANSACTION (TRANID, TRANDATE, TRANTIME, CUSTOMERID, VEHICLEID, PRICE, QUANTITY, AMOUNT, BRANCHID, STAFFID, STATUSID, STATUSREASON) VALUES (CAST(342 AS Numeric(18, 0)), CAST(0x2F350B00 AS Date), CAST(0x0700F887E7880000 AS Time), CAST(20006 AS Numeric(18, 0)), 189, CAST(60000.00 AS Decimal(18, 2)), 1, CAST(60000.00 AS Decimal(18, 2)), 7, CAST(20004 AS Numeric(18, 0)), 1, NULL)
INSERT SALESTRANSACTION (TRANID, TRANDATE, TRANTIME, CUSTOMERID, VEHICLEID, PRICE, QUANTITY, AMOUNT, BRANCHID, STAFFID, STATUSID, STATUSREASON) VALUES (CAST(343 AS Numeric(18, 0)), CAST(0x4A350B00 AS Date), CAST(0x070028FF23780000 AS Time), CAST(20007 AS Numeric(18, 0)), 197, CAST(60000.00 AS Decimal(18, 2)), 1, CAST(60000.00 AS Decimal(18, 2)), 1, CAST(18030 AS Numeric(18, 0)), 1, NULL)
INSERT SALESTRANSACTION (TRANID, TRANDATE, TRANTIME, CUSTOMERID, VEHICLEID, PRICE, QUANTITY, AMOUNT, BRANCHID, STAFFID, STATUSID, STATUSREASON) VALUES (CAST(344 AS Numeric(18, 0)), CAST(0x87350B00 AS Date), CAST(0x070090C385800000 AS Time), CAST(20008 AS Numeric(18, 0)), 185, CAST(60000.00 AS Decimal(18, 2)), 1, CAST(60000.00 AS Decimal(18, 2)), 1, CAST(18037 AS Numeric(18, 0)), 1, NULL)
INSERT SALESTRANSACTION (TRANID, TRANDATE, TRANTIME, CUSTOMERID, VEHICLEID, PRICE, QUANTITY, AMOUNT, BRANCHID, STAFFID, STATUSID, STATUSREASON) VALUES (CAST(345 AS Numeric(18, 0)), CAST(0xA0350B00 AS Date), CAST(0x0700F0B1FE5E0000 AS Time), CAST(20010 AS Numeric(18, 0)), 202, CAST(60000.00 AS Decimal(18, 2)), 1, CAST(60000.00 AS Decimal(18, 2)), 6, CAST(20004 AS Numeric(18, 0)), 1, NULL)
INSERT SALESTRANSACTION (TRANID, TRANDATE, TRANTIME, CUSTOMERID, VEHICLEID, PRICE, QUANTITY, AMOUNT, BRANCHID, STAFFID, STATUSID, STATUSREASON) VALUES (CAST(346 AS Numeric(18, 0)), CAST(0xA0350B00 AS Date), CAST(0x070028FF23780000 AS Time), CAST(20011 AS Numeric(18, 0)), 185, CAST(60000.00 AS Decimal(18, 2)), 1, CAST(60000.00 AS Decimal(18, 2)), 1, CAST(18037 AS Numeric(18, 0)), 1, NULL)
INSERT SALESTRANSACTION (TRANID, TRANDATE, TRANTIME, CUSTOMERID, VEHICLEID, PRICE, QUANTITY, AMOUNT, BRANCHID, STAFFID, STATUSID, STATUSREASON) VALUES (CAST(347 AS Numeric(18, 0)), CAST(0xA3350B00 AS Date), CAST(0x0700C03AC26F0000 AS Time), CAST(20012 AS Numeric(18, 0)), 189, CAST(60000.00 AS Decimal(18, 2)), 1, CAST(60000.00 AS Decimal(18, 2)), 7, CAST(20004 AS Numeric(18, 0)), 1, NULL)
INSERT SALESTRANSACTION (TRANID, TRANDATE, TRANTIME, CUSTOMERID, VEHICLEID, PRICE, QUANTITY, AMOUNT, BRANCHID, STAFFID, STATUSID, STATUSREASON) VALUES (CAST(348 AS Numeric(18, 0)), CAST(0xA9350B00 AS Date), CAST(0x0700587660670000 AS Time), CAST(20013 AS Numeric(18, 0)), 197, CAST(60000.00 AS Decimal(18, 2)), 1, CAST(60000.00 AS Decimal(18, 2)), 1, CAST(18030 AS Numeric(18, 0)), 1, NULL)
INSERT SALESTRANSACTION (TRANID, TRANDATE, TRANTIME, CUSTOMERID, VEHICLEID, PRICE, QUANTITY, AMOUNT, BRANCHID, STAFFID, STATUSID, STATUSREASON) VALUES (CAST(349 AS Numeric(18, 0)), CAST(0xA9350B00 AS Date), CAST(0x0700C03AC26F0000 AS Time), CAST(20014 AS Numeric(18, 0)), 185, CAST(60000.00 AS Decimal(18, 2)), 1, CAST(60000.00 AS Decimal(18, 2)), 1, CAST(18037 AS Numeric(18, 0)), 1, NULL)
INSERT SALESTRANSACTION (TRANID, TRANDATE, TRANTIME, CUSTOMERID, VEHICLEID, PRICE, QUANTITY, AMOUNT, BRANCHID, STAFFID, STATUSID, STATUSREASON) VALUES (CAST(350 AS Numeric(18, 0)), CAST(0xC8350B00 AS Date), CAST(0x0700F0B1FE5E0000 AS Time), CAST(20015 AS Numeric(18, 0)), 202, CAST(60000.00 AS Decimal(18, 2)), 1, CAST(60000.00 AS Decimal(18, 2)), 6, CAST(20004 AS Numeric(18, 0)), 1, NULL)
INSERT SALESTRANSACTION (TRANID, TRANDATE, TRANTIME, CUSTOMERID, VEHICLEID, PRICE, QUANTITY, AMOUNT, BRANCHID, STAFFID, STATUSID, STATUSREASON) VALUES (CAST(351 AS Numeric(18, 0)), CAST(0x77360B00 AS Date), CAST(0x0700F0B1FE5E0000 AS Time), CAST(20016 AS Numeric(18, 0)), 185, CAST(60000.00 AS Decimal(18, 2)), 1, CAST(60000.00 AS Decimal(18, 2)), 1, CAST(18037 AS Numeric(18, 0)), 1, NULL)
INSERT SALESTRANSACTION (TRANID, TRANDATE, TRANTIME, CUSTOMERID, VEHICLEID, PRICE, QUANTITY, AMOUNT, BRANCHID, STAFFID, STATUSID, STATUSREASON) VALUES (CAST(352 AS Numeric(18, 0)), CAST(0x77360B00 AS Date), CAST(0x0700587660670000 AS Time), CAST(20017 AS Numeric(18, 0)), 201, CAST(70000.00 AS Decimal(18, 2)), 1, CAST(70000.00 AS Decimal(18, 2)), 6, CAST(19025 AS Numeric(18, 0)), 0, N'Bend Chassis, returned')
INSERT SALESTRANSACTION (TRANID, TRANDATE, TRANTIME, CUSTOMERID, VEHICLEID, PRICE, QUANTITY, AMOUNT, BRANCHID, STAFFID, STATUSID, STATUSREASON) VALUES (CAST(353 AS Numeric(18, 0)), CAST(0x80360B00 AS Date), CAST(0x0700587660670000 AS Time), CAST(20019 AS Numeric(18, 0)), 185, CAST(60000.00 AS Decimal(18, 2)), 1, CAST(60000.00 AS Decimal(18, 2)), 1, CAST(18037 AS Numeric(18, 0)), 1, NULL)
INSERT SALESTRANSACTION (TRANID, TRANDATE, TRANTIME, CUSTOMERID, VEHICLEID, PRICE, QUANTITY, AMOUNT, BRANCHID, STAFFID, STATUSID, STATUSREASON) VALUES (CAST(354 AS Numeric(18, 0)), CAST(0x9D360B00 AS Date), CAST(0x0700587660670000 AS Time), CAST(20020 AS Numeric(18, 0)), 182, CAST(60000.00 AS Decimal(18, 2)), 1, CAST(60000.00 AS Decimal(18, 2)), 1, CAST(18016 AS Numeric(18, 0)), 1, NULL)
INSERT SALESTRANSACTION (TRANID, TRANDATE, TRANTIME, CUSTOMERID, VEHICLEID, PRICE, QUANTITY, AMOUNT, BRANCHID, STAFFID, STATUSID, STATUSREASON) VALUES (CAST(355 AS Numeric(18, 0)), CAST(0xB8360B00 AS Date), CAST(0x0700F0B1FE5E0000 AS Time), CAST(20021 AS Numeric(18, 0)), 190, CAST(45000.00 AS Decimal(18, 2)), 1, CAST(45000.00 AS Decimal(18, 2)), 1, CAST(18012 AS Numeric(18, 0)), 1, NULL)
INSERT SALESTRANSACTION (TRANID, TRANDATE, TRANTIME, CUSTOMERID, VEHICLEID, PRICE, QUANTITY, AMOUNT, BRANCHID, STAFFID, STATUSID, STATUSREASON) VALUES (CAST(356 AS Numeric(18, 0)), CAST(0xBC360B00 AS Date), CAST(0x070090C385800000 AS Time), CAST(20022 AS Numeric(18, 0)), 195, CAST(60000.00 AS Decimal(18, 2)), 1, CAST(60000.00 AS Decimal(18, 2)), 6, CAST(18021 AS Numeric(18, 0)), 1, NULL)
INSERT SALESTRANSACTION (TRANID, TRANDATE, TRANTIME, CUSTOMERID, VEHICLEID, PRICE, QUANTITY, AMOUNT, BRANCHID, STAFFID, STATUSID, STATUSREASON) VALUES (CAST(357 AS Numeric(18, 0)), CAST(0xF4360B00 AS Date), CAST(0x0700587660670000 AS Time), CAST(20023 AS Numeric(18, 0)), 183, CAST(60000.00 AS Decimal(18, 2)), 1, CAST(60000.00 AS Decimal(18, 2)), 7, CAST(18017 AS Numeric(18, 0)), 1, NULL)
INSERT SALESTRANSACTION (TRANID, TRANDATE, TRANTIME, CUSTOMERID, VEHICLEID, PRICE, QUANTITY, AMOUNT, BRANCHID, STAFFID, STATUSID, STATUSREASON) VALUES (CAST(358 AS Numeric(18, 0)), CAST(0x0D370B00 AS Date), CAST(0x0700C03AC26F0000 AS Time), CAST(20024 AS Numeric(18, 0)), 187, CAST(90000.00 AS Decimal(18, 2)), 1, CAST(90000.00 AS Decimal(18, 2)), 1, CAST(19019 AS Numeric(18, 0)), 1, NULL)
INSERT SALESTRANSACTION (TRANID, TRANDATE, TRANTIME, CUSTOMERID, VEHICLEID, PRICE, QUANTITY, AMOUNT, BRANCHID, STAFFID, STATUSID, STATUSREASON) VALUES (CAST(359 AS Numeric(18, 0)), CAST(0x10370B00 AS Date), CAST(0x070028FF23780000 AS Time), CAST(20025 AS Numeric(18, 0)), 184, CAST(90000.00 AS Decimal(18, 2)), 1, CAST(90000.00 AS Decimal(18, 2)), 1, CAST(18019 AS Numeric(18, 0)), 1, NULL)
INSERT SALESTRANSACTION (TRANID, TRANDATE, TRANTIME, CUSTOMERID, VEHICLEID, PRICE, QUANTITY, AMOUNT, BRANCHID, STAFFID, STATUSID, STATUSREASON) VALUES (CAST(360 AS Numeric(18, 0)), CAST(0x16370B00 AS Date), CAST(0x0700F0B1FE5E0000 AS Time), CAST(20026 AS Numeric(18, 0)), 191, CAST(60000.00 AS Decimal(18, 2)), 1, CAST(60000.00 AS Decimal(18, 2)), 1, CAST(18014 AS Numeric(18, 0)), 1, NULL)
INSERT SALESTRANSACTION (TRANID, TRANDATE, TRANTIME, CUSTOMERID, VEHICLEID, PRICE, QUANTITY, AMOUNT, BRANCHID, STAFFID, STATUSID, STATUSREASON) VALUES (CAST(361 AS Numeric(18, 0)), CAST(0x35370B00 AS Date), CAST(0x0700F887E7880000 AS Time), CAST(20027 AS Numeric(18, 0)), 194, CAST(60000.00 AS Decimal(18, 2)), 1, CAST(60000.00 AS Decimal(18, 2)), 1, CAST(18019 AS Numeric(18, 0)), 1, NULL)
INSERT SALESTRANSACTION (TRANID, TRANDATE, TRANTIME, CUSTOMERID, VEHICLEID, PRICE, QUANTITY, AMOUNT, BRANCHID, STAFFID, STATUSID, STATUSREASON) VALUES (CAST(362 AS Numeric(18, 0)), CAST(0x8E370B00 AS Date), CAST(0x0700C03AC26F0000 AS Time), CAST(20028 AS Numeric(18, 0)), 188, CAST(100000.00 AS Decimal(18, 2)), 1, CAST(100000.00 AS Decimal(18, 2)), 1, CAST(19025 AS Numeric(18, 0)), 1, NULL)
INSERT SALESTRANSACTION (TRANID, TRANDATE, TRANTIME, CUSTOMERID, VEHICLEID, PRICE, QUANTITY, AMOUNT, BRANCHID, STAFFID, STATUSID, STATUSREASON) VALUES (CAST(363 AS Numeric(18, 0)), CAST(0xAD370B00 AS Date), CAST(0x070028FF23780000 AS Time), CAST(20029 AS Numeric(18, 0)), 181, CAST(69000.00 AS Decimal(18, 2)), 1, CAST(69000.00 AS Decimal(18, 2)), 1, CAST(18014 AS Numeric(18, 0)), 1, NULL)
INSERT SALESTRANSACTION (TRANID, TRANDATE, TRANTIME, CUSTOMERID, VEHICLEID, PRICE, QUANTITY, AMOUNT, BRANCHID, STAFFID, STATUSID, STATUSREASON) VALUES (CAST(364 AS Numeric(18, 0)), CAST(0xE4370B00 AS Date), CAST(0x070028FF23780000 AS Time), CAST(20031 AS Numeric(18, 0)), 201, CAST(70000.00 AS Decimal(18, 2)), 1, CAST(70000.00 AS Decimal(18, 2)), 6, CAST(19025 AS Numeric(18, 0)), 1, NULL)
INSERT SALESTRANSACTION (TRANID, TRANDATE, TRANTIME, CUSTOMERID, VEHICLEID, PRICE, QUANTITY, AMOUNT, BRANCHID, STAFFID, STATUSID, STATUSREASON) VALUES (CAST(365 AS Numeric(18, 0)), CAST(0xED370B00 AS Date), CAST(0x0700F0B1FE5E0000 AS Time), CAST(20032 AS Numeric(18, 0)), 185, CAST(60000.00 AS Decimal(18, 2)), 1, CAST(60000.00 AS Decimal(18, 2)), 1, CAST(18037 AS Numeric(18, 0)), 1, NULL)
INSERT SALESTRANSACTION (TRANID, TRANDATE, TRANTIME, CUSTOMERID, VEHICLEID, PRICE, QUANTITY, AMOUNT, BRANCHID, STAFFID, STATUSID, STATUSREASON) VALUES (CAST(366 AS Numeric(18, 0)), CAST(0x0A380B00 AS Date), CAST(0x070028FF23780000 AS Time), CAST(20033 AS Numeric(18, 0)), 182, CAST(60000.00 AS Decimal(18, 2)), 1, CAST(60000.00 AS Decimal(18, 2)), 1, CAST(18016 AS Numeric(18, 0)), 1, NULL)
INSERT SALESTRANSACTION (TRANID, TRANDATE, TRANTIME, CUSTOMERID, VEHICLEID, PRICE, QUANTITY, AMOUNT, BRANCHID, STAFFID, STATUSID, STATUSREASON) VALUES (CAST(367 AS Numeric(18, 0)), CAST(0x25380B00 AS Date), CAST(0x0700F887E7880000 AS Time), CAST(20034 AS Numeric(18, 0)), 190, CAST(45000.00 AS Decimal(18, 2)), 1, CAST(45000.00 AS Decimal(18, 2)), 1, CAST(18012 AS Numeric(18, 0)), 1, NULL)
INSERT SALESTRANSACTION (TRANID, TRANDATE, TRANTIME, CUSTOMERID, VEHICLEID, PRICE, QUANTITY, AMOUNT, BRANCHID, STAFFID, STATUSID, STATUSREASON) VALUES (CAST(368 AS Numeric(18, 0)), CAST(0x29380B00 AS Date), CAST(0x0700F0B1FE5E0000 AS Time), CAST(20035 AS Numeric(18, 0)), 195, CAST(60000.00 AS Decimal(18, 2)), 1, CAST(60000.00 AS Decimal(18, 2)), 6, CAST(18021 AS Numeric(18, 0)), 1, NULL)
INSERT SALESTRANSACTION (TRANID, TRANDATE, TRANTIME, CUSTOMERID, VEHICLEID, PRICE, QUANTITY, AMOUNT, BRANCHID, STAFFID, STATUSID, STATUSREASON) VALUES (CAST(369 AS Numeric(18, 0)), CAST(0x61380B00 AS Date), CAST(0x0700F0B1FE5E0000 AS Time), CAST(20036 AS Numeric(18, 0)), 183, CAST(60000.00 AS Decimal(18, 2)), 1, CAST(60000.00 AS Decimal(18, 2)), 7, CAST(18017 AS Numeric(18, 0)), 1, NULL)
INSERT SALESTRANSACTION (TRANID, TRANDATE, TRANTIME, CUSTOMERID, VEHICLEID, PRICE, QUANTITY, AMOUNT, BRANCHID, STAFFID, STATUSID, STATUSREASON) VALUES (CAST(370 AS Numeric(18, 0)), CAST(0x7A380B00 AS Date), CAST(0x0700587660670000 AS Time), CAST(20037 AS Numeric(18, 0)), 187, CAST(90000.00 AS Decimal(18, 2)), 1, CAST(90000.00 AS Decimal(18, 2)), 1, CAST(19019 AS Numeric(18, 0)), 1, NULL)
INSERT SALESTRANSACTION (TRANID, TRANDATE, TRANTIME, CUSTOMERID, VEHICLEID, PRICE, QUANTITY, AMOUNT, BRANCHID, STAFFID, STATUSID, STATUSREASON) VALUES (CAST(371 AS Numeric(18, 0)), CAST(0x7D380B00 AS Date), CAST(0x070090C385800000 AS Time), CAST(20038 AS Numeric(18, 0)), 184, CAST(90000.00 AS Decimal(18, 2)), 1, CAST(90000.00 AS Decimal(18, 2)), 1, CAST(18019 AS Numeric(18, 0)), 1, NULL)
INSERT SALESTRANSACTION (TRANID, TRANDATE, TRANTIME, CUSTOMERID, VEHICLEID, PRICE, QUANTITY, AMOUNT, BRANCHID, STAFFID, STATUSID, STATUSREASON) VALUES (CAST(372 AS Numeric(18, 0)), CAST(0x83380B00 AS Date), CAST(0x070028FF23780000 AS Time), CAST(20039 AS Numeric(18, 0)), 188, CAST(100000.00 AS Decimal(18, 2)), 1, CAST(100000.00 AS Decimal(18, 2)), 1, CAST(19025 AS Numeric(18, 0)), 1, NULL)
INSERT SALESTRANSACTION (TRANID, TRANDATE, TRANTIME, CUSTOMERID, VEHICLEID, PRICE, QUANTITY, AMOUNT, BRANCHID, STAFFID, STATUSID, STATUSREASON) VALUES (CAST(373 AS Numeric(18, 0)), CAST(0xA2380B00 AS Date), CAST(0x0700587660670000 AS Time), CAST(20040 AS Numeric(18, 0)), 181, CAST(69000.00 AS Decimal(18, 2)), 1, CAST(69000.00 AS Decimal(18, 2)), 1, CAST(18014 AS Numeric(18, 0)), 1, NULL)
INSERT SALESTRANSACTION (TRANID, TRANDATE, TRANTIME, CUSTOMERID, VEHICLEID, PRICE, QUANTITY, AMOUNT, BRANCHID, STAFFID, STATUSID, STATUSREASON) VALUES (CAST(374 AS Numeric(18, 0)), CAST(0xFB380B00 AS Date), CAST(0x070090C385800000 AS Time), CAST(20041 AS Numeric(18, 0)), 193, CAST(60000.00 AS Decimal(18, 2)), 1, CAST(60000.00 AS Decimal(18, 2)), 1, CAST(18017 AS Numeric(18, 0)), 1, NULL)
INSERT SALESTRANSACTION (TRANID, TRANDATE, TRANTIME, CUSTOMERID, VEHICLEID, PRICE, QUANTITY, AMOUNT, BRANCHID, STAFFID, STATUSID, STATUSREASON) VALUES (CAST(375 AS Numeric(18, 0)), CAST(0x1A390B00 AS Date), CAST(0x0700F887E7880000 AS Time), CAST(20042 AS Numeric(18, 0)), 185, CAST(60000.00 AS Decimal(18, 2)), 1, CAST(60000.00 AS Decimal(18, 2)), 1, CAST(18037 AS Numeric(18, 0)), 1, NULL)
INSERT SALESTRANSACTION (TRANID, TRANDATE, TRANTIME, CUSTOMERID, VEHICLEID, PRICE, QUANTITY, AMOUNT, BRANCHID, STAFFID, STATUSID, STATUSREASON) VALUES (CAST(376 AS Numeric(18, 0)), CAST(0x51390B00 AS Date), CAST(0x0700C03AC26F0000 AS Time), CAST(20043 AS Numeric(18, 0)), 186, CAST(60000.00 AS Decimal(18, 2)), 1, CAST(60000.00 AS Decimal(18, 2)), 6, CAST(19015 AS Numeric(18, 0)), 1, NULL)
INSERT SALESTRANSACTION (TRANID, TRANDATE, TRANTIME, CUSTOMERID, VEHICLEID, PRICE, QUANTITY, AMOUNT, BRANCHID, STAFFID, STATUSID, STATUSREASON) VALUES (CAST(377 AS Numeric(18, 0)), CAST(0x5A390B00 AS Date), CAST(0x0700C03AC26F0000 AS Time), CAST(20044 AS Numeric(18, 0)), 180, CAST(60000.00 AS Decimal(18, 2)), 1, CAST(60000.00 AS Decimal(18, 2)), 7, CAST(18012 AS Numeric(18, 0)), 1, NULL)
INSERT SALESTRANSACTION (TRANID, TRANDATE, TRANTIME, CUSTOMERID, VEHICLEID, PRICE, QUANTITY, AMOUNT, BRANCHID, STAFFID, STATUSID, STATUSREASON) VALUES (CAST(378 AS Numeric(18, 0)), CAST(0x72390B00 AS Date), CAST(0x0700F0B1FE5E0000 AS Time), CAST(20045 AS Numeric(18, 0)), 192, CAST(78000.00 AS Decimal(18, 2)), 1, CAST(78000.00 AS Decimal(18, 2)), 6, CAST(18016 AS Numeric(18, 0)), 1, NULL)
INSERT SALESTRANSACTION (TRANID, TRANDATE, TRANTIME, CUSTOMERID, VEHICLEID, PRICE, QUANTITY, AMOUNT, BRANCHID, STAFFID, STATUSID, STATUSREASON) VALUES (CAST(379 AS Numeric(18, 0)), CAST(0x77390B00 AS Date), CAST(0x0700F0B1FE5E0000 AS Time), CAST(20046 AS Numeric(18, 0)), 189, CAST(60000.00 AS Decimal(18, 2)), 1, CAST(60000.00 AS Decimal(18, 2)), 7, CAST(20004 AS Numeric(18, 0)), 1, NULL)
INSERT SALESTRANSACTION (TRANID, TRANDATE, TRANTIME, CUSTOMERID, VEHICLEID, PRICE, QUANTITY, AMOUNT, BRANCHID, STAFFID, STATUSID, STATUSREASON) VALUES (CAST(380 AS Numeric(18, 0)), CAST(0x92390B00 AS Date), CAST(0x0700587660670000 AS Time), CAST(20047 AS Numeric(18, 0)), 197, CAST(60000.00 AS Decimal(18, 2)), 1, CAST(60000.00 AS Decimal(18, 2)), 1, CAST(18030 AS Numeric(18, 0)), 1, NULL)
INSERT SALESTRANSACTION (TRANID, TRANDATE, TRANTIME, CUSTOMERID, VEHICLEID, PRICE, QUANTITY, AMOUNT, BRANCHID, STAFFID, STATUSID, STATUSREASON) VALUES (CAST(381 AS Numeric(18, 0)), CAST(0x92390B00 AS Date), CAST(0x070090C385800000 AS Time), CAST(20048 AS Numeric(18, 0)), 185, CAST(60000.00 AS Decimal(18, 2)), 1, CAST(60000.00 AS Decimal(18, 2)), 1, CAST(18037 AS Numeric(18, 0)), 1, NULL)
INSERT SALESTRANSACTION (TRANID, TRANDATE, TRANTIME, CUSTOMERID, VEHICLEID, PRICE, QUANTITY, AMOUNT, BRANCHID, STAFFID, STATUSID, STATUSREASON) VALUES (CAST(382 AS Numeric(18, 0)), CAST(0xCE390B00 AS Date), CAST(0x0700C03AC26F0000 AS Time), CAST(20049 AS Numeric(18, 0)), 202, CAST(60000.00 AS Decimal(18, 2)), 1, CAST(60000.00 AS Decimal(18, 2)), 6, CAST(20004 AS Numeric(18, 0)), 1, NULL)
INSERT SALESTRANSACTION (TRANID, TRANDATE, TRANTIME, CUSTOMERID, VEHICLEID, PRICE, QUANTITY, AMOUNT, BRANCHID, STAFFID, STATUSID, STATUSREASON) VALUES (CAST(383 AS Numeric(18, 0)), CAST(0xCE390B00 AS Date), CAST(0x0700F887E7880000 AS Time), CAST(20050 AS Numeric(18, 0)), 185, CAST(60000.00 AS Decimal(18, 2)), 1, CAST(60000.00 AS Decimal(18, 2)), 1, CAST(18037 AS Numeric(18, 0)), 1, NULL)
INSERT SALESTRANSACTION (TRANID, TRANDATE, TRANTIME, CUSTOMERID, VEHICLEID, PRICE, QUANTITY, AMOUNT, BRANCHID, STAFFID, STATUSID, STATUSREASON) VALUES (CAST(384 AS Numeric(18, 0)), CAST(0xE7390B00 AS Date), CAST(0x0700F0B1FE5E0000 AS Time), CAST(20051 AS Numeric(18, 0)), 189, CAST(60000.00 AS Decimal(18, 2)), 1, CAST(60000.00 AS Decimal(18, 2)), 7, CAST(20004 AS Numeric(18, 0)), 1, NULL)
INSERT SALESTRANSACTION (TRANID, TRANDATE, TRANTIME, CUSTOMERID, VEHICLEID, PRICE, QUANTITY, AMOUNT, BRANCHID, STAFFID, STATUSID, STATUSREASON) VALUES (CAST(385 AS Numeric(18, 0)), CAST(0xE7390B00 AS Date), CAST(0x0700587660670000 AS Time), CAST(20052 AS Numeric(18, 0)), 188, CAST(100000.00 AS Decimal(18, 2)), 1, CAST(100000.00 AS Decimal(18, 2)), 1, CAST(19025 AS Numeric(18, 0)), 1, NULL)
INSERT SALESTRANSACTION (TRANID, TRANDATE, TRANTIME, CUSTOMERID, VEHICLEID, PRICE, QUANTITY, AMOUNT, BRANCHID, STAFFID, STATUSID, STATUSREASON) VALUES (CAST(386 AS Numeric(18, 0)), CAST(0xEA390B00 AS Date), CAST(0x070028FF23780000 AS Time), CAST(20053 AS Numeric(18, 0)), 181, CAST(69000.00 AS Decimal(18, 2)), 1, CAST(69000.00 AS Decimal(18, 2)), 1, CAST(18014 AS Numeric(18, 0)), 1, NULL)
INSERT SALESTRANSACTION (TRANID, TRANDATE, TRANTIME, CUSTOMERID, VEHICLEID, PRICE, QUANTITY, AMOUNT, BRANCHID, STAFFID, STATUSID, STATUSREASON) VALUES (CAST(387 AS Numeric(18, 0)), CAST(0xF0390B00 AS Date), CAST(0x0700C03AC26F0000 AS Time), CAST(20056 AS Numeric(18, 0)), 193, CAST(60000.00 AS Decimal(18, 2)), 1, CAST(60000.00 AS Decimal(18, 2)), 1, CAST(18017 AS Numeric(18, 0)), 1, NULL)
INSERT SALESTRANSACTION (TRANID, TRANDATE, TRANTIME, CUSTOMERID, VEHICLEID, PRICE, QUANTITY, AMOUNT, BRANCHID, STAFFID, STATUSID, STATUSREASON) VALUES (CAST(388 AS Numeric(18, 0)), CAST(0xF0390B00 AS Date), CAST(0x070028FF23780000 AS Time), CAST(20057 AS Numeric(18, 0)), 185, CAST(60000.00 AS Decimal(18, 2)), 1, CAST(60000.00 AS Decimal(18, 2)), 1, CAST(18037 AS Numeric(18, 0)), 1, NULL)
INSERT SALESTRANSACTION (TRANID, TRANDATE, TRANTIME, CUSTOMERID, VEHICLEID, PRICE, QUANTITY, AMOUNT, BRANCHID, STAFFID, STATUSID, STATUSREASON) VALUES (CAST(389 AS Numeric(18, 0)), CAST(0x683A0B00 AS Date), CAST(0x070028FF23780000 AS Time), CAST(20058 AS Numeric(18, 0)), 186, CAST(60000.00 AS Decimal(18, 2)), 1, CAST(60000.00 AS Decimal(18, 2)), 6, CAST(19015 AS Numeric(18, 0)), 1, NULL)
INSERT SALESTRANSACTION (TRANID, TRANDATE, TRANTIME, CUSTOMERID, VEHICLEID, PRICE, QUANTITY, AMOUNT, BRANCHID, STAFFID, STATUSID, STATUSREASON) VALUES (CAST(390 AS Numeric(18, 0)), CAST(0xBE3A0B00 AS Date), CAST(0x0700587660670000 AS Time), CAST(20059 AS Numeric(18, 0)), 180, CAST(60000.00 AS Decimal(18, 2)), 1, CAST(60000.00 AS Decimal(18, 2)), 7, CAST(18012 AS Numeric(18, 0)), 1, NULL)
INSERT SALESTRANSACTION (TRANID, TRANDATE, TRANTIME, CUSTOMERID, VEHICLEID, PRICE, QUANTITY, AMOUNT, BRANCHID, STAFFID, STATUSID, STATUSREASON) VALUES (CAST(391 AS Numeric(18, 0)), CAST(0xBE3A0B00 AS Date), CAST(0x0700C03AC26F0000 AS Time), CAST(20060 AS Numeric(18, 0)), 192, CAST(78000.00 AS Decimal(18, 2)), 1, CAST(78000.00 AS Decimal(18, 2)), 6, CAST(18016 AS Numeric(18, 0)), 1, NULL)
INSERT SALESTRANSACTION (TRANID, TRANDATE, TRANTIME, CUSTOMERID, VEHICLEID, PRICE, QUANTITY, AMOUNT, BRANCHID, STAFFID, STATUSID, STATUSREASON) VALUES (CAST(392 AS Numeric(18, 0)), CAST(0xE43A0B00 AS Date), CAST(0x0700C03AC26F0000 AS Time), CAST(20062 AS Numeric(18, 0)), 189, CAST(60000.00 AS Decimal(18, 2)), 1, CAST(60000.00 AS Decimal(18, 2)), 7, CAST(20004 AS Numeric(18, 0)), 1, NULL)
INSERT SALESTRANSACTION (TRANID, TRANDATE, TRANTIME, CUSTOMERID, VEHICLEID, PRICE, QUANTITY, AMOUNT, BRANCHID, STAFFID, STATUSID, STATUSREASON) VALUES (CAST(393 AS Numeric(18, 0)), CAST(0x033B0B00 AS Date), CAST(0x0700F887E7880000 AS Time), CAST(20063 AS Numeric(18, 0)), 197, CAST(60000.00 AS Decimal(18, 2)), 1, CAST(60000.00 AS Decimal(18, 2)), 1, CAST(18030 AS Numeric(18, 0)), 1, NULL)
INSERT SALESTRANSACTION (TRANID, TRANDATE, TRANTIME, CUSTOMERID, VEHICLEID, PRICE, QUANTITY, AMOUNT, BRANCHID, STAFFID, STATUSID, STATUSREASON) VALUES (CAST(394 AS Numeric(18, 0)), CAST(0x553B0B00 AS Date), CAST(0x070028FF23780000 AS Time), CAST(20064 AS Numeric(18, 0)), 185, CAST(60000.00 AS Decimal(18, 2)), 1, CAST(60000.00 AS Decimal(18, 2)), 1, CAST(18037 AS Numeric(18, 0)), 1, NULL)
INSERT SALESTRANSACTION (TRANID, TRANDATE, TRANTIME, CUSTOMERID, VEHICLEID, PRICE, QUANTITY, AMOUNT, BRANCHID, STAFFID, STATUSID, STATUSREASON) VALUES (CAST(395 AS Numeric(18, 0)), CAST(0x5E3B0B00 AS Date), CAST(0x0700587660670000 AS Time), CAST(20065 AS Numeric(18, 0)), 202, CAST(60000.00 AS Decimal(18, 2)), 1, CAST(60000.00 AS Decimal(18, 2)), 6, CAST(20004 AS Numeric(18, 0)), 1, NULL)
INSERT SALESTRANSACTION (TRANID, TRANDATE, TRANTIME, CUSTOMERID, VEHICLEID, PRICE, QUANTITY, AMOUNT, BRANCHID, STAFFID, STATUSID, STATUSREASON) VALUES (CAST(396 AS Numeric(18, 0)), CAST(0x7D3B0B00 AS Date), CAST(0x0700F0B1FE5E0000 AS Time), CAST(20066 AS Numeric(18, 0)), 185, CAST(60000.00 AS Decimal(18, 2)), 1, CAST(60000.00 AS Decimal(18, 2)), 1, CAST(18037 AS Numeric(18, 0)), 1, NULL)
INSERT SALESTRANSACTION (TRANID, TRANDATE, TRANTIME, CUSTOMERID, VEHICLEID, PRICE, QUANTITY, AMOUNT, BRANCHID, STAFFID, STATUSID, STATUSREASON) VALUES (CAST(397 AS Numeric(18, 0)), CAST(0xF53B0B00 AS Date), CAST(0x070090C385800000 AS Time), CAST(20067 AS Numeric(18, 0)), 189, CAST(60000.00 AS Decimal(18, 2)), 1, CAST(60000.00 AS Decimal(18, 2)), 7, CAST(20004 AS Numeric(18, 0)), 1, NULL)
INSERT SALESTRANSACTION (TRANID, TRANDATE, TRANTIME, CUSTOMERID, VEHICLEID, PRICE, QUANTITY, AMOUNT, BRANCHID, STAFFID, STATUSID, STATUSREASON) VALUES (CAST(398 AS Numeric(18, 0)), CAST(0x2C3C0B00 AS Date), CAST(0x0700F0B1FE5E0000 AS Time), CAST(20068 AS Numeric(18, 0)), 197, CAST(60000.00 AS Decimal(18, 2)), 1, CAST(60000.00 AS Decimal(18, 2)), 1, CAST(18030 AS Numeric(18, 0)), 1, NULL)
INSERT SALESTRANSACTION (TRANID, TRANDATE, TRANTIME, CUSTOMERID, VEHICLEID, PRICE, QUANTITY, AMOUNT, BRANCHID, STAFFID, STATUSID, STATUSREASON) VALUES (CAST(399 AS Numeric(18, 0)), CAST(0x353C0B00 AS Date), CAST(0x0700587660670000 AS Time), CAST(20069 AS Numeric(18, 0)), 185, CAST(60000.00 AS Decimal(18, 2)), 1, CAST(60000.00 AS Decimal(18, 2)), 1, CAST(18037 AS Numeric(18, 0)), 1, NULL)
INSERT SALESTRANSACTION (TRANID, TRANDATE, TRANTIME, CUSTOMERID, VEHICLEID, PRICE, QUANTITY, AMOUNT, BRANCHID, STAFFID, STATUSID, STATUSREASON) VALUES (CAST(400 AS Numeric(18, 0)), CAST(0x523C0B00 AS Date), CAST(0x0700587660670000 AS Time), CAST(20072 AS Numeric(18, 0)), 202, CAST(60000.00 AS Decimal(18, 2)), 1, CAST(60000.00 AS Decimal(18, 2)), 6, CAST(20004 AS Numeric(18, 0)), 1, NULL)
INSERT SALESTRANSACTION (TRANID, TRANDATE, TRANTIME, CUSTOMERID, VEHICLEID, PRICE, QUANTITY, AMOUNT, BRANCHID, STAFFID, STATUSID, STATUSREASON) VALUES (CAST(401 AS Numeric(18, 0)), CAST(0x523C0B00 AS Date), CAST(0x0700C03AC26F0000 AS Time), CAST(20074 AS Numeric(18, 0)), 181, CAST(69000.00 AS Decimal(18, 2)), 1, CAST(69000.00 AS Decimal(18, 2)), 1, CAST(18014 AS Numeric(18, 0)), 1, NULL)
INSERT SALESTRANSACTION (TRANID, TRANDATE, TRANTIME, CUSTOMERID, VEHICLEID, PRICE, QUANTITY, AMOUNT, BRANCHID, STAFFID, STATUSID, STATUSREASON) VALUES (CAST(402 AS Numeric(18, 0)), CAST(0x523C0B00 AS Date), CAST(0x0700C03AC26F0000 AS Time), CAST(20073 AS Numeric(18, 0)), 188, CAST(100000.00 AS Decimal(18, 2)), 1, CAST(100000.00 AS Decimal(18, 2)), 1, CAST(19025 AS Numeric(18, 0)), 1, NULL)
INSERT SALESTRANSACTION (TRANID, TRANDATE, TRANTIME, CUSTOMERID, VEHICLEID, PRICE, QUANTITY, AMOUNT, BRANCHID, STAFFID, STATUSID, STATUSREASON) VALUES (CAST(403 AS Numeric(18, 0)), CAST(0x6D3C0B00 AS Date), CAST(0x0700F0B1FE5E0000 AS Time), CAST(20076 AS Numeric(18, 0)), 193, CAST(60000.00 AS Decimal(18, 2)), 1, CAST(60000.00 AS Decimal(18, 2)), 1, CAST(18017 AS Numeric(18, 0)), 1, NULL)
INSERT SALESTRANSACTION (TRANID, TRANDATE, TRANTIME, CUSTOMERID, VEHICLEID, PRICE, QUANTITY, AMOUNT, BRANCHID, STAFFID, STATUSID, STATUSREASON) VALUES (CAST(404 AS Numeric(18, 0)), CAST(0x6D3C0B00 AS Date), CAST(0x070090C385800000 AS Time), CAST(20077 AS Numeric(18, 0)), 185, CAST(60000.00 AS Decimal(18, 2)), 1, CAST(60000.00 AS Decimal(18, 2)), 1, CAST(18037 AS Numeric(18, 0)), 1, NULL)
GO
print 'Processed 400 total records'
INSERT SALESTRANSACTION (TRANID, TRANDATE, TRANTIME, CUSTOMERID, VEHICLEID, PRICE, QUANTITY, AMOUNT, BRANCHID, STAFFID, STATUSID, STATUSREASON) VALUES (CAST(405 AS Numeric(18, 0)), CAST(0x713C0B00 AS Date), CAST(0x0700C03AC26F0000 AS Time), CAST(20079 AS Numeric(18, 0)), 186, CAST(60000.00 AS Decimal(18, 2)), 1, CAST(60000.00 AS Decimal(18, 2)), 6, CAST(19015 AS Numeric(18, 0)), 1, NULL)
INSERT SALESTRANSACTION (TRANID, TRANDATE, TRANTIME, CUSTOMERID, VEHICLEID, PRICE, QUANTITY, AMOUNT, BRANCHID, STAFFID, STATUSID, STATUSREASON) VALUES (CAST(406 AS Numeric(18, 0)), CAST(0xA93C0B00 AS Date), CAST(0x0700587660670000 AS Time), CAST(20086 AS Numeric(18, 0)), 180, CAST(60000.00 AS Decimal(18, 2)), 1, CAST(60000.00 AS Decimal(18, 2)), 7, CAST(18012 AS Numeric(18, 0)), 1, NULL)
INSERT SALESTRANSACTION (TRANID, TRANDATE, TRANTIME, CUSTOMERID, VEHICLEID, PRICE, QUANTITY, AMOUNT, BRANCHID, STAFFID, STATUSID, STATUSREASON) VALUES (CAST(407 AS Numeric(18, 0)), CAST(0xA93C0B00 AS Date), CAST(0x0700F887E7880000 AS Time), CAST(20088 AS Numeric(18, 0)), 192, CAST(78000.00 AS Decimal(18, 2)), 1, CAST(78000.00 AS Decimal(18, 2)), 6, CAST(18016 AS Numeric(18, 0)), 1, NULL)
INSERT SALESTRANSACTION (TRANID, TRANDATE, TRANTIME, CUSTOMERID, VEHICLEID, PRICE, QUANTITY, AMOUNT, BRANCHID, STAFFID, STATUSID, STATUSREASON) VALUES (CAST(408 AS Numeric(18, 0)), CAST(0xC23C0B00 AS Date), CAST(0x0700C03AC26F0000 AS Time), CAST(20090 AS Numeric(18, 0)), 189, CAST(60000.00 AS Decimal(18, 2)), 1, CAST(60000.00 AS Decimal(18, 2)), 7, CAST(20004 AS Numeric(18, 0)), 1, NULL)
INSERT SALESTRANSACTION (TRANID, TRANDATE, TRANTIME, CUSTOMERID, VEHICLEID, PRICE, QUANTITY, AMOUNT, BRANCHID, STAFFID, STATUSID, STATUSREASON) VALUES (CAST(409 AS Numeric(18, 0)), CAST(0xC23C0B00 AS Date), CAST(0x070028FF23780000 AS Time), CAST(20091 AS Numeric(18, 0)), 197, CAST(60000.00 AS Decimal(18, 2)), 1, CAST(60000.00 AS Decimal(18, 2)), 1, CAST(18030 AS Numeric(18, 0)), 1, NULL)
INSERT SALESTRANSACTION (TRANID, TRANDATE, TRANTIME, CUSTOMERID, VEHICLEID, PRICE, QUANTITY, AMOUNT, BRANCHID, STAFFID, STATUSID, STATUSREASON) VALUES (CAST(410 AS Numeric(18, 0)), CAST(0xC23C0B00 AS Date), CAST(0x070028FF23780000 AS Time), CAST(20092 AS Numeric(18, 0)), 185, CAST(60000.00 AS Decimal(18, 2)), 1, CAST(60000.00 AS Decimal(18, 2)), 1, CAST(18037 AS Numeric(18, 0)), 1, NULL)
INSERT SALESTRANSACTION (TRANID, TRANDATE, TRANTIME, CUSTOMERID, VEHICLEID, PRICE, QUANTITY, AMOUNT, BRANCHID, STAFFID, STATUSID, STATUSREASON) VALUES (CAST(411 AS Numeric(18, 0)), CAST(0xC53C0B00 AS Date), CAST(0x0700F0B1FE5E0000 AS Time), CAST(20093 AS Numeric(18, 0)), 202, CAST(60000.00 AS Decimal(18, 2)), 1, CAST(60000.00 AS Decimal(18, 2)), 6, CAST(20004 AS Numeric(18, 0)), 1, NULL)
INSERT SALESTRANSACTION (TRANID, TRANDATE, TRANTIME, CUSTOMERID, VEHICLEID, PRICE, QUANTITY, AMOUNT, BRANCHID, STAFFID, STATUSID, STATUSREASON) VALUES (CAST(412 AS Numeric(18, 0)), CAST(0xC53C0B00 AS Date), CAST(0x0700F887E7880000 AS Time), CAST(20094 AS Numeric(18, 0)), 185, CAST(60000.00 AS Decimal(18, 2)), 1, CAST(60000.00 AS Decimal(18, 2)), 1, CAST(18037 AS Numeric(18, 0)), 1, NULL)
INSERT SALESTRANSACTION (TRANID, TRANDATE, TRANTIME, CUSTOMERID, VEHICLEID, PRICE, QUANTITY, AMOUNT, BRANCHID, STAFFID, STATUSID, STATUSREASON) VALUES (CAST(413 AS Numeric(18, 0)), CAST(0xCB3C0B00 AS Date), CAST(0x070090C385800000 AS Time), CAST(19002 AS Numeric(18, 0)), 189, CAST(60000.00 AS Decimal(18, 2)), 1, CAST(60000.00 AS Decimal(18, 2)), 7, CAST(20004 AS Numeric(18, 0)), 1, NULL)
INSERT SALESTRANSACTION (TRANID, TRANDATE, TRANTIME, CUSTOMERID, VEHICLEID, PRICE, QUANTITY, AMOUNT, BRANCHID, STAFFID, STATUSID, STATUSREASON) VALUES (CAST(414 AS Numeric(18, 0)), CAST(0xCB3C0B00 AS Date), CAST(0x0700F887E7880000 AS Time), CAST(20001 AS Numeric(18, 0)), 197, CAST(60000.00 AS Decimal(18, 2)), 1, CAST(60000.00 AS Decimal(18, 2)), 1, CAST(18030 AS Numeric(18, 0)), 1, NULL)
INSERT SALESTRANSACTION (TRANID, TRANDATE, TRANTIME, CUSTOMERID, VEHICLEID, PRICE, QUANTITY, AMOUNT, BRANCHID, STAFFID, STATUSID, STATUSREASON) VALUES (CAST(415 AS Numeric(18, 0)), CAST(0xEA3C0B00 AS Date), CAST(0x070028FF23780000 AS Time), CAST(20002 AS Numeric(18, 0)), 185, CAST(60000.00 AS Decimal(18, 2)), 1, CAST(60000.00 AS Decimal(18, 2)), 1, CAST(18037 AS Numeric(18, 0)), 1, NULL)
INSERT SALESTRANSACTION (TRANID, TRANDATE, TRANTIME, CUSTOMERID, VEHICLEID, PRICE, QUANTITY, AMOUNT, BRANCHID, STAFFID, STATUSID, STATUSREASON) VALUES (CAST(416 AS Numeric(18, 0)), CAST(0x433D0B00 AS Date), CAST(0x0700F0B1FE5E0000 AS Time), CAST(20004 AS Numeric(18, 0)), 202, CAST(60000.00 AS Decimal(18, 2)), 1, CAST(60000.00 AS Decimal(18, 2)), 6, CAST(20004 AS Numeric(18, 0)), 1, NULL)
INSERT SALESTRANSACTION (TRANID, TRANDATE, TRANTIME, CUSTOMERID, VEHICLEID, PRICE, QUANTITY, AMOUNT, BRANCHID, STAFFID, STATUSID, STATUSREASON) VALUES (CAST(417 AS Numeric(18, 0)), CAST(0x623D0B00 AS Date), CAST(0x0700587660670000 AS Time), CAST(20005 AS Numeric(18, 0)), 185, CAST(60000.00 AS Decimal(18, 2)), 1, CAST(60000.00 AS Decimal(18, 2)), 1, CAST(18037 AS Numeric(18, 0)), 1, NULL)
INSERT SALESTRANSACTION (TRANID, TRANDATE, TRANTIME, CUSTOMERID, VEHICLEID, PRICE, QUANTITY, AMOUNT, BRANCHID, STAFFID, STATUSID, STATUSREASON) VALUES (CAST(418 AS Numeric(18, 0)), CAST(0x993D0B00 AS Date), CAST(0x070028FF23780000 AS Time), CAST(20006 AS Numeric(18, 0)), 201, CAST(70000.00 AS Decimal(18, 2)), 1, CAST(70000.00 AS Decimal(18, 2)), 6, CAST(19025 AS Numeric(18, 0)), 1, NULL)
INSERT SALESTRANSACTION (TRANID, TRANDATE, TRANTIME, CUSTOMERID, VEHICLEID, PRICE, QUANTITY, AMOUNT, BRANCHID, STAFFID, STATUSID, STATUSREASON) VALUES (CAST(419 AS Numeric(18, 0)), CAST(0x993D0B00 AS Date), CAST(0x070090C385800000 AS Time), CAST(20007 AS Numeric(18, 0)), 185, CAST(60000.00 AS Decimal(18, 2)), 1, CAST(60000.00 AS Decimal(18, 2)), 1, CAST(18037 AS Numeric(18, 0)), 1, NULL)
INSERT SALESTRANSACTION (TRANID, TRANDATE, TRANTIME, CUSTOMERID, VEHICLEID, PRICE, QUANTITY, AMOUNT, BRANCHID, STAFFID, STATUSID, STATUSREASON) VALUES (CAST(420 AS Numeric(18, 0)), CAST(0xA23D0B00 AS Date), CAST(0x0700F0B1FE5E0000 AS Time), CAST(20008 AS Numeric(18, 0)), 202, CAST(60000.00 AS Decimal(18, 2)), 1, CAST(60000.00 AS Decimal(18, 2)), 6, CAST(20004 AS Numeric(18, 0)), 1, NULL)
INSERT SALESTRANSACTION (TRANID, TRANDATE, TRANTIME, CUSTOMERID, VEHICLEID, PRICE, QUANTITY, AMOUNT, BRANCHID, STAFFID, STATUSID, STATUSREASON) VALUES (CAST(421 AS Numeric(18, 0)), CAST(0xBA3D0B00 AS Date), CAST(0x0700F0B1FE5E0000 AS Time), CAST(20010 AS Numeric(18, 0)), 115, CAST(45000.00 AS Decimal(18, 2)), 1, CAST(45000.00 AS Decimal(18, 2)), 1, CAST(18010 AS Numeric(18, 0)), 1, NULL)
INSERT SALESTRANSACTION (TRANID, TRANDATE, TRANTIME, CUSTOMERID, VEHICLEID, PRICE, QUANTITY, AMOUNT, BRANCHID, STAFFID, STATUSID, STATUSREASON) VALUES (CAST(422 AS Numeric(18, 0)), CAST(0xBF3D0B00 AS Date), CAST(0x0700F0B1FE5E0000 AS Time), CAST(20011 AS Numeric(18, 0)), 111, CAST(60000.00 AS Decimal(18, 2)), 1, CAST(60000.00 AS Decimal(18, 2)), 1, CAST(18010 AS Numeric(18, 0)), 1, NULL)
INSERT SALESTRANSACTION (TRANID, TRANDATE, TRANTIME, CUSTOMERID, VEHICLEID, PRICE, QUANTITY, AMOUNT, BRANCHID, STAFFID, STATUSID, STATUSREASON) VALUES (CAST(423 AS Numeric(18, 0)), CAST(0xBF3D0B00 AS Date), CAST(0x0700F0B1FE5E0000 AS Time), CAST(20012 AS Numeric(18, 0)), 201, CAST(70000.00 AS Decimal(18, 2)), 1, CAST(70000.00 AS Decimal(18, 2)), 6, CAST(19025 AS Numeric(18, 0)), 1, NULL)
INSERT SALESTRANSACTION (TRANID, TRANDATE, TRANTIME, CUSTOMERID, VEHICLEID, PRICE, QUANTITY, AMOUNT, BRANCHID, STAFFID, STATUSID, STATUSREASON) VALUES (CAST(424 AS Numeric(18, 0)), CAST(0xBF3D0B00 AS Date), CAST(0x0700C03AC26F0000 AS Time), CAST(20013 AS Numeric(18, 0)), 185, CAST(60000.00 AS Decimal(18, 2)), 1, CAST(60000.00 AS Decimal(18, 2)), 1, CAST(18037 AS Numeric(18, 0)), 1, NULL)
INSERT SALESTRANSACTION (TRANID, TRANDATE, TRANTIME, CUSTOMERID, VEHICLEID, PRICE, QUANTITY, AMOUNT, BRANCHID, STAFFID, STATUSID, STATUSREASON) VALUES (CAST(425 AS Numeric(18, 0)), CAST(0xBF3D0B00 AS Date), CAST(0x070090C385800000 AS Time), CAST(20014 AS Numeric(18, 0)), 192, CAST(78000.00 AS Decimal(18, 2)), 1, CAST(78000.00 AS Decimal(18, 2)), 6, CAST(18016 AS Numeric(18, 0)), 1, NULL)
INSERT SALESTRANSACTION (TRANID, TRANDATE, TRANTIME, CUSTOMERID, VEHICLEID, PRICE, QUANTITY, AMOUNT, BRANCHID, STAFFID, STATUSID, STATUSREASON) VALUES (CAST(426 AS Numeric(18, 0)), CAST(0xDA3D0B00 AS Date), CAST(0x070028FF23780000 AS Time), CAST(20015 AS Numeric(18, 0)), 192, CAST(78000.00 AS Decimal(18, 2)), 1, CAST(78000.00 AS Decimal(18, 2)), 6, CAST(18016 AS Numeric(18, 0)), 1, NULL)
INSERT SALESTRANSACTION (TRANID, TRANDATE, TRANTIME, CUSTOMERID, VEHICLEID, PRICE, QUANTITY, AMOUNT, BRANCHID, STAFFID, STATUSID, STATUSREASON) VALUES (CAST(427 AS Numeric(18, 0)), CAST(0xDE3D0B00 AS Date), CAST(0x0700587660670000 AS Time), CAST(20016 AS Numeric(18, 0)), 192, CAST(78000.00 AS Decimal(18, 2)), 1, CAST(78000.00 AS Decimal(18, 2)), 6, CAST(18016 AS Numeric(18, 0)), 1, NULL)
INSERT SALESTRANSACTION (TRANID, TRANDATE, TRANTIME, CUSTOMERID, VEHICLEID, PRICE, QUANTITY, AMOUNT, BRANCHID, STAFFID, STATUSID, STATUSREASON) VALUES (CAST(428 AS Numeric(18, 0)), CAST(0x163E0B00 AS Date), CAST(0x070090C385800000 AS Time), CAST(20017 AS Numeric(18, 0)), 192, CAST(78000.00 AS Decimal(18, 2)), 1, CAST(78000.00 AS Decimal(18, 2)), 6, CAST(18016 AS Numeric(18, 0)), 1, NULL)
INSERT SALESTRANSACTION (TRANID, TRANDATE, TRANTIME, CUSTOMERID, VEHICLEID, PRICE, QUANTITY, AMOUNT, BRANCHID, STAFFID, STATUSID, STATUSREASON) VALUES (CAST(429 AS Numeric(18, 0)), CAST(0x2F3E0B00 AS Date), CAST(0x0700587660670000 AS Time), CAST(20020 AS Numeric(18, 0)), 201, CAST(70000.00 AS Decimal(18, 2)), 1, CAST(70000.00 AS Decimal(18, 2)), 6, CAST(19025 AS Numeric(18, 0)), 1, NULL)
INSERT SALESTRANSACTION (TRANID, TRANDATE, TRANTIME, CUSTOMERID, VEHICLEID, PRICE, QUANTITY, AMOUNT, BRANCHID, STAFFID, STATUSID, STATUSREASON) VALUES (CAST(430 AS Numeric(18, 0)), CAST(0x2F3E0B00 AS Date), CAST(0x0700587660670000 AS Time), CAST(20019 AS Numeric(18, 0)), 112, CAST(90000.00 AS Decimal(18, 2)), 1, CAST(90000.00 AS Decimal(18, 2)), 5, CAST(18012 AS Numeric(18, 0)), 1, NULL)
INSERT SALESTRANSACTION (TRANID, TRANDATE, TRANTIME, CUSTOMERID, VEHICLEID, PRICE, QUANTITY, AMOUNT, BRANCHID, STAFFID, STATUSID, STATUSREASON) VALUES (CAST(431 AS Numeric(18, 0)), CAST(0x2F3E0B00 AS Date), CAST(0x0700F887E7880000 AS Time), CAST(20021 AS Numeric(18, 0)), 185, CAST(60000.00 AS Decimal(18, 2)), 1, CAST(60000.00 AS Decimal(18, 2)), 1, CAST(18037 AS Numeric(18, 0)), 1, NULL)
INSERT SALESTRANSACTION (TRANID, TRANDATE, TRANTIME, CUSTOMERID, VEHICLEID, PRICE, QUANTITY, AMOUNT, BRANCHID, STAFFID, STATUSID, STATUSREASON) VALUES (CAST(432 AS Numeric(18, 0)), CAST(0x323E0B00 AS Date), CAST(0x0700C03AC26F0000 AS Time), CAST(20022 AS Numeric(18, 0)), 192, CAST(78000.00 AS Decimal(18, 2)), 1, CAST(78000.00 AS Decimal(18, 2)), 6, CAST(18016 AS Numeric(18, 0)), 1, NULL)
INSERT SALESTRANSACTION (TRANID, TRANDATE, TRANTIME, CUSTOMERID, VEHICLEID, PRICE, QUANTITY, AMOUNT, BRANCHID, STAFFID, STATUSID, STATUSREASON) VALUES (CAST(433 AS Numeric(18, 0)), CAST(0x323E0B00 AS Date), CAST(0x0700F887E7880000 AS Time), CAST(20023 AS Numeric(18, 0)), 192, CAST(78000.00 AS Decimal(18, 2)), 1, CAST(78000.00 AS Decimal(18, 2)), 6, CAST(18016 AS Numeric(18, 0)), 1, NULL)
INSERT SALESTRANSACTION (TRANID, TRANDATE, TRANTIME, CUSTOMERID, VEHICLEID, PRICE, QUANTITY, AMOUNT, BRANCHID, STAFFID, STATUSID, STATUSREASON) VALUES (CAST(434 AS Numeric(18, 0)), CAST(0x383E0B00 AS Date), CAST(0x070028FF23780000 AS Time), CAST(20025 AS Numeric(18, 0)), 114, CAST(60000.00 AS Decimal(18, 2)), 1, CAST(60000.00 AS Decimal(18, 2)), 1, CAST(18019 AS Numeric(18, 0)), 1, NULL)
INSERT SALESTRANSACTION (TRANID, TRANDATE, TRANTIME, CUSTOMERID, VEHICLEID, PRICE, QUANTITY, AMOUNT, BRANCHID, STAFFID, STATUSID, STATUSREASON) VALUES (CAST(435 AS Numeric(18, 0)), CAST(0x383E0B00 AS Date), CAST(0x070090C385800000 AS Time), CAST(20026 AS Numeric(18, 0)), 201, CAST(70000.00 AS Decimal(18, 2)), 1, CAST(70000.00 AS Decimal(18, 2)), 6, CAST(19025 AS Numeric(18, 0)), 1, NULL)
INSERT SALESTRANSACTION (TRANID, TRANDATE, TRANTIME, CUSTOMERID, VEHICLEID, PRICE, QUANTITY, AMOUNT, BRANCHID, STAFFID, STATUSID, STATUSREASON) VALUES (CAST(436 AS Numeric(18, 0)), CAST(0x573E0B00 AS Date), CAST(0x0700C03AC26F0000 AS Time), CAST(20027 AS Numeric(18, 0)), 185, CAST(60000.00 AS Decimal(18, 2)), 1, CAST(60000.00 AS Decimal(18, 2)), 1, CAST(18037 AS Numeric(18, 0)), 1, NULL)
INSERT SALESTRANSACTION (TRANID, TRANDATE, TRANTIME, CUSTOMERID, VEHICLEID, PRICE, QUANTITY, AMOUNT, BRANCHID, STAFFID, STATUSID, STATUSREASON) VALUES (CAST(437 AS Numeric(18, 0)), CAST(0x063F0B00 AS Date), CAST(0x0700F0B1FE5E0000 AS Time), CAST(20032 AS Numeric(18, 0)), 192, CAST(78000.00 AS Decimal(18, 2)), 1, CAST(78000.00 AS Decimal(18, 2)), 6, CAST(18016 AS Numeric(18, 0)), 1, NULL)
INSERT SALESTRANSACTION (TRANID, TRANDATE, TRANTIME, CUSTOMERID, VEHICLEID, PRICE, QUANTITY, AMOUNT, BRANCHID, STAFFID, STATUSID, STATUSREASON) VALUES (CAST(438 AS Numeric(18, 0)), CAST(0x063F0B00 AS Date), CAST(0x0700C03AC26F0000 AS Time), CAST(20033 AS Numeric(18, 0)), 113, CAST(100000.00 AS Decimal(18, 2)), 1, CAST(100000.00 AS Decimal(18, 2)), 7, CAST(18014 AS Numeric(18, 0)), 1, NULL)
INSERT SALESTRANSACTION (TRANID, TRANDATE, TRANTIME, CUSTOMERID, VEHICLEID, PRICE, QUANTITY, AMOUNT, BRANCHID, STAFFID, STATUSID, STATUSREASON) VALUES (CAST(439 AS Numeric(18, 0)), CAST(0x0F3F0B00 AS Date), CAST(0x070028FF23780000 AS Time), CAST(20034 AS Numeric(18, 0)), 117, CAST(78000.00 AS Decimal(18, 2)), 1, CAST(78000.00 AS Decimal(18, 2)), 1, CAST(18014 AS Numeric(18, 0)), 1, NULL)
INSERT SALESTRANSACTION (TRANID, TRANDATE, TRANTIME, CUSTOMERID, VEHICLEID, PRICE, QUANTITY, AMOUNT, BRANCHID, STAFFID, STATUSID, STATUSREASON) VALUES (CAST(440 AS Numeric(18, 0)), CAST(0x273F0B00 AS Date), CAST(0x070090C385800000 AS Time), CAST(20035 AS Numeric(18, 0)), 137, CAST(78000.00 AS Decimal(18, 2)), 1, CAST(78000.00 AS Decimal(18, 2)), 6, CAST(18010 AS Numeric(18, 0)), 1, NULL)
INSERT SALESTRANSACTION (TRANID, TRANDATE, TRANTIME, CUSTOMERID, VEHICLEID, PRICE, QUANTITY, AMOUNT, BRANCHID, STAFFID, STATUSID, STATUSREASON) VALUES (CAST(441 AS Numeric(18, 0)), CAST(0x2C3F0B00 AS Date), CAST(0x0700F0B1FE5E0000 AS Time), CAST(20036 AS Numeric(18, 0)), 157, CAST(78000.00 AS Decimal(18, 2)), 1, CAST(78000.00 AS Decimal(18, 2)), 1, CAST(19019 AS Numeric(18, 0)), 1, NULL)
INSERT SALESTRANSACTION (TRANID, TRANDATE, TRANTIME, CUSTOMERID, VEHICLEID, PRICE, QUANTITY, AMOUNT, BRANCHID, STAFFID, STATUSID, STATUSREASON) VALUES (CAST(442 AS Numeric(18, 0)), CAST(0x2C3F0B00 AS Date), CAST(0x0700587660670000 AS Time), CAST(20037 AS Numeric(18, 0)), 142, CAST(60000.00 AS Decimal(18, 2)), 1, CAST(60000.00 AS Decimal(18, 2)), 7, CAST(18010 AS Numeric(18, 0)), 1, NULL)
INSERT SALESTRANSACTION (TRANID, TRANDATE, TRANTIME, CUSTOMERID, VEHICLEID, PRICE, QUANTITY, AMOUNT, BRANCHID, STAFFID, STATUSID, STATUSREASON) VALUES (CAST(443 AS Numeric(18, 0)), CAST(0x2C3F0B00 AS Date), CAST(0x0700587660670000 AS Time), CAST(20038 AS Numeric(18, 0)), 177, CAST(78000.00 AS Decimal(18, 2)), 1, CAST(78000.00 AS Decimal(18, 2)), 1, CAST(18014 AS Numeric(18, 0)), 1, NULL)
INSERT SALESTRANSACTION (TRANID, TRANDATE, TRANTIME, CUSTOMERID, VEHICLEID, PRICE, QUANTITY, AMOUNT, BRANCHID, STAFFID, STATUSID, STATUSREASON) VALUES (CAST(444 AS Numeric(18, 0)), CAST(0x2C3F0B00 AS Date), CAST(0x0700C03AC26F0000 AS Time), CAST(20039 AS Numeric(18, 0)), 123, CAST(60000.00 AS Decimal(18, 2)), 1, CAST(60000.00 AS Decimal(18, 2)), 1, CAST(18016 AS Numeric(18, 0)), 1, NULL)
INSERT SALESTRANSACTION (TRANID, TRANDATE, TRANTIME, CUSTOMERID, VEHICLEID, PRICE, QUANTITY, AMOUNT, BRANCHID, STAFFID, STATUSID, STATUSREASON) VALUES (CAST(445 AS Numeric(18, 0)), CAST(0x2C3F0B00 AS Date), CAST(0x0700C03AC26F0000 AS Time), CAST(20040 AS Numeric(18, 0)), 157, CAST(78000.00 AS Decimal(18, 2)), 1, CAST(78000.00 AS Decimal(18, 2)), 1, CAST(19019 AS Numeric(18, 0)), 1, NULL)
INSERT SALESTRANSACTION (TRANID, TRANDATE, TRANTIME, CUSTOMERID, VEHICLEID, PRICE, QUANTITY, AMOUNT, BRANCHID, STAFFID, STATUSID, STATUSREASON) VALUES (CAST(446 AS Numeric(18, 0)), CAST(0x2C3F0B00 AS Date), CAST(0x070028FF23780000 AS Time), CAST(20041 AS Numeric(18, 0)), 144, CAST(90000.00 AS Decimal(18, 2)), 1, CAST(90000.00 AS Decimal(18, 2)), 1, CAST(18010 AS Numeric(18, 0)), 1, NULL)
INSERT SALESTRANSACTION (TRANID, TRANDATE, TRANTIME, CUSTOMERID, VEHICLEID, PRICE, QUANTITY, AMOUNT, BRANCHID, STAFFID, STATUSID, STATUSREASON) VALUES (CAST(447 AS Numeric(18, 0)), CAST(0x2C3F0B00 AS Date), CAST(0x070028FF23780000 AS Time), CAST(20042 AS Numeric(18, 0)), 157, CAST(78000.00 AS Decimal(18, 2)), 1, CAST(78000.00 AS Decimal(18, 2)), 1, CAST(19019 AS Numeric(18, 0)), 1, NULL)
INSERT SALESTRANSACTION (TRANID, TRANDATE, TRANTIME, CUSTOMERID, VEHICLEID, PRICE, QUANTITY, AMOUNT, BRANCHID, STAFFID, STATUSID, STATUSREASON) VALUES (CAST(448 AS Numeric(18, 0)), CAST(0x2C3F0B00 AS Date), CAST(0x0700F887E7880000 AS Time), CAST(20046 AS Numeric(18, 0)), 130, CAST(89000.00 AS Decimal(18, 2)), 1, CAST(89000.00 AS Decimal(18, 2)), 7, CAST(20004 AS Numeric(18, 0)), 1, NULL)
INSERT SALESTRANSACTION (TRANID, TRANDATE, TRANTIME, CUSTOMERID, VEHICLEID, PRICE, QUANTITY, AMOUNT, BRANCHID, STAFFID, STATUSID, STATUSREASON) VALUES (CAST(449 AS Numeric(18, 0)), CAST(0x473F0B00 AS Date), CAST(0x0700F0B1FE5E0000 AS Time), CAST(20047 AS Numeric(18, 0)), 135, CAST(45000.00 AS Decimal(18, 2)), 1, CAST(45000.00 AS Decimal(18, 2)), 1, CAST(18019 AS Numeric(18, 0)), 1, NULL)
INSERT SALESTRANSACTION (TRANID, TRANDATE, TRANTIME, CUSTOMERID, VEHICLEID, PRICE, QUANTITY, AMOUNT, BRANCHID, STAFFID, STATUSID, STATUSREASON) VALUES (CAST(450 AS Numeric(18, 0)), CAST(0x473F0B00 AS Date), CAST(0x0700587660670000 AS Time), CAST(20049 AS Numeric(18, 0)), 116, CAST(60000.00 AS Decimal(18, 2)), 1, CAST(60000.00 AS Decimal(18, 2)), 6, CAST(18012 AS Numeric(18, 0)), 1, NULL)
INSERT SALESTRANSACTION (TRANID, TRANDATE, TRANTIME, CUSTOMERID, VEHICLEID, PRICE, QUANTITY, AMOUNT, BRANCHID, STAFFID, STATUSID, STATUSREASON) VALUES (CAST(451 AS Numeric(18, 0)), CAST(0x473F0B00 AS Date), CAST(0x0700587660670000 AS Time), CAST(20050 AS Numeric(18, 0)), 170, CAST(89000.00 AS Decimal(18, 2)), 1, CAST(89000.00 AS Decimal(18, 2)), 7, CAST(18019 AS Numeric(18, 0)), 1, NULL)
INSERT SALESTRANSACTION (TRANID, TRANDATE, TRANTIME, CUSTOMERID, VEHICLEID, PRICE, QUANTITY, AMOUNT, BRANCHID, STAFFID, STATUSID, STATUSREASON) VALUES (CAST(452 AS Numeric(18, 0)), CAST(0x473F0B00 AS Date), CAST(0x0700C03AC26F0000 AS Time), CAST(20051 AS Numeric(18, 0)), 150, CAST(89000.00 AS Decimal(18, 2)), 1, CAST(89000.00 AS Decimal(18, 2)), 6, CAST(18012 AS Numeric(18, 0)), 1, NULL)
INSERT SALESTRANSACTION (TRANID, TRANDATE, TRANTIME, CUSTOMERID, VEHICLEID, PRICE, QUANTITY, AMOUNT, BRANCHID, STAFFID, STATUSID, STATUSREASON) VALUES (CAST(453 AS Numeric(18, 0)), CAST(0x473F0B00 AS Date), CAST(0x070028FF23780000 AS Time), CAST(20052 AS Numeric(18, 0)), 128, CAST(130000.00 AS Decimal(18, 2)), 1, CAST(130000.00 AS Decimal(18, 2)), 1, CAST(19019 AS Numeric(18, 0)), 1, NULL)
INSERT SALESTRANSACTION (TRANID, TRANDATE, TRANTIME, CUSTOMERID, VEHICLEID, PRICE, QUANTITY, AMOUNT, BRANCHID, STAFFID, STATUSID, STATUSREASON) VALUES (CAST(454 AS Numeric(18, 0)), CAST(0x473F0B00 AS Date), CAST(0x070090C385800000 AS Time), CAST(20053 AS Numeric(18, 0)), 122, CAST(60000.00 AS Decimal(18, 2)), 1, CAST(60000.00 AS Decimal(18, 2)), 6, CAST(18014 AS Numeric(18, 0)), 1, NULL)
INSERT SALESTRANSACTION (TRANID, TRANDATE, TRANTIME, CUSTOMERID, VEHICLEID, PRICE, QUANTITY, AMOUNT, BRANCHID, STAFFID, STATUSID, STATUSREASON) VALUES (CAST(455 AS Numeric(18, 0)), CAST(0x473F0B00 AS Date), CAST(0x0700F887E7880000 AS Time), CAST(20056 AS Numeric(18, 0)), 122, CAST(60000.00 AS Decimal(18, 2)), 1, CAST(60000.00 AS Decimal(18, 2)), 6, CAST(18014 AS Numeric(18, 0)), 1, NULL)
INSERT SALESTRANSACTION (TRANID, TRANDATE, TRANTIME, CUSTOMERID, VEHICLEID, PRICE, QUANTITY, AMOUNT, BRANCHID, STAFFID, STATUSID, STATUSREASON) VALUES (CAST(456 AS Numeric(18, 0)), CAST(0x4B3F0B00 AS Date), CAST(0x0700F0B1FE5E0000 AS Time), CAST(20057 AS Numeric(18, 0)), 167, CAST(60000.00 AS Decimal(18, 2)), 1, CAST(60000.00 AS Decimal(18, 2)), 6, CAST(18012 AS Numeric(18, 0)), 1, NULL)
INSERT SALESTRANSACTION (TRANID, TRANDATE, TRANTIME, CUSTOMERID, VEHICLEID, PRICE, QUANTITY, AMOUNT, BRANCHID, STAFFID, STATUSID, STATUSREASON) VALUES (CAST(457 AS Numeric(18, 0)), CAST(0x4B3F0B00 AS Date), CAST(0x0700C03AC26F0000 AS Time), CAST(20058 AS Numeric(18, 0)), 156, CAST(60000.00 AS Decimal(18, 2)), 1, CAST(60000.00 AS Decimal(18, 2)), 1, CAST(19015 AS Numeric(18, 0)), 1, NULL)
INSERT SALESTRANSACTION (TRANID, TRANDATE, TRANTIME, CUSTOMERID, VEHICLEID, PRICE, QUANTITY, AMOUNT, BRANCHID, STAFFID, STATUSID, STATUSREASON) VALUES (CAST(458 AS Numeric(18, 0)), CAST(0x4B3F0B00 AS Date), CAST(0x070028FF23780000 AS Time), CAST(20059 AS Numeric(18, 0)), 167, CAST(60000.00 AS Decimal(18, 2)), 1, CAST(60000.00 AS Decimal(18, 2)), 6, CAST(18012 AS Numeric(18, 0)), 1, NULL)
INSERT SALESTRANSACTION (TRANID, TRANDATE, TRANTIME, CUSTOMERID, VEHICLEID, PRICE, QUANTITY, AMOUNT, BRANCHID, STAFFID, STATUSID, STATUSREASON) VALUES (CAST(459 AS Numeric(18, 0)), CAST(0x4B3F0B00 AS Date), CAST(0x070090C385800000 AS Time), CAST(20060 AS Numeric(18, 0)), 156, CAST(60000.00 AS Decimal(18, 2)), 1, CAST(60000.00 AS Decimal(18, 2)), 1, CAST(19015 AS Numeric(18, 0)), 1, NULL)
INSERT SALESTRANSACTION (TRANID, TRANDATE, TRANTIME, CUSTOMERID, VEHICLEID, PRICE, QUANTITY, AMOUNT, BRANCHID, STAFFID, STATUSID, STATUSREASON) VALUES (CAST(460 AS Numeric(18, 0)), CAST(0x4B3F0B00 AS Date), CAST(0x0700F887E7880000 AS Time), CAST(20062 AS Numeric(18, 0)), 163, CAST(60000.00 AS Decimal(18, 2)), 1, CAST(60000.00 AS Decimal(18, 2)), 1, CAST(18019 AS Numeric(18, 0)), 1, NULL)
INSERT SALESTRANSACTION (TRANID, TRANDATE, TRANTIME, CUSTOMERID, VEHICLEID, PRICE, QUANTITY, AMOUNT, BRANCHID, STAFFID, STATUSID, STATUSREASON) VALUES (CAST(461 AS Numeric(18, 0)), CAST(0x833F0B00 AS Date), CAST(0x0700F0B1FE5E0000 AS Time), CAST(20063 AS Numeric(18, 0)), 175, CAST(45000.00 AS Decimal(18, 2)), 1, CAST(45000.00 AS Decimal(18, 2)), 1, CAST(18012 AS Numeric(18, 0)), 1, NULL)
INSERT SALESTRANSACTION (TRANID, TRANDATE, TRANTIME, CUSTOMERID, VEHICLEID, PRICE, QUANTITY, AMOUNT, BRANCHID, STAFFID, STATUSID, STATUSREASON) VALUES (CAST(462 AS Numeric(18, 0)), CAST(0x833F0B00 AS Date), CAST(0x0700587660670000 AS Time), CAST(20064 AS Numeric(18, 0)), 136, CAST(60000.00 AS Decimal(18, 2)), 1, CAST(60000.00 AS Decimal(18, 2)), 1, CAST(18021 AS Numeric(18, 0)), 1, NULL)
INSERT SALESTRANSACTION (TRANID, TRANDATE, TRANTIME, CUSTOMERID, VEHICLEID, PRICE, QUANTITY, AMOUNT, BRANCHID, STAFFID, STATUSID, STATUSREASON) VALUES (CAST(463 AS Numeric(18, 0)), CAST(0x833F0B00 AS Date), CAST(0x0700587660670000 AS Time), CAST(20065 AS Numeric(18, 0)), 192, CAST(78000.00 AS Decimal(18, 2)), 1, CAST(78000.00 AS Decimal(18, 2)), 6, CAST(18016 AS Numeric(18, 0)), 1, NULL)
INSERT SALESTRANSACTION (TRANID, TRANDATE, TRANTIME, CUSTOMERID, VEHICLEID, PRICE, QUANTITY, AMOUNT, BRANCHID, STAFFID, STATUSID, STATUSREASON) VALUES (CAST(464 AS Numeric(18, 0)), CAST(0x833F0B00 AS Date), CAST(0x0700C03AC26F0000 AS Time), CAST(20066 AS Numeric(18, 0)), 117, CAST(78000.00 AS Decimal(18, 2)), 1, CAST(78000.00 AS Decimal(18, 2)), 1, CAST(18014 AS Numeric(18, 0)), 1, NULL)
INSERT SALESTRANSACTION (TRANID, TRANDATE, TRANTIME, CUSTOMERID, VEHICLEID, PRICE, QUANTITY, AMOUNT, BRANCHID, STAFFID, STATUSID, STATUSREASON) VALUES (CAST(465 AS Numeric(18, 0)), CAST(0x833F0B00 AS Date), CAST(0x0700C03AC26F0000 AS Time), CAST(20067 AS Numeric(18, 0)), 192, CAST(78000.00 AS Decimal(18, 2)), 1, CAST(78000.00 AS Decimal(18, 2)), 6, CAST(18016 AS Numeric(18, 0)), 1, NULL)
INSERT SALESTRANSACTION (TRANID, TRANDATE, TRANTIME, CUSTOMERID, VEHICLEID, PRICE, QUANTITY, AMOUNT, BRANCHID, STAFFID, STATUSID, STATUSREASON) VALUES (CAST(466 AS Numeric(18, 0)), CAST(0x833F0B00 AS Date), CAST(0x070028FF23780000 AS Time), CAST(20068 AS Numeric(18, 0)), 192, CAST(78000.00 AS Decimal(18, 2)), 1, CAST(78000.00 AS Decimal(18, 2)), 6, CAST(18016 AS Numeric(18, 0)), 1, NULL)
INSERT SALESTRANSACTION (TRANID, TRANDATE, TRANTIME, CUSTOMERID, VEHICLEID, PRICE, QUANTITY, AMOUNT, BRANCHID, STAFFID, STATUSID, STATUSREASON) VALUES (CAST(467 AS Numeric(18, 0)), CAST(0x833F0B00 AS Date), CAST(0x070090C385800000 AS Time), CAST(20069 AS Numeric(18, 0)), 129, CAST(60000.00 AS Decimal(18, 2)), 1, CAST(60000.00 AS Decimal(18, 2)), 1, CAST(19025 AS Numeric(18, 0)), 1, NULL)
INSERT SALESTRANSACTION (TRANID, TRANDATE, TRANTIME, CUSTOMERID, VEHICLEID, PRICE, QUANTITY, AMOUNT, BRANCHID, STAFFID, STATUSID, STATUSREASON) VALUES (CAST(468 AS Numeric(18, 0)), CAST(0x833F0B00 AS Date), CAST(0x0700F887E7880000 AS Time), CAST(20072 AS Numeric(18, 0)), 192, CAST(78000.00 AS Decimal(18, 2)), 1, CAST(78000.00 AS Decimal(18, 2)), 6, CAST(18016 AS Numeric(18, 0)), 1, NULL)
INSERT SALESTRANSACTION (TRANID, TRANDATE, TRANTIME, CUSTOMERID, VEHICLEID, PRICE, QUANTITY, AMOUNT, BRANCHID, STAFFID, STATUSID, STATUSREASON) VALUES (CAST(469 AS Numeric(18, 0)), CAST(0x9C3F0B00 AS Date), CAST(0x0700F0B1FE5E0000 AS Time), CAST(20073 AS Numeric(18, 0)), 131, CAST(60000.00 AS Decimal(18, 2)), 1, CAST(60000.00 AS Decimal(18, 2)), 1, CAST(18012 AS Numeric(18, 0)), 1, NULL)
INSERT SALESTRANSACTION (TRANID, TRANDATE, TRANTIME, CUSTOMERID, VEHICLEID, PRICE, QUANTITY, AMOUNT, BRANCHID, STAFFID, STATUSID, STATUSREASON) VALUES (CAST(470 AS Numeric(18, 0)), CAST(0x9C3F0B00 AS Date), CAST(0x0700F0B1FE5E0000 AS Time), CAST(20074 AS Numeric(18, 0)), 192, CAST(78000.00 AS Decimal(18, 2)), 1, CAST(78000.00 AS Decimal(18, 2)), 6, CAST(18016 AS Numeric(18, 0)), 1, NULL)
INSERT SALESTRANSACTION (TRANID, TRANDATE, TRANTIME, CUSTOMERID, VEHICLEID, PRICE, QUANTITY, AMOUNT, BRANCHID, STAFFID, STATUSID, STATUSREASON) VALUES (CAST(471 AS Numeric(18, 0)), CAST(0x9C3F0B00 AS Date), CAST(0x0700587660670000 AS Time), CAST(20076 AS Numeric(18, 0)), 192, CAST(78000.00 AS Decimal(18, 2)), 1, CAST(78000.00 AS Decimal(18, 2)), 6, CAST(18016 AS Numeric(18, 0)), 1, NULL)
INSERT SALESTRANSACTION (TRANID, TRANDATE, TRANTIME, CUSTOMERID, VEHICLEID, PRICE, QUANTITY, AMOUNT, BRANCHID, STAFFID, STATUSID, STATUSREASON) VALUES (CAST(472 AS Numeric(18, 0)), CAST(0x9C3F0B00 AS Date), CAST(0x0700C03AC26F0000 AS Time), CAST(20077 AS Numeric(18, 0)), 143, CAST(60000.00 AS Decimal(18, 2)), 1, CAST(60000.00 AS Decimal(18, 2)), 1, CAST(18012 AS Numeric(18, 0)), 1, NULL)
INSERT SALESTRANSACTION (TRANID, TRANDATE, TRANTIME, CUSTOMERID, VEHICLEID, PRICE, QUANTITY, AMOUNT, BRANCHID, STAFFID, STATUSID, STATUSREASON) VALUES (CAST(473 AS Numeric(18, 0)), CAST(0x9C3F0B00 AS Date), CAST(0x0700C03AC26F0000 AS Time), CAST(20079 AS Numeric(18, 0)), 192, CAST(78000.00 AS Decimal(18, 2)), 1, CAST(78000.00 AS Decimal(18, 2)), 6, CAST(18016 AS Numeric(18, 0)), 1, NULL)
INSERT SALESTRANSACTION (TRANID, TRANDATE, TRANTIME, CUSTOMERID, VEHICLEID, PRICE, QUANTITY, AMOUNT, BRANCHID, STAFFID, STATUSID, STATUSREASON) VALUES (CAST(474 AS Numeric(18, 0)), CAST(0x9C3F0B00 AS Date), CAST(0x070028FF23780000 AS Time), CAST(20086 AS Numeric(18, 0)), 124, CAST(90000.00 AS Decimal(18, 2)), 1, CAST(90000.00 AS Decimal(18, 2)), 1, CAST(18017 AS Numeric(18, 0)), 1, NULL)
INSERT SALESTRANSACTION (TRANID, TRANDATE, TRANTIME, CUSTOMERID, VEHICLEID, PRICE, QUANTITY, AMOUNT, BRANCHID, STAFFID, STATUSID, STATUSREASON) VALUES (CAST(475 AS Numeric(18, 0)), CAST(0x9C3F0B00 AS Date), CAST(0x070028FF23780000 AS Time), CAST(20088 AS Numeric(18, 0)), 192, CAST(78000.00 AS Decimal(18, 2)), 1, CAST(78000.00 AS Decimal(18, 2)), 6, CAST(18016 AS Numeric(18, 0)), 1, NULL)
INSERT SALESTRANSACTION (TRANID, TRANDATE, TRANTIME, CUSTOMERID, VEHICLEID, PRICE, QUANTITY, AMOUNT, BRANCHID, STAFFID, STATUSID, STATUSREASON) VALUES (CAST(476 AS Numeric(18, 0)), CAST(0x9C3F0B00 AS Date), CAST(0x070090C385800000 AS Time), CAST(20090 AS Numeric(18, 0)), 192, CAST(78000.00 AS Decimal(18, 2)), 1, CAST(78000.00 AS Decimal(18, 2)), 6, CAST(18016 AS Numeric(18, 0)), 1, NULL)
INSERT SALESTRANSACTION (TRANID, TRANDATE, TRANTIME, CUSTOMERID, VEHICLEID, PRICE, QUANTITY, AMOUNT, BRANCHID, STAFFID, STATUSID, STATUSREASON) VALUES (CAST(477 AS Numeric(18, 0)), CAST(0x9F3F0B00 AS Date), CAST(0x0700F0B1FE5E0000 AS Time), CAST(20091 AS Numeric(18, 0)), 192, CAST(78000.00 AS Decimal(18, 2)), 1, CAST(78000.00 AS Decimal(18, 2)), 6, CAST(18016 AS Numeric(18, 0)), 1, NULL)
INSERT SALESTRANSACTION (TRANID, TRANDATE, TRANTIME, CUSTOMERID, VEHICLEID, PRICE, QUANTITY, AMOUNT, BRANCHID, STAFFID, STATUSID, STATUSREASON) VALUES (CAST(478 AS Numeric(18, 0)), CAST(0x9F3F0B00 AS Date), CAST(0x0700587660670000 AS Time), CAST(19002 AS Numeric(18, 0)), 192, CAST(78000.00 AS Decimal(18, 2)), 1, CAST(78000.00 AS Decimal(18, 2)), 6, CAST(18016 AS Numeric(18, 0)), 1, NULL)
INSERT SALESTRANSACTION (TRANID, TRANDATE, TRANTIME, CUSTOMERID, VEHICLEID, PRICE, QUANTITY, AMOUNT, BRANCHID, STAFFID, STATUSID, STATUSREASON) VALUES (CAST(479 AS Numeric(18, 0)), CAST(0x9F3F0B00 AS Date), CAST(0x0700C03AC26F0000 AS Time), CAST(20001 AS Numeric(18, 0)), 127, CAST(60000.00 AS Decimal(18, 2)), 1, CAST(60000.00 AS Decimal(18, 2)), 7, CAST(19015 AS Numeric(18, 0)), 1, NULL)
INSERT SALESTRANSACTION (TRANID, TRANDATE, TRANTIME, CUSTOMERID, VEHICLEID, PRICE, QUANTITY, AMOUNT, BRANCHID, STAFFID, STATUSID, STATUSREASON) VALUES (CAST(480 AS Numeric(18, 0)), CAST(0x9F3F0B00 AS Date), CAST(0x070028FF23780000 AS Time), CAST(20002 AS Numeric(18, 0)), 134, CAST(60000.00 AS Decimal(18, 2)), 1, CAST(60000.00 AS Decimal(18, 2)), 7, CAST(18017 AS Numeric(18, 0)), 1, NULL)
INSERT SALESTRANSACTION (TRANID, TRANDATE, TRANTIME, CUSTOMERID, VEHICLEID, PRICE, QUANTITY, AMOUNT, BRANCHID, STAFFID, STATUSID, STATUSREASON) VALUES (CAST(481 AS Numeric(18, 0)), CAST(0x9F3F0B00 AS Date), CAST(0x070028FF23780000 AS Time), CAST(20004 AS Numeric(18, 0)), 117, CAST(78000.00 AS Decimal(18, 2)), 1, CAST(78000.00 AS Decimal(18, 2)), 1, CAST(18014 AS Numeric(18, 0)), 1, NULL)
INSERT SALESTRANSACTION (TRANID, TRANDATE, TRANTIME, CUSTOMERID, VEHICLEID, PRICE, QUANTITY, AMOUNT, BRANCHID, STAFFID, STATUSID, STATUSREASON) VALUES (CAST(482 AS Numeric(18, 0)), CAST(0xA53F0B00 AS Date), CAST(0x0700F0B1FE5E0000 AS Time), CAST(20005 AS Numeric(18, 0)), 137, CAST(78000.00 AS Decimal(18, 2)), 1, CAST(78000.00 AS Decimal(18, 2)), 6, CAST(18010 AS Numeric(18, 0)), 1, NULL)
INSERT SALESTRANSACTION (TRANID, TRANDATE, TRANTIME, CUSTOMERID, VEHICLEID, PRICE, QUANTITY, AMOUNT, BRANCHID, STAFFID, STATUSID, STATUSREASON) VALUES (CAST(483 AS Numeric(18, 0)), CAST(0xA53F0B00 AS Date), CAST(0x0700587660670000 AS Time), CAST(20006 AS Numeric(18, 0)), 126, CAST(70000.00 AS Decimal(18, 2)), 1, CAST(70000.00 AS Decimal(18, 2)), 6, CAST(18037 AS Numeric(18, 0)), 1, NULL)
INSERT SALESTRANSACTION (TRANID, TRANDATE, TRANTIME, CUSTOMERID, VEHICLEID, PRICE, QUANTITY, AMOUNT, BRANCHID, STAFFID, STATUSID, STATUSREASON) VALUES (CAST(484 AS Numeric(18, 0)), CAST(0xA53F0B00 AS Date), CAST(0x0700C03AC26F0000 AS Time), CAST(20007 AS Numeric(18, 0)), 133, CAST(100000.00 AS Decimal(18, 2)), 1, CAST(100000.00 AS Decimal(18, 2)), 6, CAST(18016 AS Numeric(18, 0)), 1, NULL)
INSERT SALESTRANSACTION (TRANID, TRANDATE, TRANTIME, CUSTOMERID, VEHICLEID, PRICE, QUANTITY, AMOUNT, BRANCHID, STAFFID, STATUSID, STATUSREASON) VALUES (CAST(485 AS Numeric(18, 0)), CAST(0xA53F0B00 AS Date), CAST(0x0700C03AC26F0000 AS Time), CAST(20008 AS Numeric(18, 0)), 157, CAST(78000.00 AS Decimal(18, 2)), 1, CAST(78000.00 AS Decimal(18, 2)), 1, CAST(19019 AS Numeric(18, 0)), 1, NULL)
INSERT SALESTRANSACTION (TRANID, TRANDATE, TRANTIME, CUSTOMERID, VEHICLEID, PRICE, QUANTITY, AMOUNT, BRANCHID, STAFFID, STATUSID, STATUSREASON) VALUES (CAST(486 AS Numeric(18, 0)), CAST(0xA53F0B00 AS Date), CAST(0x070028FF23780000 AS Time), CAST(20010 AS Numeric(18, 0)), 177, CAST(78000.00 AS Decimal(18, 2)), 1, CAST(78000.00 AS Decimal(18, 2)), 1, CAST(18014 AS Numeric(18, 0)), 1, NULL)
INSERT SALESTRANSACTION (TRANID, TRANDATE, TRANTIME, CUSTOMERID, VEHICLEID, PRICE, QUANTITY, AMOUNT, BRANCHID, STAFFID, STATUSID, STATUSREASON) VALUES (CAST(487 AS Numeric(18, 0)), CAST(0xA53F0B00 AS Date), CAST(0x0700F887E7880000 AS Time), CAST(20011 AS Numeric(18, 0)), 157, CAST(78000.00 AS Decimal(18, 2)), 1, CAST(78000.00 AS Decimal(18, 2)), 1, CAST(19019 AS Numeric(18, 0)), 1, NULL)
INSERT SALESTRANSACTION (TRANID, TRANDATE, TRANTIME, CUSTOMERID, VEHICLEID, PRICE, QUANTITY, AMOUNT, BRANCHID, STAFFID, STATUSID, STATUSREASON) VALUES (CAST(488 AS Numeric(18, 0)), CAST(0xC43F0B00 AS Date), CAST(0x0700F0B1FE5E0000 AS Time), CAST(20012 AS Numeric(18, 0)), 121, CAST(69000.00 AS Decimal(18, 2)), 1, CAST(69000.00 AS Decimal(18, 2)), 1, CAST(18012 AS Numeric(18, 0)), 1, NULL)
INSERT SALESTRANSACTION (TRANID, TRANDATE, TRANTIME, CUSTOMERID, VEHICLEID, PRICE, QUANTITY, AMOUNT, BRANCHID, STAFFID, STATUSID, STATUSREASON) VALUES (CAST(489 AS Numeric(18, 0)), CAST(0xC43F0B00 AS Date), CAST(0x0700F0B1FE5E0000 AS Time), CAST(20013 AS Numeric(18, 0)), 157, CAST(78000.00 AS Decimal(18, 2)), 1, CAST(78000.00 AS Decimal(18, 2)), 1, CAST(19019 AS Numeric(18, 0)), 1, NULL)
INSERT SALESTRANSACTION (TRANID, TRANDATE, TRANTIME, CUSTOMERID, VEHICLEID, PRICE, QUANTITY, AMOUNT, BRANCHID, STAFFID, STATUSID, STATUSREASON) VALUES (CAST(490 AS Numeric(18, 0)), CAST(0xC43F0B00 AS Date), CAST(0x0700587660670000 AS Time), CAST(20014 AS Numeric(18, 0)), 130, CAST(89000.00 AS Decimal(18, 2)), 1, CAST(89000.00 AS Decimal(18, 2)), 7, CAST(20004 AS Numeric(18, 0)), 1, NULL)
INSERT SALESTRANSACTION (TRANID, TRANDATE, TRANTIME, CUSTOMERID, VEHICLEID, PRICE, QUANTITY, AMOUNT, BRANCHID, STAFFID, STATUSID, STATUSREASON) VALUES (CAST(491 AS Numeric(18, 0)), CAST(0xC43F0B00 AS Date), CAST(0x070028FF23780000 AS Time), CAST(20015 AS Numeric(18, 0)), 150, CAST(89000.00 AS Decimal(18, 2)), 1, CAST(89000.00 AS Decimal(18, 2)), 6, CAST(18012 AS Numeric(18, 0)), 1, NULL)
INSERT SALESTRANSACTION (TRANID, TRANDATE, TRANTIME, CUSTOMERID, VEHICLEID, PRICE, QUANTITY, AMOUNT, BRANCHID, STAFFID, STATUSID, STATUSREASON) VALUES (CAST(492 AS Numeric(18, 0)), CAST(0xC43F0B00 AS Date), CAST(0x0700F887E7880000 AS Time), CAST(20016 AS Numeric(18, 0)), 140, CAST(60000.00 AS Decimal(18, 2)), 1, CAST(60000.00 AS Decimal(18, 2)), 2, CAST(18014 AS Numeric(18, 0)), 1, NULL)
INSERT SALESTRANSACTION (TRANID, TRANDATE, TRANTIME, CUSTOMERID, VEHICLEID, PRICE, QUANTITY, AMOUNT, BRANCHID, STAFFID, STATUSID, STATUSREASON) VALUES (CAST(493 AS Numeric(18, 0)), CAST(0x1D400B00 AS Date), CAST(0x0700F0B1FE5E0000 AS Time), CAST(20017 AS Numeric(18, 0)), 170, CAST(89000.00 AS Decimal(18, 2)), 1, CAST(89000.00 AS Decimal(18, 2)), 7, CAST(18019 AS Numeric(18, 0)), 1, NULL)
INSERT SALESTRANSACTION (TRANID, TRANDATE, TRANTIME, CUSTOMERID, VEHICLEID, PRICE, QUANTITY, AMOUNT, BRANCHID, STAFFID, STATUSID, STATUSREASON) VALUES (CAST(494 AS Numeric(18, 0)), CAST(0x1D400B00 AS Date), CAST(0x0700587660670000 AS Time), CAST(20019 AS Numeric(18, 0)), 150, CAST(89000.00 AS Decimal(18, 2)), 1, CAST(89000.00 AS Decimal(18, 2)), 6, CAST(18012 AS Numeric(18, 0)), 1, NULL)
INSERT SALESTRANSACTION (TRANID, TRANDATE, TRANTIME, CUSTOMERID, VEHICLEID, PRICE, QUANTITY, AMOUNT, BRANCHID, STAFFID, STATUSID, STATUSREASON) VALUES (CAST(495 AS Numeric(18, 0)), CAST(0x1D400B00 AS Date), CAST(0x0700C03AC26F0000 AS Time), CAST(20020 AS Numeric(18, 0)), 137, CAST(78000.00 AS Decimal(18, 2)), 1, CAST(78000.00 AS Decimal(18, 2)), 6, CAST(18010 AS Numeric(18, 0)), 1, NULL)
INSERT SALESTRANSACTION (TRANID, TRANDATE, TRANTIME, CUSTOMERID, VEHICLEID, PRICE, QUANTITY, AMOUNT, BRANCHID, STAFFID, STATUSID, STATUSREASON) VALUES (CAST(496 AS Numeric(18, 0)), CAST(0x1D400B00 AS Date), CAST(0x0700C03AC26F0000 AS Time), CAST(20021 AS Numeric(18, 0)), 170, CAST(89000.00 AS Decimal(18, 2)), 1, CAST(89000.00 AS Decimal(18, 2)), 7, CAST(18019 AS Numeric(18, 0)), 1, NULL)
INSERT SALESTRANSACTION (TRANID, TRANDATE, TRANTIME, CUSTOMERID, VEHICLEID, PRICE, QUANTITY, AMOUNT, BRANCHID, STAFFID, STATUSID, STATUSREASON) VALUES (CAST(497 AS Numeric(18, 0)), CAST(0x1D400B00 AS Date), CAST(0x070028FF23780000 AS Time), CAST(20022 AS Numeric(18, 0)), 118, CAST(60000.00 AS Decimal(18, 2)), 1, CAST(60000.00 AS Decimal(18, 2)), 1, CAST(18014 AS Numeric(18, 0)), 1, NULL)
INSERT SALESTRANSACTION (TRANID, TRANDATE, TRANTIME, CUSTOMERID, VEHICLEID, PRICE, QUANTITY, AMOUNT, BRANCHID, STAFFID, STATUSID, STATUSREASON) VALUES (CAST(498 AS Numeric(18, 0)), CAST(0x3C400B00 AS Date), CAST(0x0700587660670000 AS Time), CAST(20023 AS Numeric(18, 0)), 150, CAST(89000.00 AS Decimal(18, 2)), 1, CAST(89000.00 AS Decimal(18, 2)), 6, CAST(18012 AS Numeric(18, 0)), 1, NULL)
INSERT SALESTRANSACTION (TRANID, TRANDATE, TRANTIME, CUSTOMERID, VEHICLEID, PRICE, QUANTITY, AMOUNT, BRANCHID, STAFFID, STATUSID, STATUSREASON) VALUES (CAST(499 AS Numeric(18, 0)), CAST(0x3C400B00 AS Date), CAST(0x0700C03AC26F0000 AS Time), CAST(20024 AS Numeric(18, 0)), 170, CAST(89000.00 AS Decimal(18, 2)), 1, CAST(89000.00 AS Decimal(18, 2)), 7, CAST(18019 AS Numeric(18, 0)), 1, NULL)
INSERT SALESTRANSACTION (TRANID, TRANDATE, TRANTIME, CUSTOMERID, VEHICLEID, PRICE, QUANTITY, AMOUNT, BRANCHID, STAFFID, STATUSID, STATUSREASON) VALUES (CAST(500 AS Numeric(18, 0)), CAST(0x3C400B00 AS Date), CAST(0x070028FF23780000 AS Time), CAST(20025 AS Numeric(18, 0)), 138, CAST(60000.00 AS Decimal(18, 2)), 1, CAST(60000.00 AS Decimal(18, 2)), 7, CAST(18012 AS Numeric(18, 0)), 1, NULL)
INSERT SALESTRANSACTION (TRANID, TRANDATE, TRANTIME, CUSTOMERID, VEHICLEID, PRICE, QUANTITY, AMOUNT, BRANCHID, STAFFID, STATUSID, STATUSREASON) VALUES (CAST(501 AS Numeric(18, 0)), CAST(0x3C400B00 AS Date), CAST(0x070028FF23780000 AS Time), CAST(20026 AS Numeric(18, 0)), 187, CAST(90000.00 AS Decimal(18, 2)), 1, CAST(90000.00 AS Decimal(18, 2)), 1, CAST(19019 AS Numeric(18, 0)), 1, NULL)
INSERT SALESTRANSACTION (TRANID, TRANDATE, TRANTIME, CUSTOMERID, VEHICLEID, PRICE, QUANTITY, AMOUNT, BRANCHID, STAFFID, STATUSID, STATUSREASON) VALUES (CAST(502 AS Numeric(18, 0)), CAST(0x3C400B00 AS Date), CAST(0x070090C385800000 AS Time), CAST(20027 AS Numeric(18, 0)), 119, CAST(60000.00 AS Decimal(18, 2)), 1, CAST(60000.00 AS Decimal(18, 2)), 7, CAST(18019 AS Numeric(18, 0)), 1, NULL)
INSERT SALESTRANSACTION (TRANID, TRANDATE, TRANTIME, CUSTOMERID, VEHICLEID, PRICE, QUANTITY, AMOUNT, BRANCHID, STAFFID, STATUSID, STATUSREASON) VALUES (CAST(503 AS Numeric(18, 0)), CAST(0x73400B00 AS Date), CAST(0x0700F0B1FE5E0000 AS Time), CAST(20028 AS Numeric(18, 0)), 125, CAST(60000.00 AS Decimal(18, 2)), 1, CAST(60000.00 AS Decimal(18, 2)), 5, CAST(18019 AS Numeric(18, 0)), 1, NULL)
INSERT SALESTRANSACTION (TRANID, TRANDATE, TRANTIME, CUSTOMERID, VEHICLEID, PRICE, QUANTITY, AMOUNT, BRANCHID, STAFFID, STATUSID, STATUSREASON) VALUES (CAST(504 AS Numeric(18, 0)), CAST(0x73400B00 AS Date), CAST(0x0700587660670000 AS Time), CAST(20031 AS Numeric(18, 0)), 167, CAST(60000.00 AS Decimal(18, 2)), 1, CAST(60000.00 AS Decimal(18, 2)), 6, CAST(18012 AS Numeric(18, 0)), 0, N'Bend Chassis, returned')
INSERT SALESTRANSACTION (TRANID, TRANDATE, TRANTIME, CUSTOMERID, VEHICLEID, PRICE, QUANTITY, AMOUNT, BRANCHID, STAFFID, STATUSID, STATUSREASON) VALUES (CAST(505 AS Numeric(18, 0)), CAST(0x73400B00 AS Date), CAST(0x0700587660670000 AS Time), CAST(20029 AS Numeric(18, 0)), 132, CAST(90000.00 AS Decimal(18, 2)), 1, CAST(90000.00 AS Decimal(18, 2)), 1, CAST(18014 AS Numeric(18, 0)), 1, NULL)
GO
print 'Processed 500 total records'
INSERT SALESTRANSACTION (TRANID, TRANDATE, TRANTIME, CUSTOMERID, VEHICLEID, PRICE, QUANTITY, AMOUNT, BRANCHID, STAFFID, STATUSID, STATUSREASON) VALUES (CAST(506 AS Numeric(18, 0)), CAST(0x73400B00 AS Date), CAST(0x0700C03AC26F0000 AS Time), CAST(20032 AS Numeric(18, 0)), 156, CAST(60000.00 AS Decimal(18, 2)), 1, CAST(60000.00 AS Decimal(18, 2)), 1, CAST(19015 AS Numeric(18, 0)), 1, NULL)
INSERT SALESTRANSACTION (TRANID, TRANDATE, TRANTIME, CUSTOMERID, VEHICLEID, PRICE, QUANTITY, AMOUNT, BRANCHID, STAFFID, STATUSID, STATUSREASON) VALUES (CAST(507 AS Numeric(18, 0)), CAST(0x73400B00 AS Date), CAST(0x070090C385800000 AS Time), CAST(20033 AS Numeric(18, 0)), 167, CAST(60000.00 AS Decimal(18, 2)), 1, CAST(60000.00 AS Decimal(18, 2)), 6, CAST(18012 AS Numeric(18, 0)), 1, NULL)
INSERT SALESTRANSACTION (TRANID, TRANDATE, TRANTIME, CUSTOMERID, VEHICLEID, PRICE, QUANTITY, AMOUNT, BRANCHID, STAFFID, STATUSID, STATUSREASON) VALUES (CAST(508 AS Numeric(18, 0)), CAST(0x73400B00 AS Date), CAST(0x0700F887E7880000 AS Time), CAST(20034 AS Numeric(18, 0)), 156, CAST(60000.00 AS Decimal(18, 2)), 1, CAST(60000.00 AS Decimal(18, 2)), 1, CAST(19015 AS Numeric(18, 0)), 1, NULL)
INSERT SALESTRANSACTION (TRANID, TRANDATE, TRANTIME, CUSTOMERID, VEHICLEID, PRICE, QUANTITY, AMOUNT, BRANCHID, STAFFID, STATUSID, STATUSREASON) VALUES (CAST(509 AS Numeric(18, 0)), CAST(0x7C400B00 AS Date), CAST(0x0700F0B1FE5E0000 AS Time), CAST(20036 AS Numeric(18, 0)), 122, CAST(60000.00 AS Decimal(18, 2)), 1, CAST(60000.00 AS Decimal(18, 2)), 6, CAST(18014 AS Numeric(18, 0)), 1, NULL)
INSERT SALESTRANSACTION (TRANID, TRANDATE, TRANTIME, CUSTOMERID, VEHICLEID, PRICE, QUANTITY, AMOUNT, BRANCHID, STAFFID, STATUSID, STATUSREASON) VALUES (CAST(510 AS Numeric(18, 0)), CAST(0x7C400B00 AS Date), CAST(0x0700F0B1FE5E0000 AS Time), CAST(20035 AS Numeric(18, 0)), 141, CAST(69000.00 AS Decimal(18, 2)), 1, CAST(69000.00 AS Decimal(18, 2)), 1, CAST(18019 AS Numeric(18, 0)), 1, NULL)
INSERT SALESTRANSACTION (TRANID, TRANDATE, TRANTIME, CUSTOMERID, VEHICLEID, PRICE, QUANTITY, AMOUNT, BRANCHID, STAFFID, STATUSID, STATUSREASON) VALUES (CAST(511 AS Numeric(18, 0)), CAST(0x7C400B00 AS Date), CAST(0x0700587660670000 AS Time), CAST(20037 AS Numeric(18, 0)), 122, CAST(60000.00 AS Decimal(18, 2)), 1, CAST(60000.00 AS Decimal(18, 2)), 6, CAST(18014 AS Numeric(18, 0)), 1, NULL)
INSERT SALESTRANSACTION (TRANID, TRANDATE, TRANTIME, CUSTOMERID, VEHICLEID, PRICE, QUANTITY, AMOUNT, BRANCHID, STAFFID, STATUSID, STATUSREASON) VALUES (CAST(512 AS Numeric(18, 0)), CAST(0x7C400B00 AS Date), CAST(0x0700587660670000 AS Time), CAST(20038 AS Numeric(18, 0)), 167, CAST(60000.00 AS Decimal(18, 2)), 1, CAST(60000.00 AS Decimal(18, 2)), 6, CAST(18012 AS Numeric(18, 0)), 1, NULL)
INSERT SALESTRANSACTION (TRANID, TRANDATE, TRANTIME, CUSTOMERID, VEHICLEID, PRICE, QUANTITY, AMOUNT, BRANCHID, STAFFID, STATUSID, STATUSREASON) VALUES (CAST(513 AS Numeric(18, 0)), CAST(0x7C400B00 AS Date), CAST(0x0700C03AC26F0000 AS Time), CAST(20039 AS Numeric(18, 0)), 156, CAST(60000.00 AS Decimal(18, 2)), 1, CAST(60000.00 AS Decimal(18, 2)), 1, CAST(19015 AS Numeric(18, 0)), 1, NULL)
INSERT SALESTRANSACTION (TRANID, TRANDATE, TRANTIME, CUSTOMERID, VEHICLEID, PRICE, QUANTITY, AMOUNT, BRANCHID, STAFFID, STATUSID, STATUSREASON) VALUES (CAST(514 AS Numeric(18, 0)), CAST(0x94400B00 AS Date), CAST(0x0700587660670000 AS Time), CAST(20040 AS Numeric(18, 0)), 167, CAST(60000.00 AS Decimal(18, 2)), 1, CAST(60000.00 AS Decimal(18, 2)), 6, CAST(18012 AS Numeric(18, 0)), 1, NULL)
INSERT SALESTRANSACTION (TRANID, TRANDATE, TRANTIME, CUSTOMERID, VEHICLEID, PRICE, QUANTITY, AMOUNT, BRANCHID, STAFFID, STATUSID, STATUSREASON) VALUES (CAST(515 AS Numeric(18, 0)), CAST(0x99400B00 AS Date), CAST(0x0700587660670000 AS Time), CAST(20041 AS Numeric(18, 0)), 156, CAST(60000.00 AS Decimal(18, 2)), 1, CAST(60000.00 AS Decimal(18, 2)), 1, CAST(19015 AS Numeric(18, 0)), 1, NULL)
INSERT SALESTRANSACTION (TRANID, TRANDATE, TRANTIME, CUSTOMERID, VEHICLEID, PRICE, QUANTITY, AMOUNT, BRANCHID, STAFFID, STATUSID, STATUSREASON) VALUES (CAST(516 AS Numeric(18, 0)), CAST(0x99400B00 AS Date), CAST(0x0700C03AC26F0000 AS Time), CAST(20042 AS Numeric(18, 0)), 163, CAST(60000.00 AS Decimal(18, 2)), 1, CAST(60000.00 AS Decimal(18, 2)), 1, CAST(18019 AS Numeric(18, 0)), 1, NULL)
INSERT SALESTRANSACTION (TRANID, TRANDATE, TRANTIME, CUSTOMERID, VEHICLEID, PRICE, QUANTITY, AMOUNT, BRANCHID, STAFFID, STATUSID, STATUSREASON) VALUES (CAST(517 AS Numeric(18, 0)), CAST(0x99400B00 AS Date), CAST(0x0700F887E7880000 AS Time), CAST(20043 AS Numeric(18, 0)), 175, CAST(45000.00 AS Decimal(18, 2)), 1, CAST(45000.00 AS Decimal(18, 2)), 1, CAST(18012 AS Numeric(18, 0)), 1, NULL)
INSERT SALESTRANSACTION (TRANID, TRANDATE, TRANTIME, CUSTOMERID, VEHICLEID, PRICE, QUANTITY, AMOUNT, BRANCHID, STAFFID, STATUSID, STATUSREASON) VALUES (CAST(518 AS Numeric(18, 0)), CAST(0xB4400B00 AS Date), CAST(0x0700F0B1FE5E0000 AS Time), CAST(20044 AS Numeric(18, 0)), 161, CAST(69000.00 AS Decimal(18, 2)), 1, CAST(69000.00 AS Decimal(18, 2)), 7, CAST(18016 AS Numeric(18, 0)), 1, NULL)
INSERT SALESTRANSACTION (TRANID, TRANDATE, TRANTIME, CUSTOMERID, VEHICLEID, PRICE, QUANTITY, AMOUNT, BRANCHID, STAFFID, STATUSID, STATUSREASON) VALUES (CAST(519 AS Numeric(18, 0)), CAST(0xB4400B00 AS Date), CAST(0x0700C03AC26F0000 AS Time), CAST(20045 AS Numeric(18, 0)), 168, CAST(130000.00 AS Decimal(18, 2)), 1, CAST(130000.00 AS Decimal(18, 2)), 1, CAST(18014 AS Numeric(18, 0)), 1, NULL)
INSERT SALESTRANSACTION (TRANID, TRANDATE, TRANTIME, CUSTOMERID, VEHICLEID, PRICE, QUANTITY, AMOUNT, BRANCHID, STAFFID, STATUSID, STATUSREASON) VALUES (CAST(520 AS Numeric(18, 0)), CAST(0xB4400B00 AS Date), CAST(0x070090C385800000 AS Time), CAST(20046 AS Numeric(18, 0)), 149, CAST(60000.00 AS Decimal(18, 2)), 1, CAST(60000.00 AS Decimal(18, 2)), 1, CAST(18010 AS Numeric(18, 0)), 1, NULL)
INSERT SALESTRANSACTION (TRANID, TRANDATE, TRANTIME, CUSTOMERID, VEHICLEID, PRICE, QUANTITY, AMOUNT, BRANCHID, STAFFID, STATUSID, STATUSREASON) VALUES (CAST(521 AS Numeric(18, 0)), CAST(0xB8400B00 AS Date), CAST(0x0700C03AC26F0000 AS Time), CAST(20048 AS Numeric(18, 0)), 172, CAST(90000.00 AS Decimal(18, 2)), 1, CAST(90000.00 AS Decimal(18, 2)), 1, CAST(18012 AS Numeric(18, 0)), 1, NULL)
INSERT SALESTRANSACTION (TRANID, TRANDATE, TRANTIME, CUSTOMERID, VEHICLEID, PRICE, QUANTITY, AMOUNT, BRANCHID, STAFFID, STATUSID, STATUSREASON) VALUES (CAST(522 AS Numeric(18, 0)), CAST(0xB8400B00 AS Date), CAST(0x0700C03AC26F0000 AS Time), CAST(20047 AS Numeric(18, 0)), 153, CAST(100000.00 AS Decimal(18, 2)), 1, CAST(100000.00 AS Decimal(18, 2)), 1, CAST(18017 AS Numeric(18, 0)), 1, NULL)
INSERT SALESTRANSACTION (TRANID, TRANDATE, TRANTIME, CUSTOMERID, VEHICLEID, PRICE, QUANTITY, AMOUNT, BRANCHID, STAFFID, STATUSID, STATUSREASON) VALUES (CAST(523 AS Numeric(18, 0)), CAST(0xF1400B00 AS Date), CAST(0x0700587660670000 AS Time), CAST(20049 AS Numeric(18, 0)), 162, CAST(60000.00 AS Decimal(18, 2)), 1, CAST(60000.00 AS Decimal(18, 2)), 1, CAST(18017 AS Numeric(18, 0)), 1, NULL)
INSERT SALESTRANSACTION (TRANID, TRANDATE, TRANTIME, CUSTOMERID, VEHICLEID, PRICE, QUANTITY, AMOUNT, BRANCHID, STAFFID, STATUSID, STATUSREASON) VALUES (CAST(524 AS Numeric(18, 0)), CAST(0xF1400B00 AS Date), CAST(0x0700C03AC26F0000 AS Time), CAST(20050 AS Numeric(18, 0)), 196, CAST(69000.00 AS Decimal(18, 2)), 1, CAST(69000.00 AS Decimal(18, 2)), 1, CAST(18027 AS Numeric(18, 0)), 1, NULL)
INSERT SALESTRANSACTION (TRANID, TRANDATE, TRANTIME, CUSTOMERID, VEHICLEID, PRICE, QUANTITY, AMOUNT, BRANCHID, STAFFID, STATUSID, STATUSREASON) VALUES (CAST(525 AS Numeric(18, 0)), CAST(0xF1400B00 AS Date), CAST(0x070028FF23780000 AS Time), CAST(20051 AS Numeric(18, 0)), 169, CAST(60000.00 AS Decimal(18, 2)), 1, CAST(60000.00 AS Decimal(18, 2)), 1, CAST(18014 AS Numeric(18, 0)), 1, NULL)
INSERT SALESTRANSACTION (TRANID, TRANDATE, TRANTIME, CUSTOMERID, VEHICLEID, PRICE, QUANTITY, AMOUNT, BRANCHID, STAFFID, STATUSID, STATUSREASON) VALUES (CAST(526 AS Numeric(18, 0)), CAST(0xF1400B00 AS Date), CAST(0x0700F887E7880000 AS Time), CAST(20052 AS Numeric(18, 0)), 150, CAST(89000.00 AS Decimal(18, 2)), 1, CAST(89000.00 AS Decimal(18, 2)), 6, CAST(18012 AS Numeric(18, 0)), 1, NULL)
INSERT SALESTRANSACTION (TRANID, TRANDATE, TRANTIME, CUSTOMERID, VEHICLEID, PRICE, QUANTITY, AMOUNT, BRANCHID, STAFFID, STATUSID, STATUSREASON) VALUES (CAST(527 AS Numeric(18, 0)), CAST(0x0A410B00 AS Date), CAST(0x0700F0B1FE5E0000 AS Time), CAST(20053 AS Numeric(18, 0)), 145, CAST(60000.00 AS Decimal(18, 2)), 1, CAST(60000.00 AS Decimal(18, 2)), 6, CAST(18012 AS Numeric(18, 0)), 1, NULL)
INSERT SALESTRANSACTION (TRANID, TRANDATE, TRANTIME, CUSTOMERID, VEHICLEID, PRICE, QUANTITY, AMOUNT, BRANCHID, STAFFID, STATUSID, STATUSREASON) VALUES (CAST(528 AS Numeric(18, 0)), CAST(0x0A410B00 AS Date), CAST(0x0700F0B1FE5E0000 AS Time), CAST(20056 AS Numeric(18, 0)), 176, CAST(60000.00 AS Decimal(18, 2)), 1, CAST(60000.00 AS Decimal(18, 2)), 6, CAST(18014 AS Numeric(18, 0)), 1, NULL)
INSERT SALESTRANSACTION (TRANID, TRANDATE, TRANTIME, CUSTOMERID, VEHICLEID, PRICE, QUANTITY, AMOUNT, BRANCHID, STAFFID, STATUSID, STATUSREASON) VALUES (CAST(529 AS Numeric(18, 0)), CAST(0x0A410B00 AS Date), CAST(0x0700C03AC26F0000 AS Time), CAST(20057 AS Numeric(18, 0)), 157, CAST(78000.00 AS Decimal(18, 2)), 1, CAST(78000.00 AS Decimal(18, 2)), 1, CAST(19019 AS Numeric(18, 0)), 1, NULL)
INSERT SALESTRANSACTION (TRANID, TRANDATE, TRANTIME, CUSTOMERID, VEHICLEID, PRICE, QUANTITY, AMOUNT, BRANCHID, STAFFID, STATUSID, STATUSREASON) VALUES (CAST(530 AS Numeric(18, 0)), CAST(0x0A410B00 AS Date), CAST(0x070028FF23780000 AS Time), CAST(20059 AS Numeric(18, 0)), 179, CAST(60000.00 AS Decimal(18, 2)), 1, CAST(60000.00 AS Decimal(18, 2)), 6, CAST(18010 AS Numeric(18, 0)), 1, NULL)
INSERT SALESTRANSACTION (TRANID, TRANDATE, TRANTIME, CUSTOMERID, VEHICLEID, PRICE, QUANTITY, AMOUNT, BRANCHID, STAFFID, STATUSID, STATUSREASON) VALUES (CAST(531 AS Numeric(18, 0)), CAST(0x0A410B00 AS Date), CAST(0x070028FF23780000 AS Time), CAST(20058 AS Numeric(18, 0)), 164, CAST(90000.00 AS Decimal(18, 2)), 1, CAST(90000.00 AS Decimal(18, 2)), 6, CAST(18010 AS Numeric(18, 0)), 1, NULL)
INSERT SALESTRANSACTION (TRANID, TRANDATE, TRANTIME, CUSTOMERID, VEHICLEID, PRICE, QUANTITY, AMOUNT, BRANCHID, STAFFID, STATUSID, STATUSREASON) VALUES (CAST(532 AS Numeric(18, 0)), CAST(0x0D410B00 AS Date), CAST(0x070028FF23780000 AS Time), CAST(20060 AS Numeric(18, 0)), 148, CAST(130000.00 AS Decimal(18, 2)), 1, CAST(130000.00 AS Decimal(18, 2)), 1, CAST(18019 AS Numeric(18, 0)), 1, NULL)
INSERT SALESTRANSACTION (TRANID, TRANDATE, TRANTIME, CUSTOMERID, VEHICLEID, PRICE, QUANTITY, AMOUNT, BRANCHID, STAFFID, STATUSID, STATUSREASON) VALUES (CAST(533 AS Numeric(18, 0)), CAST(0x0D410B00 AS Date), CAST(0x0700F887E7880000 AS Time), CAST(20062 AS Numeric(18, 0)), 160, CAST(60000.00 AS Decimal(18, 2)), 1, CAST(60000.00 AS Decimal(18, 2)), 1, CAST(18012 AS Numeric(18, 0)), 1, NULL)
INSERT SALESTRANSACTION (TRANID, TRANDATE, TRANTIME, CUSTOMERID, VEHICLEID, PRICE, QUANTITY, AMOUNT, BRANCHID, STAFFID, STATUSID, STATUSREASON) VALUES (CAST(534 AS Numeric(18, 0)), CAST(0x13410B00 AS Date), CAST(0x0700F0B1FE5E0000 AS Time), CAST(20063 AS Numeric(18, 0)), 166, CAST(70000.00 AS Decimal(18, 2)), 1, CAST(70000.00 AS Decimal(18, 2)), 1, CAST(18010 AS Numeric(18, 0)), 1, NULL)
INSERT SALESTRANSACTION (TRANID, TRANDATE, TRANTIME, CUSTOMERID, VEHICLEID, PRICE, QUANTITY, AMOUNT, BRANCHID, STAFFID, STATUSID, STATUSREASON) VALUES (CAST(535 AS Numeric(18, 0)), CAST(0x13410B00 AS Date), CAST(0x0700C03AC26F0000 AS Time), CAST(20064 AS Numeric(18, 0)), 147, CAST(60000.00 AS Decimal(18, 2)), 1, CAST(60000.00 AS Decimal(18, 2)), 1, CAST(18014 AS Numeric(18, 0)), 1, NULL)
INSERT SALESTRANSACTION (TRANID, TRANDATE, TRANTIME, CUSTOMERID, VEHICLEID, PRICE, QUANTITY, AMOUNT, BRANCHID, STAFFID, STATUSID, STATUSREASON) VALUES (CAST(536 AS Numeric(18, 0)), CAST(0x13410B00 AS Date), CAST(0x0700C03AC26F0000 AS Time), CAST(20065 AS Numeric(18, 0)), 178, CAST(60000.00 AS Decimal(18, 2)), 1, CAST(60000.00 AS Decimal(18, 2)), 5, CAST(18019 AS Numeric(18, 0)), 1, NULL)
INSERT SALESTRANSACTION (TRANID, TRANDATE, TRANTIME, CUSTOMERID, VEHICLEID, PRICE, QUANTITY, AMOUNT, BRANCHID, STAFFID, STATUSID, STATUSREASON) VALUES (CAST(537 AS Numeric(18, 0)), CAST(0x13410B00 AS Date), CAST(0x070090C385800000 AS Time), CAST(20066 AS Numeric(18, 0)), 159, CAST(60000.00 AS Decimal(18, 2)), 1, CAST(60000.00 AS Decimal(18, 2)), 1, CAST(20004 AS Numeric(18, 0)), 1, NULL)
INSERT SALESTRANSACTION (TRANID, TRANDATE, TRANTIME, CUSTOMERID, VEHICLEID, PRICE, QUANTITY, AMOUNT, BRANCHID, STAFFID, STATUSID, STATUSREASON) VALUES (CAST(538 AS Numeric(18, 0)), CAST(0x32410B00 AS Date), CAST(0x070028FF23780000 AS Time), CAST(20067 AS Numeric(18, 0)), 154, CAST(60000.00 AS Decimal(18, 2)), 1, CAST(60000.00 AS Decimal(18, 2)), 6, CAST(18019 AS Numeric(18, 0)), 1, NULL)
INSERT SALESTRANSACTION (TRANID, TRANDATE, TRANTIME, CUSTOMERID, VEHICLEID, PRICE, QUANTITY, AMOUNT, BRANCHID, STAFFID, STATUSID, STATUSREASON) VALUES (CAST(539 AS Numeric(18, 0)), CAST(0x32410B00 AS Date), CAST(0x070028FF23780000 AS Time), CAST(20068 AS Numeric(18, 0)), 173, CAST(100000.00 AS Decimal(18, 2)), 1, CAST(100000.00 AS Decimal(18, 2)), 6, CAST(18014 AS Numeric(18, 0)), 1, NULL)
INSERT SALESTRANSACTION (TRANID, TRANDATE, TRANTIME, CUSTOMERID, VEHICLEID, PRICE, QUANTITY, AMOUNT, BRANCHID, STAFFID, STATUSID, STATUSREASON) VALUES (CAST(540 AS Numeric(18, 0)), CAST(0x8B410B00 AS Date), CAST(0x0700F0B1FE5E0000 AS Time), CAST(20069 AS Numeric(18, 0)), 151, CAST(60000.00 AS Decimal(18, 2)), 1, CAST(60000.00 AS Decimal(18, 2)), 7, CAST(18014 AS Numeric(18, 0)), 1, NULL)
INSERT SALESTRANSACTION (TRANID, TRANDATE, TRANTIME, CUSTOMERID, VEHICLEID, PRICE, QUANTITY, AMOUNT, BRANCHID, STAFFID, STATUSID, STATUSREASON) VALUES (CAST(541 AS Numeric(18, 0)), CAST(0x8B410B00 AS Date), CAST(0x0700F0B1FE5E0000 AS Time), CAST(20072 AS Numeric(18, 0)), 170, CAST(89000.00 AS Decimal(18, 2)), 1, CAST(89000.00 AS Decimal(18, 2)), 7, CAST(18019 AS Numeric(18, 0)), 1, NULL)
INSERT SALESTRANSACTION (TRANID, TRANDATE, TRANTIME, CUSTOMERID, VEHICLEID, PRICE, QUANTITY, AMOUNT, BRANCHID, STAFFID, STATUSID, STATUSREASON) VALUES (CAST(542 AS Numeric(18, 0)), CAST(0xAA410B00 AS Date), CAST(0x0700587660670000 AS Time), CAST(20074 AS Numeric(18, 0)), 171, CAST(60000.00 AS Decimal(18, 2)), 1, CAST(60000.00 AS Decimal(18, 2)), 1, CAST(18010 AS Numeric(18, 0)), 1, NULL)
INSERT SALESTRANSACTION (TRANID, TRANDATE, TRANTIME, CUSTOMERID, VEHICLEID, PRICE, QUANTITY, AMOUNT, BRANCHID, STAFFID, STATUSID, STATUSREASON) VALUES (CAST(543 AS Numeric(18, 0)), CAST(0xAA410B00 AS Date), CAST(0x0700587660670000 AS Time), CAST(20073 AS Numeric(18, 0)), 152, CAST(90000.00 AS Decimal(18, 2)), 1, CAST(90000.00 AS Decimal(18, 2)), 1, CAST(18016 AS Numeric(18, 0)), 1, NULL)
INSERT SALESTRANSACTION (TRANID, TRANDATE, TRANTIME, CUSTOMERID, VEHICLEID, PRICE, QUANTITY, AMOUNT, BRANCHID, STAFFID, STATUSID, STATUSREASON) VALUES (CAST(544 AS Numeric(18, 0)), CAST(0xE1410B00 AS Date), CAST(0x0700F0B1FE5E0000 AS Time), CAST(20076 AS Numeric(18, 0)), 165, CAST(60000.00 AS Decimal(18, 2)), 1, CAST(60000.00 AS Decimal(18, 2)), 1, CAST(18012 AS Numeric(18, 0)), 1, NULL)
INSERT SALESTRANSACTION (TRANID, TRANDATE, TRANTIME, CUSTOMERID, VEHICLEID, PRICE, QUANTITY, AMOUNT, BRANCHID, STAFFID, STATUSID, STATUSREASON) VALUES (CAST(545 AS Numeric(18, 0)), CAST(0xE1410B00 AS Date), CAST(0x0700587660670000 AS Time), CAST(20077 AS Numeric(18, 0)), 146, CAST(70000.00 AS Decimal(18, 2)), 1, CAST(70000.00 AS Decimal(18, 2)), 7, CAST(18014 AS Numeric(18, 0)), 1, NULL)
INSERT SALESTRANSACTION (TRANID, TRANDATE, TRANTIME, CUSTOMERID, VEHICLEID, PRICE, QUANTITY, AMOUNT, BRANCHID, STAFFID, STATUSID, STATUSREASON) VALUES (CAST(546 AS Numeric(18, 0)), CAST(0xE1410B00 AS Date), CAST(0x0700587660670000 AS Time), CAST(20079 AS Numeric(18, 0)), 177, CAST(78000.00 AS Decimal(18, 2)), 1, CAST(78000.00 AS Decimal(18, 2)), 1, CAST(18014 AS Numeric(18, 0)), 1, NULL)
INSERT SALESTRANSACTION (TRANID, TRANDATE, TRANTIME, CUSTOMERID, VEHICLEID, PRICE, QUANTITY, AMOUNT, BRANCHID, STAFFID, STATUSID, STATUSREASON) VALUES (CAST(547 AS Numeric(18, 0)), CAST(0xE1410B00 AS Date), CAST(0x070028FF23780000 AS Time), CAST(20086 AS Numeric(18, 0)), 158, CAST(60000.00 AS Decimal(18, 2)), 1, CAST(60000.00 AS Decimal(18, 2)), 6, CAST(19025 AS Numeric(18, 0)), 1, NULL)
INSERT SALESTRANSACTION (TRANID, TRANDATE, TRANTIME, CUSTOMERID, VEHICLEID, PRICE, QUANTITY, AMOUNT, BRANCHID, STAFFID, STATUSID, STATUSREASON) VALUES (CAST(548 AS Numeric(18, 0)), CAST(0xEA410B00 AS Date), CAST(0x0700F0B1FE5E0000 AS Time), CAST(20088 AS Numeric(18, 0)), 155, CAST(45000.00 AS Decimal(18, 2)), 1, CAST(45000.00 AS Decimal(18, 2)), 7, CAST(18037 AS Numeric(18, 0)), 1, NULL)
INSERT SALESTRANSACTION (TRANID, TRANDATE, TRANTIME, CUSTOMERID, VEHICLEID, PRICE, QUANTITY, AMOUNT, BRANCHID, STAFFID, STATUSID, STATUSREASON) VALUES (CAST(549 AS Numeric(18, 0)), CAST(0xEA410B00 AS Date), CAST(0x070090C385800000 AS Time), CAST(20090 AS Numeric(18, 0)), 174, CAST(60000.00 AS Decimal(18, 2)), 1, CAST(60000.00 AS Decimal(18, 2)), 1, CAST(18010 AS Numeric(18, 0)), 1, NULL)
INSERT SALESTRANSACTION (TRANID, TRANDATE, TRANTIME, CUSTOMERID, VEHICLEID, PRICE, QUANTITY, AMOUNT, BRANCHID, STAFFID, STATUSID, STATUSREASON) VALUES (CAST(550 AS Numeric(18, 0)), CAST(0x02420B00 AS Date), CAST(0x0700F0B1FE5E0000 AS Time), CAST(20091 AS Numeric(18, 0)), 169, CAST(60000.00 AS Decimal(18, 2)), 1, CAST(60000.00 AS Decimal(18, 2)), 1, CAST(18014 AS Numeric(18, 0)), 1, NULL)
INSERT SALESTRANSACTION (TRANID, TRANDATE, TRANTIME, CUSTOMERID, VEHICLEID, PRICE, QUANTITY, AMOUNT, BRANCHID, STAFFID, STATUSID, STATUSREASON) VALUES (CAST(551 AS Numeric(18, 0)), CAST(0x02420B00 AS Date), CAST(0x070028FF23780000 AS Time), CAST(20092 AS Numeric(18, 0)), 150, CAST(89000.00 AS Decimal(18, 2)), 1, CAST(89000.00 AS Decimal(18, 2)), 6, CAST(18012 AS Numeric(18, 0)), 1, NULL)
INSERT SALESTRANSACTION (TRANID, TRANDATE, TRANTIME, CUSTOMERID, VEHICLEID, PRICE, QUANTITY, AMOUNT, BRANCHID, STAFFID, STATUSID, STATUSREASON) VALUES (CAST(552 AS Numeric(18, 0)), CAST(0x07420B00 AS Date), CAST(0x0700587660670000 AS Time), CAST(20093 AS Numeric(18, 0)), 145, CAST(60000.00 AS Decimal(18, 2)), 1, CAST(60000.00 AS Decimal(18, 2)), 6, CAST(18012 AS Numeric(18, 0)), 1, NULL)
INSERT SALESTRANSACTION (TRANID, TRANDATE, TRANTIME, CUSTOMERID, VEHICLEID, PRICE, QUANTITY, AMOUNT, BRANCHID, STAFFID, STATUSID, STATUSREASON) VALUES (CAST(553 AS Numeric(18, 0)), CAST(0x07420B00 AS Date), CAST(0x0700C03AC26F0000 AS Time), CAST(20094 AS Numeric(18, 0)), 176, CAST(60000.00 AS Decimal(18, 2)), 1, CAST(60000.00 AS Decimal(18, 2)), 6, CAST(18014 AS Numeric(18, 0)), 1, NULL)
INSERT SALESTRANSACTION (TRANID, TRANDATE, TRANTIME, CUSTOMERID, VEHICLEID, PRICE, QUANTITY, AMOUNT, BRANCHID, STAFFID, STATUSID, STATUSREASON) VALUES (CAST(554 AS Numeric(18, 0)), CAST(0x07420B00 AS Date), CAST(0x070028FF23780000 AS Time), CAST(20097 AS Numeric(18, 0)), 179, CAST(60000.00 AS Decimal(18, 2)), 1, CAST(60000.00 AS Decimal(18, 2)), 6, CAST(18010 AS Numeric(18, 0)), 1, NULL)
INSERT SALESTRANSACTION (TRANID, TRANDATE, TRANTIME, CUSTOMERID, VEHICLEID, PRICE, QUANTITY, AMOUNT, BRANCHID, STAFFID, STATUSID, STATUSREASON) VALUES (CAST(555 AS Numeric(18, 0)), CAST(0x07420B00 AS Date), CAST(0x070028FF23780000 AS Time), CAST(20095 AS Numeric(18, 0)), 157, CAST(78000.00 AS Decimal(18, 2)), 1, CAST(78000.00 AS Decimal(18, 2)), 1, CAST(19019 AS Numeric(18, 0)), 1, NULL)
INSERT SALESTRANSACTION (TRANID, TRANDATE, TRANTIME, CUSTOMERID, VEHICLEID, PRICE, QUANTITY, AMOUNT, BRANCHID, STAFFID, STATUSID, STATUSREASON) VALUES (CAST(556 AS Numeric(18, 0)), CAST(0x07420B00 AS Date), CAST(0x070028FF23780000 AS Time), CAST(20096 AS Numeric(18, 0)), 164, CAST(90000.00 AS Decimal(18, 2)), 1, CAST(90000.00 AS Decimal(18, 2)), 6, CAST(18010 AS Numeric(18, 0)), 1, NULL)
INSERT SALESTRANSACTION (TRANID, TRANDATE, TRANTIME, CUSTOMERID, VEHICLEID, PRICE, QUANTITY, AMOUNT, BRANCHID, STAFFID, STATUSID, STATUSREASON) VALUES (CAST(557 AS Numeric(18, 0)), CAST(0x07420B00 AS Date), CAST(0x0700F887E7880000 AS Time), CAST(20041 AS Numeric(18, 0)), 148, CAST(130000.00 AS Decimal(18, 2)), 1, CAST(130000.00 AS Decimal(18, 2)), 1, CAST(18019 AS Numeric(18, 0)), 1, NULL)
INSERT SALESTRANSACTION (TRANID, TRANDATE, TRANTIME, CUSTOMERID, VEHICLEID, PRICE, QUANTITY, AMOUNT, BRANCHID, STAFFID, STATUSID, STATUSREASON) VALUES (CAST(558 AS Numeric(18, 0)), CAST(0x22420B00 AS Date), CAST(0x0700587660670000 AS Time), CAST(20053 AS Numeric(18, 0)), 160, CAST(60000.00 AS Decimal(18, 2)), 1, CAST(60000.00 AS Decimal(18, 2)), 1, CAST(18012 AS Numeric(18, 0)), 1, NULL)
INSERT SALESTRANSACTION (TRANID, TRANDATE, TRANTIME, CUSTOMERID, VEHICLEID, PRICE, QUANTITY, AMOUNT, BRANCHID, STAFFID, STATUSID, STATUSREASON) VALUES (CAST(559 AS Numeric(18, 0)), CAST(0x22420B00 AS Date), CAST(0x070090C385800000 AS Time), CAST(20062 AS Numeric(18, 0)), 166, CAST(70000.00 AS Decimal(18, 2)), 1, CAST(70000.00 AS Decimal(18, 2)), 1, CAST(18010 AS Numeric(18, 0)), 1, NULL)
INSERT SALESTRANSACTION (TRANID, TRANDATE, TRANTIME, CUSTOMERID, VEHICLEID, PRICE, QUANTITY, AMOUNT, BRANCHID, STAFFID, STATUSID, STATUSREASON) VALUES (CAST(560 AS Numeric(18, 0)), CAST(0x22420B00 AS Date), CAST(0x0700F887E7880000 AS Time), CAST(20042 AS Numeric(18, 0)), 147, CAST(60000.00 AS Decimal(18, 2)), 1, CAST(60000.00 AS Decimal(18, 2)), 1, CAST(18014 AS Numeric(18, 0)), 1, NULL)
INSERT SALESTRANSACTION (TRANID, TRANDATE, TRANTIME, CUSTOMERID, VEHICLEID, PRICE, QUANTITY, AMOUNT, BRANCHID, STAFFID, STATUSID, STATUSREASON) VALUES (CAST(561 AS Numeric(18, 0)), CAST(0x26420B00 AS Date), CAST(0x0700C03AC26F0000 AS Time), CAST(20077 AS Numeric(18, 0)), 178, CAST(60000.00 AS Decimal(18, 2)), 1, CAST(60000.00 AS Decimal(18, 2)), 5, CAST(18019 AS Numeric(18, 0)), 1, NULL)
INSERT SALESTRANSACTION (TRANID, TRANDATE, TRANTIME, CUSTOMERID, VEHICLEID, PRICE, QUANTITY, AMOUNT, BRANCHID, STAFFID, STATUSID, STATUSREASON) VALUES (CAST(562 AS Numeric(18, 0)), CAST(0x26420B00 AS Date), CAST(0x070028FF23780000 AS Time), CAST(20052 AS Numeric(18, 0)), 159, CAST(60000.00 AS Decimal(18, 2)), 1, CAST(60000.00 AS Decimal(18, 2)), 1, CAST(20004 AS Numeric(18, 0)), 1, NULL)
INSERT SALESTRANSACTION (TRANID, TRANDATE, TRANTIME, CUSTOMERID, VEHICLEID, PRICE, QUANTITY, AMOUNT, BRANCHID, STAFFID, STATUSID, STATUSREASON) VALUES (CAST(563 AS Numeric(18, 0)), CAST(0x5E420B00 AS Date), CAST(0x0700F0B1FE5E0000 AS Time), CAST(20047 AS Numeric(18, 0)), 154, CAST(60000.00 AS Decimal(18, 2)), 1, CAST(60000.00 AS Decimal(18, 2)), 6, CAST(18019 AS Numeric(18, 0)), 1, NULL)
INSERT SALESTRANSACTION (TRANID, TRANDATE, TRANTIME, CUSTOMERID, VEHICLEID, PRICE, QUANTITY, AMOUNT, BRANCHID, STAFFID, STATUSID, STATUSREASON) VALUES (CAST(564 AS Numeric(18, 0)), CAST(0x5E420B00 AS Date), CAST(0x0700C03AC26F0000 AS Time), CAST(20069 AS Numeric(18, 0)), 173, CAST(100000.00 AS Decimal(18, 2)), 1, CAST(100000.00 AS Decimal(18, 2)), 6, CAST(18014 AS Numeric(18, 0)), 1, NULL)
INSERT SALESTRANSACTION (TRANID, TRANDATE, TRANTIME, CUSTOMERID, VEHICLEID, PRICE, QUANTITY, AMOUNT, BRANCHID, STAFFID, STATUSID, STATUSREASON) VALUES (CAST(565 AS Numeric(18, 0)), CAST(0x5E420B00 AS Date), CAST(0x0700F887E7880000 AS Time), CAST(20044 AS Numeric(18, 0)), 151, CAST(60000.00 AS Decimal(18, 2)), 1, CAST(60000.00 AS Decimal(18, 2)), 7, CAST(18014 AS Numeric(18, 0)), 1, NULL)
INSERT SALESTRANSACTION (TRANID, TRANDATE, TRANTIME, CUSTOMERID, VEHICLEID, PRICE, QUANTITY, AMOUNT, BRANCHID, STAFFID, STATUSID, STATUSREASON) VALUES (CAST(566 AS Numeric(18, 0)), CAST(0x77420B00 AS Date), CAST(0x0700F0B1FE5E0000 AS Time), CAST(20051 AS Numeric(18, 0)), 170, CAST(89000.00 AS Decimal(18, 2)), 1, CAST(89000.00 AS Decimal(18, 2)), 7, CAST(18019 AS Numeric(18, 0)), 1, NULL)
INSERT SALESTRANSACTION (TRANID, TRANDATE, TRANTIME, CUSTOMERID, VEHICLEID, PRICE, QUANTITY, AMOUNT, BRANCHID, STAFFID, STATUSID, STATUSREASON) VALUES (CAST(567 AS Numeric(18, 0)), CAST(0x77420B00 AS Date), CAST(0x0700F0B1FE5E0000 AS Time), CAST(20045 AS Numeric(18, 0)), 152, CAST(90000.00 AS Decimal(18, 2)), 1, CAST(90000.00 AS Decimal(18, 2)), 1, CAST(18016 AS Numeric(18, 0)), 1, NULL)
INSERT SALESTRANSACTION (TRANID, TRANDATE, TRANTIME, CUSTOMERID, VEHICLEID, PRICE, QUANTITY, AMOUNT, BRANCHID, STAFFID, STATUSID, STATUSREASON) VALUES (CAST(568 AS Numeric(18, 0)), CAST(0x77420B00 AS Date), CAST(0x0700C03AC26F0000 AS Time), CAST(20050 AS Numeric(18, 0)), 169, CAST(60000.00 AS Decimal(18, 2)), 1, CAST(60000.00 AS Decimal(18, 2)), 1, CAST(18014 AS Numeric(18, 0)), 1, NULL)
INSERT SALESTRANSACTION (TRANID, TRANDATE, TRANTIME, CUSTOMERID, VEHICLEID, PRICE, QUANTITY, AMOUNT, BRANCHID, STAFFID, STATUSID, STATUSREASON) VALUES (CAST(569 AS Numeric(18, 0)), CAST(0x77420B00 AS Date), CAST(0x070028FF23780000 AS Time), CAST(20043 AS Numeric(18, 0)), 150, CAST(89000.00 AS Decimal(18, 2)), 1, CAST(89000.00 AS Decimal(18, 2)), 6, CAST(18012 AS Numeric(18, 0)), 1, NULL)
INSERT SALESTRANSACTION (TRANID, TRANDATE, TRANTIME, CUSTOMERID, VEHICLEID, PRICE, QUANTITY, AMOUNT, BRANCHID, STAFFID, STATUSID, STATUSREASON) VALUES (CAST(570 AS Numeric(18, 0)), CAST(0x77420B00 AS Date), CAST(0x070090C385800000 AS Time), CAST(20040 AS Numeric(18, 0)), 145, CAST(60000.00 AS Decimal(18, 2)), 1, CAST(60000.00 AS Decimal(18, 2)), 6, CAST(18012 AS Numeric(18, 0)), 1, NULL)
INSERT SALESTRANSACTION (TRANID, TRANDATE, TRANTIME, CUSTOMERID, VEHICLEID, PRICE, QUANTITY, AMOUNT, BRANCHID, STAFFID, STATUSID, STATUSREASON) VALUES (CAST(571 AS Numeric(18, 0)), CAST(0x7A420B00 AS Date), CAST(0x070090C385800000 AS Time), CAST(20074 AS Numeric(18, 0)), 176, CAST(60000.00 AS Decimal(18, 2)), 1, CAST(60000.00 AS Decimal(18, 2)), 6, CAST(18014 AS Numeric(18, 0)), 1, NULL)
INSERT SALESTRANSACTION (TRANID, TRANDATE, TRANTIME, CUSTOMERID, VEHICLEID, PRICE, QUANTITY, AMOUNT, BRANCHID, STAFFID, STATUSID, STATUSREASON) VALUES (CAST(572 AS Numeric(18, 0)), CAST(0x80420B00 AS Date), CAST(0x0700F0B1FE5E0000 AS Time), CAST(20050 AS Numeric(18, 0)), 157, CAST(78000.00 AS Decimal(18, 2)), 1, CAST(78000.00 AS Decimal(18, 2)), 1, CAST(19019 AS Numeric(18, 0)), 1, NULL)
INSERT SALESTRANSACTION (TRANID, TRANDATE, TRANTIME, CUSTOMERID, VEHICLEID, PRICE, QUANTITY, AMOUNT, BRANCHID, STAFFID, STATUSID, STATUSREASON) VALUES (CAST(573 AS Numeric(18, 0)), CAST(0x80420B00 AS Date), CAST(0x0700C03AC26F0000 AS Time), CAST(20059 AS Numeric(18, 0)), 164, CAST(90000.00 AS Decimal(18, 2)), 1, CAST(90000.00 AS Decimal(18, 2)), 6, CAST(18010 AS Numeric(18, 0)), 1, NULL)
INSERT SALESTRANSACTION (TRANID, TRANDATE, TRANTIME, CUSTOMERID, VEHICLEID, PRICE, QUANTITY, AMOUNT, BRANCHID, STAFFID, STATUSID, STATUSREASON) VALUES (CAST(574 AS Numeric(18, 0)), CAST(0x80420B00 AS Date), CAST(0x0700F887E7880000 AS Time), CAST(20079 AS Numeric(18, 0)), 179, CAST(60000.00 AS Decimal(18, 2)), 1, CAST(60000.00 AS Decimal(18, 2)), 6, CAST(18010 AS Numeric(18, 0)), 1, NULL)
INSERT SALESTRANSACTION (TRANID, TRANDATE, TRANTIME, CUSTOMERID, VEHICLEID, PRICE, QUANTITY, AMOUNT, BRANCHID, STAFFID, STATUSID, STATUSREASON) VALUES (CAST(575 AS Numeric(18, 0)), CAST(0x9F420B00 AS Date), CAST(0x0700F0B1FE5E0000 AS Time), CAST(20041 AS Numeric(18, 0)), 148, CAST(130000.00 AS Decimal(18, 2)), 1, CAST(130000.00 AS Decimal(18, 2)), 1, CAST(18019 AS Numeric(18, 0)), 1, NULL)
INSERT SALESTRANSACTION (TRANID, TRANDATE, TRANTIME, CUSTOMERID, VEHICLEID, PRICE, QUANTITY, AMOUNT, BRANCHID, STAFFID, STATUSID, STATUSREASON) VALUES (CAST(576 AS Numeric(18, 0)), CAST(0x9F420B00 AS Date), CAST(0x070028FF23780000 AS Time), CAST(20053 AS Numeric(18, 0)), 160, CAST(60000.00 AS Decimal(18, 2)), 1, CAST(60000.00 AS Decimal(18, 2)), 1, CAST(18012 AS Numeric(18, 0)), 1, NULL)
INSERT SALESTRANSACTION (TRANID, TRANDATE, TRANTIME, CUSTOMERID, VEHICLEID, PRICE, QUANTITY, AMOUNT, BRANCHID, STAFFID, STATUSID, STATUSREASON) VALUES (CAST(577 AS Numeric(18, 0)), CAST(0xF8420B00 AS Date), CAST(0x0700F0B1FE5E0000 AS Time), CAST(20062 AS Numeric(18, 0)), 166, CAST(70000.00 AS Decimal(18, 2)), 1, CAST(70000.00 AS Decimal(18, 2)), 1, CAST(18010 AS Numeric(18, 0)), 1, NULL)
INSERT SALESTRANSACTION (TRANID, TRANDATE, TRANTIME, CUSTOMERID, VEHICLEID, PRICE, QUANTITY, AMOUNT, BRANCHID, STAFFID, STATUSID, STATUSREASON) VALUES (CAST(578 AS Numeric(18, 0)), CAST(0xF8420B00 AS Date), CAST(0x0700587660670000 AS Time), CAST(20042 AS Numeric(18, 0)), 147, CAST(60000.00 AS Decimal(18, 2)), 1, CAST(60000.00 AS Decimal(18, 2)), 1, CAST(18014 AS Numeric(18, 0)), 0, N'Engine Failure')
INSERT SALESTRANSACTION (TRANID, TRANDATE, TRANTIME, CUSTOMERID, VEHICLEID, PRICE, QUANTITY, AMOUNT, BRANCHID, STAFFID, STATUSID, STATUSREASON) VALUES (CAST(579 AS Numeric(18, 0)), CAST(0x17430B00 AS Date), CAST(0x0700587660670000 AS Time), CAST(20077 AS Numeric(18, 0)), 178, CAST(60000.00 AS Decimal(18, 2)), 1, CAST(60000.00 AS Decimal(18, 2)), 5, CAST(18019 AS Numeric(18, 0)), 1, NULL)
INSERT SALESTRANSACTION (TRANID, TRANDATE, TRANTIME, CUSTOMERID, VEHICLEID, PRICE, QUANTITY, AMOUNT, BRANCHID, STAFFID, STATUSID, STATUSREASON) VALUES (CAST(580 AS Numeric(18, 0)), CAST(0x17430B00 AS Date), CAST(0x0700C03AC26F0000 AS Time), CAST(20052 AS Numeric(18, 0)), 159, CAST(60000.00 AS Decimal(18, 2)), 1, CAST(60000.00 AS Decimal(18, 2)), 1, CAST(20004 AS Numeric(18, 0)), 1, NULL)
INSERT SALESTRANSACTION (TRANID, TRANDATE, TRANTIME, CUSTOMERID, VEHICLEID, PRICE, QUANTITY, AMOUNT, BRANCHID, STAFFID, STATUSID, STATUSREASON) VALUES (CAST(581 AS Numeric(18, 0)), CAST(0x4E430B00 AS Date), CAST(0x0700587660670000 AS Time), CAST(20047 AS Numeric(18, 0)), 154, CAST(60000.00 AS Decimal(18, 2)), 1, CAST(60000.00 AS Decimal(18, 2)), 6, CAST(18019 AS Numeric(18, 0)), 1, NULL)
INSERT SALESTRANSACTION (TRANID, TRANDATE, TRANTIME, CUSTOMERID, VEHICLEID, PRICE, QUANTITY, AMOUNT, BRANCHID, STAFFID, STATUSID, STATUSREASON) VALUES (CAST(582 AS Numeric(18, 0)), CAST(0x4E430B00 AS Date), CAST(0x070090C385800000 AS Time), CAST(20069 AS Numeric(18, 0)), 173, CAST(100000.00 AS Decimal(18, 2)), 1, CAST(100000.00 AS Decimal(18, 2)), 6, CAST(18014 AS Numeric(18, 0)), 1, NULL)
INSERT SALESTRANSACTION (TRANID, TRANDATE, TRANTIME, CUSTOMERID, VEHICLEID, PRICE, QUANTITY, AMOUNT, BRANCHID, STAFFID, STATUSID, STATUSREASON) VALUES (CAST(583 AS Numeric(18, 0)), CAST(0x4E430B00 AS Date), CAST(0x0700F887E7880000 AS Time), CAST(20044 AS Numeric(18, 0)), 151, CAST(60000.00 AS Decimal(18, 2)), 1, CAST(60000.00 AS Decimal(18, 2)), 7, CAST(18014 AS Numeric(18, 0)), 1, NULL)
INSERT SALESTRANSACTION (TRANID, TRANDATE, TRANTIME, CUSTOMERID, VEHICLEID, PRICE, QUANTITY, AMOUNT, BRANCHID, STAFFID, STATUSID, STATUSREASON) VALUES (CAST(584 AS Numeric(18, 0)), CAST(0x57430B00 AS Date), CAST(0x0700F0B1FE5E0000 AS Time), CAST(20051 AS Numeric(18, 0)), 170, CAST(89000.00 AS Decimal(18, 2)), 1, CAST(89000.00 AS Decimal(18, 2)), 7, CAST(18019 AS Numeric(18, 0)), 1, NULL)
INSERT SALESTRANSACTION (TRANID, TRANDATE, TRANTIME, CUSTOMERID, VEHICLEID, PRICE, QUANTITY, AMOUNT, BRANCHID, STAFFID, STATUSID, STATUSREASON) VALUES (CAST(585 AS Numeric(18, 0)), CAST(0x57430B00 AS Date), CAST(0x0700587660670000 AS Time), CAST(20045 AS Numeric(18, 0)), 152, CAST(90000.00 AS Decimal(18, 2)), 1, CAST(90000.00 AS Decimal(18, 2)), 1, CAST(18016 AS Numeric(18, 0)), 1, NULL)
INSERT SALESTRANSACTION (TRANID, TRANDATE, TRANTIME, CUSTOMERID, VEHICLEID, PRICE, QUANTITY, AMOUNT, BRANCHID, STAFFID, STATUSID, STATUSREASON) VALUES (CAST(586 AS Numeric(18, 0)), CAST(0x6B430B00 AS Date), CAST(0x0700587660670000 AS Time), CAST(20053 AS Numeric(18, 0)), 160, CAST(60000.00 AS Decimal(18, 2)), 1, CAST(60000.00 AS Decimal(18, 2)), 1, CAST(18012 AS Numeric(18, 0)), 1, NULL)
INSERT SALESTRANSACTION (TRANID, TRANDATE, TRANTIME, CUSTOMERID, VEHICLEID, PRICE, QUANTITY, AMOUNT, BRANCHID, STAFFID, STATUSID, STATUSREASON) VALUES (CAST(587 AS Numeric(18, 0)), CAST(0x6B430B00 AS Date), CAST(0x0700587660670000 AS Time), CAST(20041 AS Numeric(18, 0)), 148, CAST(130000.00 AS Decimal(18, 2)), 1, CAST(130000.00 AS Decimal(18, 2)), 1, CAST(18019 AS Numeric(18, 0)), 1, NULL)
INSERT SALESTRANSACTION (TRANID, TRANDATE, TRANTIME, CUSTOMERID, VEHICLEID, PRICE, QUANTITY, AMOUNT, BRANCHID, STAFFID, STATUSID, STATUSREASON) VALUES (CAST(588 AS Numeric(18, 0)), CAST(0x6B430B00 AS Date), CAST(0x070090C385800000 AS Time), CAST(20062 AS Numeric(18, 0)), 166, CAST(70000.00 AS Decimal(18, 2)), 1, CAST(70000.00 AS Decimal(18, 2)), 1, CAST(18010 AS Numeric(18, 0)), 1, NULL)
INSERT SALESTRANSACTION (TRANID, TRANDATE, TRANTIME, CUSTOMERID, VEHICLEID, PRICE, QUANTITY, AMOUNT, BRANCHID, STAFFID, STATUSID, STATUSREASON) VALUES (CAST(589 AS Numeric(18, 0)), CAST(0x6B430B00 AS Date), CAST(0x0700F887E7880000 AS Time), CAST(20042 AS Numeric(18, 0)), 147, CAST(60000.00 AS Decimal(18, 2)), 1, CAST(60000.00 AS Decimal(18, 2)), 1, CAST(18014 AS Numeric(18, 0)), 1, NULL)
INSERT SALESTRANSACTION (TRANID, TRANDATE, TRANTIME, CUSTOMERID, VEHICLEID, PRICE, QUANTITY, AMOUNT, BRANCHID, STAFFID, STATUSID, STATUSREASON) VALUES (CAST(590 AS Numeric(18, 0)), CAST(0x6C430B00 AS Date), CAST(0x0700587660670000 AS Time), CAST(20077 AS Numeric(18, 0)), 178, CAST(60000.00 AS Decimal(18, 2)), 1, CAST(60000.00 AS Decimal(18, 2)), 5, CAST(18019 AS Numeric(18, 0)), 1, NULL)
INSERT SALESTRANSACTION (TRANID, TRANDATE, TRANTIME, CUSTOMERID, VEHICLEID, PRICE, QUANTITY, AMOUNT, BRANCHID, STAFFID, STATUSID, STATUSREASON) VALUES (CAST(591 AS Numeric(18, 0)), CAST(0x6C430B00 AS Date), CAST(0x0700C03AC26F0000 AS Time), CAST(20052 AS Numeric(18, 0)), 159, CAST(60000.00 AS Decimal(18, 2)), 1, CAST(60000.00 AS Decimal(18, 2)), 1, CAST(20004 AS Numeric(18, 0)), 1, NULL)
INSERT SALESTRANSACTION (TRANID, TRANDATE, TRANTIME, CUSTOMERID, VEHICLEID, PRICE, QUANTITY, AMOUNT, BRANCHID, STAFFID, STATUSID, STATUSREASON) VALUES (CAST(592 AS Numeric(18, 0)), CAST(0x6D430B00 AS Date), CAST(0x0700F0B1FE5E0000 AS Time), CAST(20047 AS Numeric(18, 0)), 154, CAST(60000.00 AS Decimal(18, 2)), 1, CAST(60000.00 AS Decimal(18, 2)), 6, CAST(18019 AS Numeric(18, 0)), 1, NULL)
INSERT SALESTRANSACTION (TRANID, TRANDATE, TRANTIME, CUSTOMERID, VEHICLEID, PRICE, QUANTITY, AMOUNT, BRANCHID, STAFFID, STATUSID, STATUSREASON) VALUES (CAST(593 AS Numeric(18, 0)), CAST(0x76430B00 AS Date), CAST(0x070028FF23780000 AS Time), CAST(20069 AS Numeric(18, 0)), 173, CAST(100000.00 AS Decimal(18, 2)), 1, CAST(100000.00 AS Decimal(18, 2)), 6, CAST(18014 AS Numeric(18, 0)), 1, NULL)
INSERT SALESTRANSACTION (TRANID, TRANDATE, TRANTIME, CUSTOMERID, VEHICLEID, PRICE, QUANTITY, AMOUNT, BRANCHID, STAFFID, STATUSID, STATUSREASON) VALUES (CAST(594 AS Numeric(18, 0)), CAST(0x8A430B00 AS Date), CAST(0x0700F0B1FE5E0000 AS Time), CAST(20041 AS Numeric(18, 0)), 148, CAST(130000.00 AS Decimal(18, 2)), 1, CAST(130000.00 AS Decimal(18, 2)), 1, CAST(18019 AS Numeric(18, 0)), 1, NULL)
INSERT SALESTRANSACTION (TRANID, TRANDATE, TRANTIME, CUSTOMERID, VEHICLEID, PRICE, QUANTITY, AMOUNT, BRANCHID, STAFFID, STATUSID, STATUSREASON) VALUES (CAST(595 AS Numeric(18, 0)), CAST(0x8A430B00 AS Date), CAST(0x0700C03AC26F0000 AS Time), CAST(20053 AS Numeric(18, 0)), 160, CAST(60000.00 AS Decimal(18, 2)), 1, CAST(60000.00 AS Decimal(18, 2)), 1, CAST(18012 AS Numeric(18, 0)), 1, NULL)
INSERT SALESTRANSACTION (TRANID, TRANDATE, TRANTIME, CUSTOMERID, VEHICLEID, PRICE, QUANTITY, AMOUNT, BRANCHID, STAFFID, STATUSID, STATUSREASON) VALUES (CAST(596 AS Numeric(18, 0)), CAST(0x8B430B00 AS Date), CAST(0x0700C03AC26F0000 AS Time), CAST(20062 AS Numeric(18, 0)), 166, CAST(70000.00 AS Decimal(18, 2)), 1, CAST(70000.00 AS Decimal(18, 2)), 1, CAST(18010 AS Numeric(18, 0)), 1, NULL)
INSERT SALESTRANSACTION (TRANID, TRANDATE, TRANTIME, CUSTOMERID, VEHICLEID, PRICE, QUANTITY, AMOUNT, BRANCHID, STAFFID, STATUSID, STATUSREASON) VALUES (CAST(597 AS Numeric(18, 0)), CAST(0x8C430B00 AS Date), CAST(0x070028FF23780000 AS Time), CAST(20042 AS Numeric(18, 0)), 147, CAST(60000.00 AS Decimal(18, 2)), 1, CAST(60000.00 AS Decimal(18, 2)), 1, CAST(18014 AS Numeric(18, 0)), 1, NULL)
INSERT SALESTRANSACTION (TRANID, TRANDATE, TRANTIME, CUSTOMERID, VEHICLEID, PRICE, QUANTITY, AMOUNT, BRANCHID, STAFFID, STATUSID, STATUSREASON) VALUES (CAST(598 AS Numeric(18, 0)), CAST(0x8D430B00 AS Date), CAST(0x070028FF23780000 AS Time), CAST(20077 AS Numeric(18, 0)), 178, CAST(60000.00 AS Decimal(18, 2)), 1, CAST(60000.00 AS Decimal(18, 2)), 5, CAST(18019 AS Numeric(18, 0)), 1, NULL)
INSERT SALESTRANSACTION (TRANID, TRANDATE, TRANTIME, CUSTOMERID, VEHICLEID, PRICE, QUANTITY, AMOUNT, BRANCHID, STAFFID, STATUSID, STATUSREASON) VALUES (CAST(599 AS Numeric(18, 0)), CAST(0xA7430B00 AS Date), CAST(0x0700F887E7880000 AS Time), CAST(20069 AS Numeric(18, 0)), 173, CAST(100000.00 AS Decimal(18, 2)), 1, CAST(100000.00 AS Decimal(18, 2)), 6, CAST(18014 AS Numeric(18, 0)), 1, NULL)
INSERT SALESTRANSACTION (TRANID, TRANDATE, TRANTIME, CUSTOMERID, VEHICLEID, PRICE, QUANTITY, AMOUNT, BRANCHID, STAFFID, STATUSID, STATUSREASON) VALUES (CAST(600 AS Numeric(18, 0)), CAST(0xA8430B00 AS Date), CAST(0x0700F0B1FE5E0000 AS Time), CAST(20041 AS Numeric(18, 0)), 148, CAST(130000.00 AS Decimal(18, 2)), 1, CAST(130000.00 AS Decimal(18, 2)), 1, CAST(18019 AS Numeric(18, 0)), 1, NULL)
GO

/****** END SCRIPT    Script Date: 03/15/2022 11:13:15 ******/

